lemma	pos	attributes
Abana	NOUN	-
Abaza	ADJ	-
Abaza	NOUN	-
Abazaca	ADJ	-
Abazaca	NOUN	-
Abbas	NOUN	-
Abdal	NOUN	-
Abhaz	NOUN	-
Abhazca	NOUN	-
Aborjin	NOUN	-
Abu Dabi	NOUN	-
Abuja	NOUN	-
Ac	NOUN	-
Acar	NOUN	-
Acara	NOUN	-
Acem	NOUN	-
Acemce	ADJ	-
Acemce	NOUN	-
Acemleş	VERB	-
Acemleştir	VERB	-
Acemleştiril	VERB	-
Acemleştirilme	NOUN	-
Acıgöl	NOUN	-
Acıpayam	NOUN	-
Adalar	NOUN	-
Adana	NOUN	-
Adapazarı	NOUN	-
Addis Ababa	NOUN	-
Adilcevaz	NOUN	-
Adıyaman	NOUN	-
Afgan	NOUN	-
Afganistan	NOUN	-
Afrika	NOUN	-
Afyon	NOUN	-
Afyonkarahisar	NOUN	-
Afşar	NOUN	-
Afşin	NOUN	-
Ag	NOUN	-
Agop	NOUN	-
Ahfeş	NOUN	-
Ahi	NOUN	-
Ahlat	NOUN	-
Akdağmadeni	NOUN	-
Akdeniz	NOUN	-
Akhisar	NOUN	-
Akkuş	NOUN	-
Akköy	NOUN	-
Akkışla	NOUN	-
Akpınar	NOUN	-
Akra	NOUN	-
Akrep	NOUN	-
Aksaray	NOUN	-
Akseki	NOUN	-
Aksu	NOUN	-
Akyaka	NOUN	-
Akyazı	NOUN	-
Akyurt	NOUN	-
Akçaabat	NOUN	-
Akçadağ	NOUN	-
Akçakale	NOUN	-
Akçakent	NOUN	-
Akçakoca	NOUN	-
Akören	NOUN	-
Akıncılar	NOUN	-
Akşehir	NOUN	-
Al	NOUN	-
Alaca	NOUN	-
Alacakaya	NOUN	-
Aladağ	NOUN	-
Alanya	NOUN	-
Alaçam	NOUN	-
Alaşehir	NOUN	-
Alevi	NOUN	-
Ali	NOUN	-
Aliağa	NOUN	-
Allah	NOUN	-
Allah!	NOUN	-
Allahualem	INTERJ	-
Allahualem	NOUN	-
Allahutaala	NOUN	-
Alman	NOUN	-
Almanca	ADJ	-
Almanca	NOUN	-
Almanlaş	VERB	-
Almanlaştır	VERB	-
Almansever	ADJ	-
Almanya	NOUN	-
Almus	NOUN	-
Alpu	NOUN	-
Altay	NOUN	-
Altayca	NOUN	-
Altayist	NOUN	-
Altayistik	NOUN	VOICING
Altunhisar	NOUN	-
Altıeylül	NOUN	-
Altıkardeş	NOUN	-
Altındağ	NOUN	-
Altınekin	NOUN	-
Altınordu	NOUN	-
Altınova	NOUN	-
Altıntaş	NOUN	-
Altınyayla	NOUN	-
Altınözü	NOUN	-
Alucra	NOUN	-
Am	NOUN	-
Amasra	NOUN	-
Amasya	NOUN	-
Amazonlar	NOUN	-
Amentü	NOUN	-
Amerika	NOUN	-
Amerikalılaş	VERB	-
Amerikan	ADJ	-
Amerikan	NOUN	-
Amerikanca	ADJ	-
Amerikanca	NOUN	-
Amerikanist	NOUN	-
Amerikanizm	NOUN	-
Amerikanvari	ADJ	-
Amman	NOUN	-
Amme	NOUN	-
Amsterdam	NOUN	-
Anadolu	NOUN	-
Anamur	NOUN	-
Andırın	NOUN	-
Anglikan	NOUN	-
Anglikanizm	NOUN	-
Anglofil	ADJ	-
Anglosakson	ADJ	-
Anglosakson	NOUN	-
Anka	NOUN	-
Ankara	NOUN	-
Antakya	NOUN	-
Antalya	NOUN	-
Antarktika	NOUN	-
Antep	NOUN	-
Anzak	NOUN	-
Anıtkabir	NOUN	-
Ar	NOUN	-
Araban	NOUN	-
Arabi	ADJ	-
Arabi	NOUN	-
Arabist	NOUN	-
Arabistik	NOUN	VOICING
Arabizasyon	NOUN	-
Arafat	NOUN	-
Aramca	NOUN	-
Arami	NOUN	-
Aramice	ADJ	-
Aramice	NOUN	-
Arap	ADJ	-
Arap	NOUN	-
Arapgir	NOUN	-
Araplaş	VERB	-
Araplaştır	VERB	-
Arapça	ADJ	-
Arapça	NOUN	-
Arapçalaştır	VERB	-
Araç	NOUN	-
Ardahan	NOUN	-
Ardanuç	NOUN	-
Ardeşen	NOUN	-
Arguvan	NOUN	-
Arhavi	NOUN	-
Ari	NOUN	-
Arifiye	NOUN	-
Aristotelesçi	ADJ	-
Arjantin	NOUN	-
Arktika	NOUN	-
Arnavut	NOUN	-
Arnavutköy	NOUN	-
Arnavutlaş	VERB	-
Arnavutlaştır	VERB	-
Arnavutluk	NOUN	-
Arnavutça	ADJ	-
Arnavutça	NOUN	-
Arpaçay	NOUN	-
Arsin	NOUN	-
Artova	NOUN	-
Artvin	NOUN	-
Aryanist	NOUN	-
Aryanizm	NOUN	-
Arıcak	NOUN	-
Arıkovanı	NOUN	-
As	NOUN	-
Asarcık	NOUN	-
Asena	NOUN	-
Ashabıkehf	NOUN	-
Aslan	NOUN	-
Aslanapa	NOUN	-
Asurca	ADJ	-
Asurca	NOUN	-
Asya	NOUN	-
At	NOUN	-
Atabey	NOUN	-
Atakum	NOUN	-
Atatürk	NOUN	-
Atatürkçü	ADJ	-
Ataşehir	NOUN	-
Atina	NOUN	-
Atkaracalar	NOUN	-
Au	NOUN	-
Avanos	NOUN	-
Avar	NOUN	-
Avarca	ADJ	-
Avarca	NOUN	-
Avcılar	NOUN	-
Avrasya	NOUN	-
Avrupa	NOUN	-
Avrupai	ADJ	-
Avrupalılaş	VERB	-
Avrupalılaştır	VERB	-
Avustralya	NOUN	-
Avusturya	NOUN	-
Avşar	NOUN	-
Ay	NOUN	-
Ayancık	NOUN	-
Ayaş	NOUN	-
Aybastı	NOUN	-
Aydın	NOUN	-
Aydıncık	NOUN	-
Aydınlar	NOUN	-
Aydıntepe	NOUN	-
Ayvacık	NOUN	-
Az	NOUN	-
Azdavay	NOUN	-
Azerbaycan	NOUN	-
Azeri	NOUN	-
Azerice	NOUN	-
Aziziye	NOUN	-
Azrail	NOUN	-
Ağaçören	NOUN	-
Ağlasun	NOUN	-
Ağrı	NOUN	-
Ağın	NOUN	-
Aşkale	NOUN	-
Ba	NOUN	-
Babadağ	NOUN	-
Babaeski	NOUN	-
Babagân	NOUN	-
Babai	NOUN	-
Babalar	NOUN	-
Babayan	NOUN	-
Babi	NOUN	-
Bafra	NOUN	-
Bahai	NOUN	-
Bahreyn	NOUN	-
Bahçe	NOUN	-
Bahçelievler	NOUN	-
Bahçesaray	NOUN	-
Baklan	NOUN	-
Bakü	NOUN	-
Bakırköy	NOUN	-
Balkanlar	NOUN	-
Balkanolog	NOUN	-
Balkanoloji	NOUN	-
Balkar	NOUN	-
Balkarca	NOUN	-
Baltık	NOUN	-
Balya	NOUN	-
Balâ	NOUN	-
Balçova	NOUN	-
Balıkesir	NOUN	-
Balışeyh	NOUN	-
Banaz	NOUN	-
Bandırma	NOUN	-
Bangkok	NOUN	-
Bangladeş	NOUN	-
Barak	NOUN	-
Bartın	NOUN	-
Baskil	NOUN	-
Baskça	ADJ	-
Baskça	NOUN	-
Batman	NOUN	-
Battalgazi	NOUN	-
Batı	ADJ	-
Batı	NOUN	-
Batılıca	ADJ	-
Batılılaş	VERB	-
Batılılaşabil	VERB	-
Batılılaşabilme	NOUN	-
Batılılaştır	VERB	-
Batılılaştırıl	VERB	-
Batılılaştırılma	NOUN	-
Bayat	NOUN	-
Bayburt	NOUN	-
Baykan	NOUN	-
Bayrami	NOUN	-
Bayramiç	NOUN	-
Bayrampaşa	NOUN	-
Bayramören	NOUN	-
Bayındır	NOUN	-
Bağcılar	NOUN	-
Bağdat	NOUN	-
Bağlar	NOUN	-
Başak	NOUN	-
Başakşehir	NOUN	-
Başiskele	NOUN	-
Başkale	NOUN	-
Başkurt	NOUN	-
Başkurtça	NOUN	-
Başmakçı	NOUN	-
Başyayla	NOUN	-
Be	NOUN	-
Beberuhi	NOUN	-
Bedevi	NOUN	-
Bektaşi	NOUN	-
Belarus	NOUN	-
Belen	NOUN	-
Belgrad	NOUN	-
Belçika	NOUN	-
Berberi	NOUN	-
Berberice	ADJ	-
Berberice	NOUN	-
Bergama	NOUN	-
Berlin	NOUN	-
Bern	NOUN	-
Besni	NOUN	-
Beyağaç	NOUN	-
Beydağ	NOUN	-
Beykoz	NOUN	-
Beylikdüzü	NOUN	-
Beylikova	NOUN	-
Beypazarı	NOUN	-
Beyrut	NOUN	-
Beytüşşebap	NOUN	-
Beyşehir	NOUN	-
Beçene	NOUN	-
Beşikdüzü	NOUN	-
Beşiktaş	NOUN	-
Beşiri	NOUN	-
Bh	NOUN	-
Bi	NOUN	-
Biga	NOUN	-
Bigadiç	NOUN	-
Bilecik	NOUN	-
Bingöl	NOUN	-
Birecik	NOUN	-
Birmanca	ADJ	-
Birmanca	NOUN	-
Bismil	NOUN	-
Bitlis	NOUN	-
Bizans	NOUN	-
Bk	NOUN	-
Bodrum	NOUN	-
Bogota	NOUN	-
Bolivya	NOUN	-
Bolvadin	NOUN	-
Bolşevik	NOUN	VOICING
Bolşevizm	NOUN	-
Bor	NOUN	-
Bornova	NOUN	-
Borçka	NOUN	-
Bosna-Hersek	NOUN	-
Boyabat	NOUN	-
Bozcaada	NOUN	-
Bozdoğan	NOUN	-
Bozkurt	NOUN	-
Bozkır	NOUN	-
Bozova	NOUN	-
Boztepe	NOUN	-
Bozyazı	NOUN	-
Bozüyük	NOUN	-
Boğa	NOUN	-
Boğazkale	NOUN	-
Boğazlıyan	NOUN	-
Boşnak	NOUN	-
Boşnakça	ADJ	-
Boşnakça	NOUN	-
Br	NOUN	-
Brahman	NOUN	-
Brahmanizm	NOUN	-
Bratislava	NOUN	-
Brezilya	NOUN	-
Britanya	NOUN	-
Brüksel	NOUN	-
Buca	NOUN	-
Bucak	NOUN	-
Budapeşte	NOUN	-
Budist	NOUN	-
Budizm	NOUN	-
Buenos Aires	NOUN	-
Buharkent	NOUN	-
Bulancak	NOUN	-
Bulanık	NOUN	-
Buldan	NOUN	-
Bulgar	NOUN	-
Bulgarca	ADJ	-
Bulgarca	NOUN	-
Bulgaristan	NOUN	-
Burak	NOUN	-
Burdur	NOUN	-
Burhaniye	NOUN	-
Bursa	NOUN	-
Bâtıni	NOUN	-
Bâtıniye	NOUN	-
Bügdüz	NOUN	-
Bükreş	NOUN	-
Bünyan	NOUN	-
Büyükayı	NOUN	-
Büyükorhan	NOUN	-
Büyükçekmece	NOUN	-
Ca	NOUN	-
Caferi	NOUN	-
Cakarta	NOUN	-
Canik	NOUN	-
Cb	NOUN	-
Cd	NOUN	-
Ce	NOUN	-
Cebbar	NOUN	-
Cebrail	NOUN	-
Cedi	NOUN	-
Cenabıallah	NOUN	-
Cenabıhak	NOUN	-
Cenubi	ADJ	-
Cenubi	NOUN	-
Cenup	NOUN	VOICING
Cermen	NOUN	-
Cermence	ADJ	-
Cermence	NOUN	-
Cevza	NOUN	-
Ceyhan	NOUN	-
Ceylânpınar	NOUN	-
Cezayir	NOUN	-
Cf	NOUN	-
Cide	NOUN	-
Cizre	NOUN	-
Cl	NOUN	-
Cm	NOUN	-
Co	NOUN	-
Cr	NOUN	-
Cs	NOUN	-
Cu	NOUN	-
Cumayeri	NOUN	-
Dadaist	ADJ	-
Dadaizm	NOUN	-
Daday	NOUN	-
Dakar	NOUN	-
Dalaman	NOUN	-
Damal	NOUN	-
Danca	ADJ	-
Danca	NOUN	-
Danimarka	NOUN	-
Darende	NOUN	-
Dargeçit	NOUN	-
Darıca	NOUN	-
Datça	NOUN	-
Dazkırı	NOUN	-
Db	NOUN	-
Deccal	NOUN	-
Defne	NOUN	-
Dekartçı	ADJ	-
Dekartçı	NOUN	-
Delice	NOUN	-
Demirkazık	NOUN	-
Demirköy	NOUN	-
Demirperde	NOUN	-
Demirözü	NOUN	-
Demokles	NOUN	-
Demre	NOUN	-
Derbent	NOUN	-
Derebucak	NOUN	-
Derecik	NOUN	-
Derepazarı	NOUN	-
Derik	NOUN	-
Derince	NOUN	-
Derinkuyu	NOUN	-
Dernekpazarı	NOUN	-
Devrek	NOUN	-
Devrekâni	NOUN	-
Dicle	NOUN	-
Didim	NOUN	-
Digor	NOUN	-
Dikmen	NOUN	-
Dilovası	NOUN	-
Dimyat	NOUN	-
Dinar	NOUN	-
Dingo	NOUN	-
Divanhane	NOUN	-
Divanıhümayun	NOUN	-
Divriği	NOUN	-
Diyadin	NOUN	-
Diyarbakır	NOUN	-
Dodoma	NOUN	-
Dodurga	NOUN	-
Doha	NOUN	-
Dolgan	NOUN	-
Dolganca	NOUN	-
Domaniç	NOUN	-
Doğanhisar	NOUN	-
Doğankent	NOUN	-
Doğanyol	NOUN	-
Doğanyurt	NOUN	-
Doğanşar	NOUN	-
Doğanşehir	NOUN	-
Doğu	ADJ	-
Doğu	NOUN	-
Doğubayazıt	NOUN	-
Doğuluca	ADJ	-
Doğululaş	VERB	-
Doğululaştır	VERB	-
Ds	NOUN	-
Dublin	NOUN	-
Duma	NOUN	-
Dumlupınar	NOUN	-
Durağan	NOUN	-
Dursunbey	NOUN	-
Dy	NOUN	-
Döger	NOUN	-
Dörtdivan	NOUN	-
Dörtyol	NOUN	-
Döşemealtı	NOUN	-
Dübbüasgar	NOUN	-
Dübbüekber	NOUN	-
Düldül	NOUN	-
Dünya	NOUN	-
Dürzi	NOUN	-
Düzce	NOUN	-
Düziçi	NOUN	-
Düzköy	NOUN	-
Ebussuut	NOUN	-
Eceabat	NOUN	-
Edi	NOUN	-
Edirne	NOUN	-
Edirnekâri	NOUN	-
Edremit	NOUN	-
Efeler	NOUN	-
Eflâni	NOUN	-
Ekinözü	NOUN	-
Ekvador	NOUN	-
Ekvator	NOUN	-
Ekvatoral	ADJ	-
Elbistan	NOUN	-
Eldivan	NOUN	-
Eleşkirt	NOUN	-
Elmadağ	NOUN	-
Elâzığ	NOUN	-
Emet	NOUN	-
Eminönü	NOUN	-
Emirdağ	NOUN	-
Emirgazi	NOUN	-
Enam	NOUN	-
Endonezya	NOUN	-
Enez	NOUN	-
Epikurosçu	ADJ	-
Er	NOUN	-
Erbaa	NOUN	-
Erciş	NOUN	-
Erdek	NOUN	-
Erendiz	NOUN	-
Erenler	NOUN	-
Erfelek	NOUN	-
Ergani	NOUN	-
Ergene	NOUN	-
Erivan	NOUN	-
Ermenek	NOUN	-
Ermeni	NOUN	-
Ermenice	ADJ	-
Ermenice	NOUN	-
Ermenistan	NOUN	-
Eros	NOUN	-
Eruh	NOUN	-
Erzin	NOUN	-
Erzincan	NOUN	-
Erzurum	NOUN	-
Es	NOUN	-
Esenler	NOUN	-
Esenyurt	NOUN	-
Eskil	NOUN	-
Eskimo	NOUN	-
Eskimoca	ADJ	-
Eskimoca	NOUN	-
Eskipazar	NOUN	-
Eskişehir	NOUN	-
Esperanto	NOUN	-
Espiye	NOUN	-
Estonya	NOUN	-
Eti	NOUN	-
Etimesgut	NOUN	-
Etiyopya	NOUN	-
Eu	NOUN	-
Evciler	NOUN	-
Evren	NOUN	-
Eynesil	NOUN	-
Eyyübiye	NOUN	-
Eyüpsultan	NOUN	-
Ezine	NOUN	-
Eğil	NOUN	-
Eğirdir	NOUN	-
Eğmür	NOUN	-
Eşme	NOUN	-
Farisi	NOUN	-
Fars	NOUN	-
Farslaş	VERB	-
Farslaştır	VERB	-
Farslaştırıl	VERB	-
Farslaştırılma	NOUN	-
Farsça	ADJ	-
Farsça	NOUN	-
Fas	NOUN	-
Fatih	NOUN	-
Fatiha	NOUN	-
Fatsa	NOUN	-
Fe	NOUN	-
Feke	NOUN	-
Felemenk	NOUN	-
Felemenkçe	ADJ	-
Felemenkçe	NOUN	-
Felâhiye	NOUN	-
Fethiye	NOUN	-
Filipince	NOUN	-
Filipinler	NOUN	-
Fin	NOUN	-
Fince	ADJ	-
Fince	NOUN	-
Finike	NOUN	-
Finlandiya	NOUN	-
Flaman	NOUN	-
Flamanca	ADJ	-
Flamanca	NOUN	-
Flamenko	NOUN	-
Fm	NOUN	-
Foça	NOUN	-
Fr	NOUN	-
Frankofon	NOUN	-
Fransa	NOUN	-
Fransız	NOUN	-
Fransızca	ADJ	-
Fransızca	NOUN	-
Fransızlaş	VERB	-
Fransızlaştır	VERB	-
Frenk	NOUN	VOICING
Frenkleş	VERB	-
Frenkleştir	VERB	-
Frenkçe	ADJ	-
Frenkçe	NOUN	-
Fürs	NOUN	-
Ga	NOUN	-
Gagavuz	NOUN	-
Gagavuzca	NOUN	-
Gana	NOUN	-
Garbi	ADJ	-
Garbi	NOUN	-
Garp	NOUN	-
Garpkâri	ADJ	-
Garplılaş	VERB	-
Garplılaştır	VERB	-
Garplılaştırıl	VERB	-
Garplılaştırılma	NOUN	-
Garpçı	ADJ	-
Gayya	NOUN	-
Gaziantep	NOUN	-
Gaziemir	NOUN	-
Gaziosmanpaşa	NOUN	-
Gazipaşa	NOUN	-
Gd	NOUN	-
Ge	NOUN	-
Gebze	NOUN	-
Gediz	NOUN	-
Gelendost	NOUN	-
Gemerek	NOUN	-
Genç	NOUN	-
Gercüş	NOUN	-
Gerede	NOUN	-
Gerger	NOUN	-
Germanist	NOUN	-
Germanistik	NOUN	VOICING
Germanofil	ADJ	-
Germen	NOUN	-
Germencik	NOUN	-
Gerze	NOUN	-
Gevaş	NOUN	-
Geyve	NOUN	-
Giresun	NOUN	-
Gotik	ADJ	-
Gotik	NOUN	-
Gotlar	NOUN	-
Gotça	ADJ	-
Gotça	NOUN	-
Grek	NOUN	-
Grekçe	ADJ	-
Grekçe	NOUN	-
Guatemala	NOUN	-
Göksun	NOUN	-
Göktürk	NOUN	-
Göktürkçe	NOUN	-
Gökçeada	NOUN	-
Gökçebey	NOUN	-
Gölbaşı	NOUN	-
Gölcük	NOUN	-
Göle	NOUN	-
Gölhisar	NOUN	-
Gölköy	NOUN	-
Gölmarmara	NOUN	-
Gölova	NOUN	-
Gölpazarı	NOUN	-
Gölyaka	NOUN	-
Gömeç	NOUN	-
Gönen	NOUN	-
Gördes	NOUN	-
Görele	NOUN	-
Göynücek	NOUN	-
Göynük	NOUN	-
Güce	NOUN	-
Güdül	NOUN	-
Gülağaç	NOUN	-
Gülnar	NOUN	-
Gülşehir	NOUN	-
Gümüşhacıköy	NOUN	-
Gümüşhane	NOUN	-
Gümüşova	NOUN	-
Gündoğmuş	NOUN	-
Güney	ADJ	-
Güney	NOUN	-
Güney Afrika	NOUN	-
Güneybalığı	NOUN	-
Güneysu	NOUN	-
Güneysınır	NOUN	-
Güneş	NOUN	-
Güngören	NOUN	-
Günyüzü	NOUN	-
Gürcistan	NOUN	-
Gürcüce	ADJ	-
Gürcüce	NOUN	-
Gürgentepe	NOUN	-
Güroy	VERB	-
Gürpınar	NOUN	-
Gürsu	NOUN	-
Gürün	NOUN	-
Güzelbahçe	NOUN	-
Güzelyurt	NOUN	-
Güçlükonak	NOUN	-
Ha	NOUN	-
Habeş	NOUN	-
Habeşî	NOUN	-
Hacivat	NOUN	-
Hacıbektaş	NOUN	-
Hacılar	NOUN	-
Hadim	NOUN	-
Hafik	NOUN	-
Hak	NOUN	-
Hakas	NOUN	-
Hakasça	NOUN	-
Hakkâri	NOUN	-
Halaç	NOUN	-
Halaçça	NOUN	-
Halfeti	NOUN	-
Haliliye	NOUN	-
Halkapınar	NOUN	-
Halveti	NOUN	-
Hamamözü	NOUN	-
Hamel	NOUN	-
Hamur	NOUN	-
Han	NOUN	-
Hanak	NOUN	-
Hanefi	NOUN	-
Hani	NOUN	-
Hanoi	NOUN	-
Hanya	NOUN	-
Hanönü	NOUN	-
Harare	NOUN	-
Haremeyn	NOUN	-
Harezmce	NOUN	-
Harmancık	NOUN	-
Harran	NOUN	-
Hartum	NOUN	-
Hasankeyf	NOUN	-
Hasköy	NOUN	-
Hassa	NOUN	-
Hatay	NOUN	-
Havana	NOUN	-
Havran	NOUN	-
Havsa	NOUN	-
Havva	NOUN	-
Havza	NOUN	-
Haymana	NOUN	-
Hayrat	NOUN	-
Hayta	NOUN	-
Hazar	NOUN	-
Hazarca	NOUN	-
Hazro	NOUN	-
Haçlılar	NOUN	-
He	NOUN	-
Hekimhan	NOUN	-
Helen	NOUN	-
Helenist	ADJ	-
Helenist	NOUN	-
Helenistik	ADJ	-
Helenistik	NOUN	-
Helenizm	NOUN	-
Helsinki	NOUN	-
Hemşin	NOUN	-
Hendek	NOUN	-
Hf	NOUN	-
Hg	NOUN	-
Hilvan	NOUN	-
Hindistan	NOUN	-
Hindolog	NOUN	-
Hindoloji	NOUN	-
Hindolojik	ADJ	-
Hindu	NOUN	-
Hinduizm	NOUN	-
Hint	NOUN	-
Hintçe	ADJ	-
Hintçe	NOUN	-
Hisarcık	NOUN	-
Hitit	NOUN	-
Hititolog	NOUN	-
Hititoloji	NOUN	-
Hititçe	ADJ	-
Hititçe	NOUN	-
Hizan	NOUN	-
Ho	NOUN	-
Hocalar	NOUN	-
Hollanda	NOUN	-
Hollandaca	ADJ	-
Hollandaca	NOUN	-
Honaz	NOUN	-
Hopa	NOUN	-
Horasan	NOUN	-
Horasanca	NOUN	-
Hotanto	NOUN	-
Hozat	NOUN	-
Hristiyan	NOUN	-
Hristiyanlaş	VERB	-
Hristiyanlaştır	VERB	-
Hs	NOUN	-
Hu	NOUN	-
Hurufi	NOUN	-
Hüda	NOUN	-
Hüma	NOUN	-
Hüyük	NOUN	-
Hıdırellez	NOUN	-
Hınıs	NOUN	-
Hırvat	NOUN	-
Hırvatistan	NOUN	-
Hırvatça	ADJ	-
Hırvatça	NOUN	-
Hızır	NOUN	-
Ilgaz	NOUN	-
Ilgın	NOUN	-
Ilıca	NOUN	-
In	NOUN	-
Ir	NOUN	-
Irak	NOUN	-
Isparta	NOUN	-
Iğdır	NOUN	-
Japon	NOUN	-
Japonca	ADJ	-
Japonca	NOUN	-
Japonya	NOUN	-
Jüpiter	NOUN	-
Kabadüz	NOUN	-
Kabataş	NOUN	-
Kabil	NOUN	-
Kadiri	NOUN	-
Kadiriye	NOUN	-
Kadıköy	NOUN	-
Kadınhanı	NOUN	-
Kadışehri	NOUN	-
Kafdağı	NOUN	-
Kahire	NOUN	-
Kahramankazan	NOUN	-
Kahramanmaraş	NOUN	-
Kale	NOUN	-
Kalecik	NOUN	-
Kalenderiye	NOUN	-
Kalkandere	NOUN	-
Kalvenizm	NOUN	-
Kaman	NOUN	-
Kampala	NOUN	-
Kanada	NOUN	-
Kanberra	NOUN	-
Kandıra	NOUN	-
Kangal	NOUN	-
Kantçı	ADJ	-
Karabağlar	NOUN	-
Karaburun	NOUN	-
Karabük	NOUN	-
Karacabey	NOUN	-
Karacasu	NOUN	-
Karadağ	NOUN	-
Karadeniz	NOUN	-
Karagöz	NOUN	-
Karahanlıca	NOUN	-
Karaim	NOUN	-
Karaimce	NOUN	-
Karakalpak	NOUN	-
Karakalpakça	NOUN	-
Karakoçan	NOUN	-
Karaköprü	NOUN	-
Karaman	NOUN	-
Karamanlıca	NOUN	-
Karamürsel	NOUN	-
Karapapak	NOUN	-
Karapapakça	NOUN	-
Karapürçek	NOUN	-
Karapınar	NOUN	-
Karasu	NOUN	-
Karatay	NOUN	-
Karataş	NOUN	-
Karay	NOUN	-
Karayazı	NOUN	-
Karayca	NOUN	-
Karaçay	NOUN	-
Karaçayca	NOUN	-
Karaçoban	NOUN	-
Karesi	NOUN	-
Kargı	NOUN	-
Kargın	NOUN	-
Karkamış	NOUN	-
Karlıova	NOUN	-
Kars	NOUN	-
Kartal	NOUN	-
Kartepe	NOUN	-
Kartezyen	ADJ	-
Kartezyenizm	NOUN	-
Karun	NOUN	-
Karşıyaka	NOUN	-
Kastamonu	NOUN	-
Katalanca	ADJ	-
Katalanca	NOUN	-
Katar	NOUN	-
Katolik	NOUN	-
Kavak	NOUN	-
Kavaklıdere	NOUN	-
Kayapınar	NOUN	-
Kaynarca	NOUN	-
Kayseri	NOUN	-
Kayı	NOUN	-
Kazak	NOUN	-
Kazakistan	NOUN	-
Kazakça	NOUN	-
Kazan	NOUN	-
Kağızman	NOUN	-
Kaş	NOUN	-
Keban	NOUN	-
Kehkeşan	NOUN	-
Keles	NOUN	-
Kelkit	NOUN	-
Keloğlan	NOUN	-
Kelt	NOUN	-
Kemah	NOUN	-
Kemalist	ADJ	-
Kemaliye	NOUN	-
Kemalizm	NOUN	-
Kemalpaşa	NOUN	-
Kemer	NOUN	-
Kenya	NOUN	-
Kepez	NOUN	-
Kepsut	NOUN	-
Kervankıran	NOUN	-
Keskin	NOUN	-
Kestel	NOUN	-
Kevser	NOUN	-
Keçiören	NOUN	-
Keşan	NOUN	-
Keşap	NOUN	-
Kiev	NOUN	-
Kilis	NOUN	-
Kiraz	NOUN	-
Kiril	NOUN	-
Kiğı	NOUN	-
Kişinev	NOUN	-
Kocaköy	NOUN	-
Kocasinan	NOUN	-
Kofçaz	NOUN	-
Kolombiya	NOUN	-
Konak	NOUN	-
Konya	NOUN	-
Konyaaltı	NOUN	-
Kopenhag	NOUN	-
Kore	NOUN	-
Korece	ADJ	-
Korece	NOUN	-
Korgan	NOUN	-
Korgun	NOUN	-
Korkut	NOUN	-
Kosova	NOUN	-
Kosta Rika	NOUN	-
Kova	NOUN	-
Kovancılar	NOUN	-
Koyulhisar	NOUN	-
Kozan	NOUN	-
Koç	NOUN	-
Kr	NOUN	-
Ku	NOUN	-
Kuala Lumpur	NOUN	-
Kubbealtı	NOUN	-
Kudüs	NOUN	-
Kula	NOUN	-
Kulp	NOUN	-
Kuluncak	NOUN	-
Kuman	NOUN	-
Kumanca	NOUN	-
Kumandı	NOUN	-
Kumluca	NOUN	-
Kumru	NOUN	-
Kumuk	NOUN	-
Kumukça	NOUN	-
Kurama	NOUN	-
Kurt	NOUN	-
Kurtalan	NOUN	-
Kurucaşile	NOUN	-
Kuvayımilliye	NOUN	-
Kuveyt	NOUN	-
Kuyucak	NOUN	-
Kuzey	ADJ	-
Kuzey	NOUN	-
Kuşadası	NOUN	-
Kâbe	NOUN	-
Kâhta	NOUN	-
Kâzımkarabekir	NOUN	-
Kâğıthane	NOUN	-
Köktürk	NOUN	-
Köktürkçe	NOUN	-
Köprübaşı	NOUN	-
Köprüköy	NOUN	-
Körfez	NOUN	-
Köse	NOUN	-
Köyceğiz	NOUN	-
Köşk	NOUN	-
Küba	NOUN	-
Küre	NOUN	-
Kürt	NOUN	-
Kürtçe	ADJ	-
Kürtçe	NOUN	-
Kürtün	NOUN	-
Kütahya	NOUN	-
Küçükayı	NOUN	-
Küçükçekmece	NOUN	-
Kıbrıs	NOUN	-
Kıbrısçık	NOUN	-
Kınık	NOUN	-
Kıpti	NOUN	-
Kıptice	NOUN	-
Kıpçak	NOUN	-
Kıpçakça	NOUN	-
Kırgız	NOUN	-
Kırgızca	NOUN	-
Kırgızistan	NOUN	-
Kırkağaç	NOUN	-
Kırıkhan	NOUN	-
Kırıkkale	NOUN	-
Kırımçak	NOUN	-
Kırımçakça	NOUN	-
Kırşehir	NOUN	-
Kıtmir	NOUN	-
Kızık	NOUN	-
Kızılbaş	NOUN	-
Kızılcahamam	NOUN	-
Kızılelma	NOUN	-
Kızıltepe	NOUN	-
Kızılören	NOUN	-
Kızılır	VERB	-
La	NOUN	-
Lalapaşa	NOUN	-
Lapon	NOUN	-
Laponca	ADJ	-
Laponca	NOUN	-
Latin	NOUN	-
Latince	ADJ	-
Latince	NOUN	-
Latinize	NOUN	-
Laz	NOUN	-
Lazca	ADJ	-
Lazca	NOUN	-
Lefkoşa	NOUN	-
Leh	NOUN	-
Lehçe	ADJ	-
Lehçe	NOUN	-
Leninist	ADJ	-
Leninizm	NOUN	-
Letonca	ADJ	-
Letonca	NOUN	-
Letonya	NOUN	-
Letçe	NOUN	-
Li	NOUN	-
Libya	NOUN	-
Lice	NOUN	-
Lima	NOUN	-
Litvanya	NOUN	-
Lizbon	NOUN	-
Londra	NOUN	-
Lr	NOUN	-
Lu	NOUN	-
Lyublyana	NOUN	-
Lâdik	NOUN	-
Lâpseki	NOUN	-
Lâçin	NOUN	-
Lübnan	NOUN	-
Lüksemburg	NOUN	-
Lüleburgaz	NOUN	-
Ma	VERB	-
Macar	NOUN	-
Macarca	ADJ	-
Macarca	NOUN	-
Macaristan	NOUN	-
Maden	NOUN	-
Madrid	NOUN	-
Mahmudiye	NOUN	-
Makedon	NOUN	-
Makedonca	ADJ	-
Makedonca	NOUN	-
Makedonya	NOUN	-
Makyavelist	ADJ	-
Makyavelizm	NOUN	-
Malatya	NOUN	-
Malay	NOUN	-
Malayca	ADJ	-
Malayca	NOUN	-
Malazgirt	NOUN	-
Malezya	NOUN	-
Malezyaca	NOUN	-
Maliki	NOUN	-
Malkar	NOUN	-
Malkara	NOUN	-
Malkarca	NOUN	-
Malta	NOUN	-
Maltaca	ADJ	-
Maltaca	NOUN	-
Maltepe	NOUN	-
Maltız	NOUN	-
Manav	NOUN	-
Manavgat	NOUN	-
Manihaizm	NOUN	-
Manila	NOUN	-
Manisa	NOUN	-
Manyas	NOUN	-
Mançu	NOUN	-
Mançuca	ADJ	-
Mançuca	NOUN	-
Maraş	NOUN	-
Mardin	NOUN	-
Marksist	ADJ	-
Marksizm	NOUN	-
Marksçı	ADJ	-
Marmara	NOUN	-
Marmaraereğlisi	NOUN	-
Marmaris	NOUN	-
Mars	NOUN	-
Maruni	NOUN	-
Mazgirt	NOUN	-
Mazıdağı	NOUN	-
Maçka	NOUN	-
Mağribî	ADJ	-
Mağribî	NOUN	-
Mağrip	NOUN	-
Md	NOUN	-
Mecitözü	NOUN	-
Mecus	NOUN	-
Mecusi	ADJ	-
Mehmetçik	NOUN	-
Meksika	NOUN	-
Meksiko	NOUN	-
Melami	NOUN	-
Melikgazi	NOUN	-
Menderes	NOUN	-
Menemen	NOUN	-
Mengen	NOUN	-
Menteşe	NOUN	-
Menşevik	NOUN	-
Meram	NOUN	-
Merih	NOUN	-
Meriç	NOUN	-
Merkezefendi	NOUN	-
Merkür	NOUN	-
Mersin	NOUN	-
Merzifon	NOUN	-
Mesih	NOUN	-
Mesudiye	NOUN	-
Mevla	NOUN	-
Mevlevi	NOUN	-
Mevlevihane	NOUN	-
Meşrutiyet	NOUN	-
Mg	NOUN	-
Midyat	NOUN	-
Mihalgazi	NOUN	-
Mihalıççık	NOUN	-
Mikâil	NOUN	-
Milâs	NOUN	-
Minsk	NOUN	-
Misakımillî	NOUN	-
Mn	NOUN	-
Mo	NOUN	-
Mogadişu	NOUN	-
Moldova	NOUN	-
Moldovaca	ADJ	-
Moldovaca	NOUN	-
Moldovan	NOUN	-
Monako	NOUN	-
Mongolist	NOUN	-
Mongolistik	NOUN	VOICING
Mors	NOUN	-
Moskof	NOUN	-
Moskova	NOUN	-
Moğol	NOUN	-
Moğolca	ADJ	-
Moğolca	NOUN	-
Moğolistan	NOUN	-
Mt	NOUN	-
Mucur	NOUN	-
Mudanya	NOUN	-
Mudurnu	NOUN	-
Muhammedî	NOUN	-
Muradiye	NOUN	-
Muratpaşa	NOUN	-
Murgul	NOUN	-
Musevi	NOUN	-
Mushaf	NOUN	-
Mustafakemalpaşa	NOUN	-
Mut	NOUN	-
Mutki	NOUN	-
Muğla	NOUN	-
Muş	NOUN	-
Mv	NOUN	-
Müselman	NOUN	-
Müslim	NOUN	-
Müslüman	NOUN	-
Müslümanca	ADV	-
Müslümanlaştır	VERB	-
Müşteri	NOUN	-
Mısır	NOUN	-
Na	NOUN	-
Nairobi	NOUN	-
Nakşi	NOUN	-
Nakşibendi	NOUN	-
Nallıhan	NOUN	-
Napoliten	ADJ	-
Narlıdere	NOUN	-
Narman	NOUN	-
Nasrani	NOUN	-
Nasturi	NOUN	-
Nazi	NOUN	-
Nazileştir	VERB	-
Nazist	ADJ	-
Nazizm	NOUN	-
Nazımiye	NOUN	-
Nb	NOUN	-
Nd	NOUN	-
Ne	NOUN	-
Nemse	NOUN	-
Nemçe	NOUN	-
Neonazi	NOUN	-
Neonazizm	NOUN	-
Nepal	NOUN	-
Neptün	NOUN	-
Nevşehir	NOUN	-
Ni	NOUN	-
Nijerya	NOUN	-
Niksar	NOUN	-
Nilüfer	NOUN	-
Nizip	NOUN	-
Niğde	NOUN	-
No	NOUN	-
Noel	NOUN	-
Nogay	NOUN	-
Nogayca	NOUN	-
Norveç	NOUN	-
Norveççe	ADJ	-
Norveççe	NOUN	-
Np	NOUN	-
Nuh	NOUN	-
Nurdağı	NOUN	-
Nurhak	NOUN	-
Nusaybin	NOUN	-
Nusayri	NOUN	-
Odunpazarı	NOUN	-
Of	NOUN	-
Oltu	NOUN	-
Olur	NOUN	-
Ondokuzmayıs	NOUN	-
Onikişubat	NOUN	-
Ordu	NOUN	-
Orhangazi	NOUN	-
Orion	NOUN	-
Orta	NOUN	-
Ortaca	NOUN	-
Ortahisar	NOUN	-
Ortaköy	NOUN	-
Ortodoks	NOUN	-
Os	NOUN	-
Oslo	NOUN	-
Osmancık	NOUN	-
Osmangazi	NOUN	-
Osmani	ADJ	-
Osmani	NOUN	-
Osmaniye	NOUN	-
Osmanlı	NOUN	-
Osmanlıca	ADV	-
Osmanlıca	NOUN	-
Ovacık	NOUN	-
Oğan	NOUN	-
Oğlak	NOUN	-
Oğuz	NOUN	-
Oğuzca	NOUN	-
Oğuzlar	NOUN	-
Pa	NOUN	-
Pakistan	NOUN	-
Palandöken	NOUN	-
Pamukkale	NOUN	-
Pamukova	NOUN	-
Panama	NOUN	-
Panislamizm	NOUN	-
Panslavizm	NOUN	-
Panturanist	ADJ	-
Panturanizm	NOUN	-
Pantürkist	ADJ	-
Pantürkizm	NOUN	-
Paraguay	NOUN	-
Paris	NOUN	-
Pasinler	NOUN	-
Paskalya	NOUN	-
Patnos	NOUN	-
Payas	NOUN	-
Pazar	NOUN	-
Pazarcık	NOUN	-
Pazarlar	NOUN	-
Pazaryeri	NOUN	-
Pb	NOUN	-
Pd	NOUN	-
Pehlivanköy	NOUN	-
Pekin	NOUN	-
Pendik	NOUN	-
Peren	NOUN	-
Pers	NOUN	-
Pertek	NOUN	-
Peru	NOUN	-
Pervari	NOUN	-
Pervin	NOUN	-
Perşembe	NOUN	-
Peçenek	NOUN	-
Peçenekçe	NOUN	-
Peştu	NOUN	-
Peştuca	ADJ	-
Peştuca	NOUN	-
Piraziz	NOUN	-
Pişekâr	NOUN	-
Platonizm	NOUN	-
Plüton	NOUN	-
Pm	NOUN	-
Po	NOUN	-
Po	VERB	-
Polak	NOUN	-
Polonez	NOUN	-
Polonya	NOUN	-
Pomakça	ADJ	-
Pomakça	NOUN	-
Portekiz	NOUN	-
Portekizce	ADJ	-
Portekizce	NOUN	-
Posof	NOUN	-
Pozantı	NOUN	-
Pr	NOUN	-
Prag	NOUN	-
Pretoria	NOUN	-
Priştine	NOUN	-
Protestan	NOUN	-
Pt	NOUN	-
Pu	NOUN	-
Pursaklar	NOUN	-
Pülümür	NOUN	-
Pütürge	NOUN	-
Pınarbaşı	NOUN	-
Pınarhisar	NOUN	-
Ra	NOUN	-
Rab	NOUN	-
Rabat	NOUN	-
Rabbena	INTERJ	-
Rafızi	NOUN	-
Rb	NOUN	-
Re	NOUN	-
Refahiye	NOUN	-
Reykjavik	NOUN	-
Reşadiye	NOUN	-
Rf	NOUN	-
Rg	NOUN	-
Rh	NOUN	-
Riga	NOUN	-
Riyad	NOUN	-
Rize	NOUN	-
Rn	NOUN	-
Roma	NOUN	-
Roman	NOUN	-
Romanist	NOUN	-
Romanlaş	VERB	-
Romanolog	NOUN	-
Romanoloji	NOUN	-
Romanya	NOUN	-
Romen	ADJ	-
Romen	NOUN	-
Ru	NOUN	-
Rufai	NOUN	-
Ruhülkudüs	NOUN	-
Rum	NOUN	-
Rumca	ADJ	-
Rumca	NOUN	-
Rumen	ADJ	-
Rumen	NOUN	-
Rumence	ADJ	-
Rumence	NOUN	-
Rumi	ADJ	-
Rumi	NOUN	-
Rumlaş	VERB	-
Rumlaştır	VERB	-
Rus	NOUN	-
Ruslaş	VERB	-
Ruslaştır	VERB	-
Rusya	NOUN	-
Rusça	ADJ	-
Rusça	NOUN	-
Rönesans	NOUN	-
Saha	NOUN	-
Sahaca	NOUN	-
Sakarya	NOUN	-
Salar	NOUN	-
Salarca	NOUN	-
Salur	NOUN	-
Salıpazarı	NOUN	-
Samandağ	NOUN	-
Samanuğrusu	NOUN	-
Sami	ADJ	-
Sami	NOUN	-
Samoyetçe	ADJ	-
Samoyetçe	NOUN	-
Samsat	NOUN	-
Samsun	NOUN	-
Sancaktepe	NOUN	-
Sanskrit	ADJ	-
Sanskrit	NOUN	-
Sanskritçe	NOUN	-
Santiago	NOUN	-
Sapanca	NOUN	-
Saray	NOUN	-
Saraybosna	NOUN	-
Saraydüzü	NOUN	-
Saraykent	NOUN	-
Sarayköy	NOUN	-
Sarayönü	NOUN	-
Sarıcakaya	NOUN	-
Sarıgöl	NOUN	-
Sarıkamış	NOUN	-
Sarıkaya	NOUN	-
Sarıoğlan	NOUN	-
Sarıveliler	NOUN	-
Sarıyahşi	NOUN	-
Sarıyer	NOUN	-
Sarız	NOUN	-
Sarıçam	NOUN	-
Sason	NOUN	-
Satürn	NOUN	-
Savaştepe	NOUN	-
Savur	NOUN	-
Sb	NOUN	-
Sc	NOUN	-
Se	NOUN	-
Seben	NOUN	-
Seferihisar	NOUN	-
Sekendiz	NOUN	-
Selendi	NOUN	-
Selim	NOUN	-
Selçuk	NOUN	-
Selçuki	ADJ	-
Selçuki	NOUN	-
Senegal	NOUN	-
Senirkent	NOUN	-
Serdivan	NOUN	-
Seretan	NOUN	-
Serik	NOUN	-
Serinhisar	NOUN	-
Seul	NOUN	-
Sevir	NOUN	VOWEL_DROP
Seydikemer	NOUN	-
Seydiler	NOUN	-
Seydişehir	NOUN	-
Seyhan	NOUN	-
Seyitgazi	NOUN	-
Seylani	NOUN	-
Sg	NOUN	-
Si	NOUN	-
Sih	NOUN	-
Siirt	NOUN	-
Silifke	NOUN	-
Silivri	NOUN	-
Silopi	NOUN	-
Silvan	NOUN	-
Simav	NOUN	-
Simurg	NOUN	-
Sinanpaşa	NOUN	-
Sincan	NOUN	-
Sincik	NOUN	-
Singapur	NOUN	-
Sinolog	NOUN	-
Sinoloji	NOUN	-
Sinop	NOUN	-
Sivas	NOUN	-
Siverek	NOUN	-
Sivrice	NOUN	-
Sivrihisar	NOUN	-
Slav	NOUN	-
Slavca	ADJ	-
Slavca	NOUN	-
Slavist	NOUN	-
Slavistik	NOUN	VOICING
Slavlar	NOUN	-
Slavlaş	VERB	-
Slavlaştır	VERB	-
Slovak	NOUN	-
Slovakya	NOUN	-
Slovakça	ADJ	-
Slovakça	NOUN	-
Sloven	NOUN	-
Slovence	ADJ	-
Slovence	NOUN	-
Slovenya	NOUN	-
Sm	NOUN	-
Sn	NOUN	-
Sofya	NOUN	-
Solhan	NOUN	-
Soma	NOUN	-
Somali	NOUN	-
Sorgun	NOUN	-
Sovyet	NOUN	-
Soğdakça	NOUN	-
Soğdca	ADJ	-
Soğdca	NOUN	-
Sr	NOUN	-
Stockholm	NOUN	-
Sudan	NOUN	-
Sulakyurt	NOUN	-
Sultandağı	NOUN	-
Sultangazi	NOUN	-
Sultanhanı	NOUN	-
Sultanhisar	NOUN	-
Suluova	NOUN	-
Sulusaray	NOUN	-
Sumbas	NOUN	-
Sur	NOUN	-
Suriye	NOUN	-
Suruç	NOUN	-
Suudi Arabistan	NOUN	-
Suşehri	NOUN	-
Söke	NOUN	-
Söğüt	NOUN	-
Süheyl	NOUN	-
Süleymanpaşa	NOUN	-
Sümer	NOUN	-
Sümerce	ADJ	-
Sümerce	NOUN	-
Sümerolog	NOUN	-
Sümeroloji	NOUN	-
Sümerolojik	ADJ	-
Sünni	NOUN	-
Süreyya	NOUN	-
Sürmene	NOUN	-
Süryani	NOUN	-
Süryanice	ADJ	-
Süryanice	NOUN	-
Sütçüler	NOUN	-
Sındırgı	NOUN	-
Sırbistan	NOUN	-
Sırp	NOUN	-
Sırpça	ADJ	-
Sırpça	NOUN	-
Ta	NOUN	-
Tacik	NOUN	-
Tacikistan	NOUN	-
Tacikçe	ADJ	-
Tacikçe	NOUN	-
Tahran	NOUN	-
Talas	NOUN	-
Tallinn	NOUN	-
Tanrı	NOUN	-
Tanzanya	NOUN	-
Tanzimat	NOUN	-
Tanzimatçı	NOUN	-
Taoizm	NOUN	-
Tarsus	NOUN	-
Tat	NOUN	-
Tatar	NOUN	-
Tatarca	NOUN	-
Tatarlaş	VERB	-
Tatvan	NOUN	-
Tavas	NOUN	-
Tayca	ADJ	-
Tayca	NOUN	-
Tayland	NOUN	-
Tayvan	NOUN	-
Taşkent	NOUN	-
Taşköprü	NOUN	-
Taşlıçay	NOUN	-
Taşova	NOUN	-
Tb	NOUN	-
Tc	NOUN	-
Te	NOUN	-
Tefenni	NOUN	-
Tekirdağ	NOUN	-
Tekkeköy	NOUN	-
Tekman	NOUN	-
Teleüt	NOUN	-
Teleütçe	NOUN	-
Tepebaşı	NOUN	-
Terazi	NOUN	-
Tercan	NOUN	-
Terekeme	NOUN	-
Terekemece	NOUN	-
Termal	NOUN	-
Terme	NOUN	-
Tevrat	NOUN	-
Th	NOUN	-
Ti	NOUN	-
Tibetçe	ADJ	-
Tibetçe	NOUN	-
Ticani	NOUN	-
Tiflis	NOUN	-
Tillo	NOUN	-
Tiran	NOUN	-
Tire	NOUN	-
Tl	NOUN	-
Tm	NOUN	-
Toharca	ADJ	-
Toharca	NOUN	-
Tokat	NOUN	-
Tokyo	NOUN	-
Tomarza	NOUN	-
Tonya	NOUN	-
Toprakkale	NOUN	-
Toroslar	NOUN	-
Tortum	NOUN	-
Torul	NOUN	-
Tosya	NOUN	-
Trablus	NOUN	-
Trabzon	NOUN	-
Tuba	NOUN	-
Tunguz	NOUN	-
Tunguzca	ADJ	-
Tunguzca	NOUN	-
Tunus	NOUN	-
Turan	NOUN	-
Turani	ADJ	-
Turani	NOUN	-
Turhal	NOUN	-
Tut	NOUN	-
Tutak	NOUN	-
Tuva	NOUN	-
Tuvaca	NOUN	-
Tuzla	NOUN	-
Tuzluca	NOUN	-
Tuzlukçu	NOUN	-
Tuşba	NOUN	-
Türk	NOUN	-
Türki	ADJ	-
Türki	NOUN	-
Türkiyat	NOUN	-
Türkiyatçı	NOUN	-
Türkkâri	ADJ	-
Türkkâri	NOUN	-
Türkleş	VERB	-
Türkleştir	VERB	-
Türkleştiril	VERB	-
Türkleştirilme	NOUN	-
Türkmen	NOUN	-
Türkmence	ADJ	-
Türkmence	NOUN	-
Türkmenistan	NOUN	-
Türkolog	NOUN	-
Türkoloji	NOUN	-
Türkolojik	ADJ	-
Türkvari	ADJ	-
Türkvari	NOUN	-
Türkçe	NOUN	-
Türkçeleş	VERB	-
Türkçeleştir	VERB	-
Türkçeleştiril	VERB	-
Türkçeleştiriliş	NOUN	-
Türkçeleştirilme	NOUN	-
Türkçeleştiriş	NOUN	-
Türkçesi	ADV	-
Türkçü	ADJ	-
Uganda	NOUN	-
Ukrayn	NOUN	-
Ukrayna	NOUN	-
Ukraynaca	ADJ	-
Ukraynaca	NOUN	-
Ula	NOUN	-
Ulah	NOUN	-
Ulahça	ADJ	-
Ulahça	NOUN	-
Ulaş	NOUN	-
Ulubey	NOUN	-
Uludere	NOUN	-
Ulukışla	NOUN	-
Ulus	NOUN	-
Umman	NOUN	-
Uranüs	NOUN	-
Urban	NOUN	-
Urduca	ADJ	-
Urduca	NOUN	-
Urfa	NOUN	-
Urla	NOUN	-
Uruguay	NOUN	-
Urum	NOUN	-
Urumca	NOUN	-
Utarit	NOUN	-
Uygur	NOUN	-
Uygurca	NOUN	-
Uzundere	NOUN	-
Uzunköprü	NOUN	-
Uğurludağ	NOUN	-
Uşak	NOUN	-
Vakfıkebir	NOUN	-
Valletta	NOUN	-
Van	NOUN	-
Vandal	NOUN	-
Vandalizm	NOUN	-
Varto	NOUN	-
Varşova	NOUN	-
Vatikan	NOUN	-
Venezuela	NOUN	-
Venüs	NOUN	-
Vezirköprü	NOUN	-
Vietnam	NOUN	-
Vilnius	NOUN	-
Viranşehir	NOUN	-
Viyana	NOUN	-
Vize	NOUN	-
Washington	NOUN	-
Wellington	NOUN	-
Yahudi	NOUN	-
Yahudice	ADJ	-
Yahudice	NOUN	-
Yahşihan	NOUN	-
Yakakent	NOUN	-
Yakut	NOUN	-
Yakutiye	NOUN	-
Yakutça	NOUN	-
Yalova	NOUN	-
Yalvaç	NOUN	-
Yalıhüyük	NOUN	-
Yaradan	NOUN	-
Yasin	NOUN	-
Yatağan	NOUN	-
Yay	NOUN	-
Yayladağı	NOUN	-
Yayladere	NOUN	-
Yazıhan	NOUN	-
Yazır	NOUN	-
Yağlıdere	NOUN	-
Yb	NOUN	-
Yedigir	NOUN	-
Yedikardeş	NOUN	-
Yedikızkardeş	NOUN	-
Yedisu	NOUN	-
Yemen	NOUN	-
Yengeç	NOUN	-
Yeni Delhi	NOUN	-
Yeni Zelanda	NOUN	-
Yenice	NOUN	-
Yenimahalle	NOUN	-
Yenipazar	NOUN	-
Yeniçağa	NOUN	-
Yenişehir	NOUN	-
Yerköy	NOUN	-
Yezidi	NOUN	-
Yeşilhisar	NOUN	-
Yeşilova	NOUN	-
Yeşilyurt	NOUN	-
Yiddiş	NOUN	-
Yomra	NOUN	-
Yozgat	NOUN	-
Yugoslav	NOUN	-
Yunak	NOUN	-
Yunan	NOUN	-
Yunanca	ADJ	-
Yunanca	NOUN	-
Yunanistan	NOUN	-
Yunusemre	NOUN	-
Yörük	NOUN	-
Yüksekova	NOUN	-
Yüregir	NOUN	-
Yüreğir	NOUN	-
Yürük	NOUN	-
Yıldırak	NOUN	-
Yıldırım	NOUN	-
Yıva	NOUN	-
Yığılca	NOUN	-
Zagreb	NOUN	-
Zara	NOUN	-
Zatülkürsi	NOUN	-
Zaza	NOUN	-
Zazaca	ADJ	-
Zazaca	NOUN	-
Zebur	NOUN	-
Zerdüştçü	ADJ	-
Zeytinburnu	NOUN	-
Zile	NOUN	-
Zimbabve	NOUN	-
Zn	NOUN	-
Zodyak	NOUN	-
Zonguldak	NOUN	-
Zr	NOUN	-
Zühal	NOUN	-
Zühre	NOUN	-
Zülfikar	NOUN	-
Zümrüdüanka	NOUN	-
ab	NOUN	-
aba	ADJ	-
aba	NOUN	-
abadi	NOUN	-
abajur	NOUN	-
abak	NOUN	VOICING
abaküs	NOUN	-
aban	VERB	-
abanabil	VERB	-
abanabilme	NOUN	-
abandone	NOUN	-
abandır	VERB	-
abandırabil	VERB	-
abandırabilme	NOUN	-
abandırma	NOUN	-
abandırıver	VERB	-
abandırıverme	NOUN	-
abani	ADJ	-
abani	NOUN	-
abanma	NOUN	-
abanoz	ADJ	-
abanoz	NOUN	-
abanozgiller	NOUN	-
abanozlaş	VERB	-
abanozlaştır	VERB	-
abanozlaştırabil	VERB	-
abanozlaştırabilme	NOUN	-
abanozlaştırıver	VERB	-
abanozlaştırıverme	NOUN	-
abanozlaşıver	VERB	-
abanozlaşıverme	NOUN	-
abanıver	VERB	-
abanıverme	NOUN	-
abanış	NOUN	-
abara	NOUN	-
abart	VERB	-
abartabil	VERB	-
abartabilme	NOUN	-
abartma	NOUN	-
abartmasızca	ADV	-
abartı	NOUN	-
abartık	ADJ	-
abartıl	VERB	-
abartılabil	VERB	-
abartılabilme	NOUN	-
abartılma	NOUN	-
abartılış	NOUN	-
abartısızca	ADV	-
abartış	NOUN	-
abat	ADJ	-
abat	NOUN	-
abazan	ADJ	-
abazan	NOUN	-
abazanlaş	VERB	-
abaşo	ADJ	-
abaşo	NOUN	-
abdal	NOUN	-
abdalımsı	ADJ	-
abdest	NOUN	-
abdestbozan	NOUN	-
abdesthane	NOUN	-
abdiâciz	NOUN	-
abdülleziz	NOUN	-
abe	INTERJ	-
abece	NOUN	-
abecesel	ADJ	-
abelardize	NOUN	-
aberant	ADJ	-
aberasyon	NOUN	-
aberometre	NOUN	-
abes	ADJ	-
abes	ADV	-
abes	NOUN	-
abeslang	NOUN	-
abi	NOUN	-
abide	NOUN	-
abideleş	VERB	-
abideleştir	VERB	-
abideleştiril	VERB	-
abideleştirilme	NOUN	-
abidemsi	ADJ	-
abidevi	ADJ	-
abis	NOUN	-
abiye	NOUN	-
abiş	NOUN	-
abla	NOUN	-
ablak	ADJ	-
ablakça	ADJ	-
ablatif	NOUN	-
ablatya	NOUN	-
ablavut	ADJ	-
ablavutlaş	VERB	-
abluka	NOUN	-
abo	INTERJ	-
abone	ADJ	-
abone	NOUN	-
abonman	NOUN	-
aborda	NOUN	-
abosa	INTERJ	-
abra	NOUN	-
abra	VERB	-
abrakadabra	NOUN	-
abrama	NOUN	-
abraş	ADJ	-
abraş	NOUN	-
absent	NOUN	-
absentizm	NOUN	-
absorbe	NOUN	-
abstraksiyon	NOUN	-
abstraksiyonist	ADJ	-
abstraksiyonizm	NOUN	-
abstre	ADJ	-
absürdizm	NOUN	-
absürt	ADJ	-
abu	INTERJ	-
abuhava	NOUN	-
abuk	ADJ	-
abukla	VERB	-
abuklama	NOUN	-
abuklaş	VERB	-
abuklaştır	VERB	-
abukça	ADV	-
abullabut	ADJ	-
abullabut	NOUN	-
abus	ADJ	-
abus	ADV	-
abus	NOUN	-
abuslaş	VERB	-
abusülvecih	ADJ	-
abuzambak	ADJ	-
abıhayat	NOUN	-
abıkevser	NOUN	-
abırevan	NOUN	-
acaba	ADV	-
acaba	NOUN	-
acar	ADJ	-
acar	NOUN	-
acarlaş	VERB	-
acayip	ADJ	VOICING
acayip	INTERJ	VOICING
acayipleş	VERB	-
acayipleşebil	VERB	-
acayipleşebilme	NOUN	-
acayipleşiver	VERB	-
acayipleşiverme	NOUN	-
acayipleştir	VERB	-
accelerando	ADV	-
ace	NOUN	-
acele	ADJ	-
acele	ADV	-
acele	NOUN	-
aceleleş	VERB	-
aceleleştir	VERB	-
aceleten	ADV	-
acem	NOUN	-
acemaşiran	NOUN	-
acemborusu	NOUN	-
acemi	ADJ	-
acemi	NOUN	-
acemice	ADV	-
acemicesine	ADV	-
acemileş	VERB	-
acemileşebil	VERB	-
acemileşebilme	NOUN	-
acemileşiver	VERB	-
acemileşiverme	NOUN	-
acemkürdi	NOUN	-
acente	NOUN	-
acep	ADV	-
aceze	NOUN	-
acibe	NOUN	-
acil	ADJ	-
acilen	ADV	-
aciliyet	NOUN	-
acip	ADJ	-
aciz	NOUN	-
acube	NOUN	-
acul	ADJ	-
acul	ADV	-
acul	NOUN	-
acun	NOUN	-
acur	NOUN	-
acuze	NOUN	-
acve	NOUN	-
acyo	NOUN	-
acı	ADJ	-
acı	NOUN	-
acı	VERB	-
acıca	ADJ	-
acık	VERB	-
acıkabil	VERB	-
acıkabilme	NOUN	-
acıkara	NOUN	-
acıkma	NOUN	-
acıktır	VERB	-
acıktırma	NOUN	-
acıkıl	VERB	-
acıkılma	NOUN	-
acıkıver	VERB	-
acıkıverme	NOUN	-
acıkış	NOUN	-
acılan	VERB	-
acılaş	VERB	-
acılaşabil	VERB	-
acılaşabilme	NOUN	-
acılaştır	VERB	-
acılaştırabil	VERB	-
acılaştırabilme	NOUN	-
acılaştırıl	VERB	-
acılaştırılma	NOUN	-
acılaşıver	VERB	-
acılaşıverme	NOUN	-
acıma	NOUN	-
acımasızca	ADV	-
acımasızcasına	ADV	-
acımasızlaş	VERB	-
acımasızlaşabil	VERB	-
acımasızlaşabilme	NOUN	-
acımsa	VERB	-
acımsama	NOUN	-
acımsı	ADJ	-
acımsı	NOUN	-
acımtırak	ADJ	-
acımık	NOUN	VOICING
acın	VERB	-
acındır	VERB	-
acındırabil	VERB	-
acındırabilme	NOUN	-
acındırma	NOUN	-
acındırıl	VERB	-
acındırılma	NOUN	-
acındırış	NOUN	-
acınma	NOUN	-
acınıl	VERB	-
acınılma	NOUN	-
acınış	NOUN	-
acırak	ADJ	-
acırga	NOUN	-
acıt	VERB	-
acıtabil	VERB	-
acıtabilme	NOUN	-
acıtma	NOUN	-
acıtıl	VERB	-
acıtılma	NOUN	-
acıtıver	VERB	-
acıtıverme	NOUN	-
acıtış	NOUN	-
acıyabil	VERB	-
acıyabilme	NOUN	-
acıyış	NOUN	-
ad	NOUN	-
ada	NOUN	-
ada	VERB	-
adabımuaşeret	NOUN	-
adacyo	NOUN	-
adacık	NOUN	VOICING
adak	NOUN	VOICING
adakla	VERB	-
adaklama	NOUN	-
adaklan	VERB	-
adalat	NOUN	-
adale	NOUN	-
adalet	NOUN	-
adaletsizce	ADV	-
adam	NOUN	-
adama	NOUN	-
adamca	ADV	-
adamca	NOUN	-
adamcasına	ADV	-
adamcasına	NOUN	-
adamcağız	NOUN	-
adamcık	NOUN	VOICING
adamcıl	ADJ	-
adamkökü	NOUN	-
adamotu	NOUN	-
adamı	NOUN	-
adan	VERB	-
adanma	NOUN	-
adanış	NOUN	-
adap	NOUN	VOICING
adaptasyon	NOUN	-
adapte	ADJ	-
adaptör	NOUN	-
adat	NOUN	-
adat	VERB	-
adatma	NOUN	-
adatış	NOUN	-
adavet	NOUN	-
aday	NOUN	-
adayabil	VERB	-
adayabilme	NOUN	-
adayavrusu	NOUN	-
adayış	NOUN	-
adaş	NOUN	-
addedil	VERB	-
addedilebil	VERB	-
addedilebilme	NOUN	-
addedilme	NOUN	-
addet	VERB	-
addetme	NOUN	-
addolun	VERB	-
addolunabil	VERB	-
addolunabilme	NOUN	-
addolunma	NOUN	-
adedimürettep	NOUN	VOICING
adedî	ADV	-
adem	NOUN	-
ademimerkeziyet	NOUN	-
ademimerkeziyetçi	ADJ	-
ademiyet	NOUN	-
adenit	NOUN	-
adese	NOUN	-
adet	NOUN	VOICING
adetçe	ADV	-
adi	ADJ	-
adi	NOUN	-
adil	ADJ	-
adilane	ADV	-
adileş	VERB	-
adileşebil	VERB	-
adileşebilme	NOUN	-
adileşiver	VERB	-
adileşiverme	NOUN	-
adileştir	VERB	-
adisyon	NOUN	-
adlan	VERB	-
adlandır	VERB	-
adlandırabil	VERB	-
adlandırabilme	NOUN	-
adlandırıl	VERB	-
adlandırılabil	VERB	-
adlandırılabilme	NOUN	-
adlandırılma	NOUN	-
adlandırılış	NOUN	-
adlandırım	NOUN	-
adlandırıver	VERB	-
adlandırıverme	NOUN	-
adlandırış	NOUN	-
adlaş	VERB	-
adlaştır	VERB	-
adliye	NOUN	-
adrenalin	NOUN	-
adres	NOUN	-
adsal	ADJ	-
advertorial	NOUN	-
adıl	NOUN	-
adım	NOUN	-
adımbaşı	ADV	-
adımla	VERB	-
adımlama	NOUN	-
adımlan	VERB	-
adımlayabil	VERB	-
adımlayabilme	NOUN	-
adımlayış	NOUN	-
adımsayar	NOUN	-
adına	ADV	-
aerobik	NOUN	VOICING
aerodinamik	ADJ	VOICING
aerodinamik	NOUN	VOICING
aeroloji	NOUN	-
aerolojik	ADJ	-
af	NOUN	GEMINATION
afacan	ADJ	-
afacanlaş	VERB	-
afak	NOUN	-
afakan	NOUN	-
afaki	ADJ	-
afaki	NOUN	-
afal	ADJ	-
afalla	VERB	-
afallama	NOUN	-
afallat	VERB	-
afallatma	NOUN	-
afallayış	NOUN	-
afallaş	VERB	-
afallaştır	VERB	-
afat	NOUN	-
afazi	NOUN	-
aferin	INTERJ	-
aferin	NOUN	-
aferist	NOUN	-
afet	NOUN	-
afetzede	NOUN	-
affedebil	VERB	-
affedebilme	NOUN	-
affedil	VERB	-
affedilebil	VERB	-
affedilebilme	NOUN	-
affediliş	NOUN	-
affedilme	NOUN	-
affediver	VERB	-
affediverme	NOUN	-
affediş	NOUN	-
affet	VERB	-
affetme	NOUN	-
affetmişsin	NOUN	-
affettir	VERB	-
affettirebil	VERB	-
affettirebilme	NOUN	-
affettiriş	NOUN	-
affettirme	NOUN	-
affettuoso	ADV	-
affeyle	VERB	-
affeyleme	NOUN	-
affol	VERB	-
affolma	NOUN	-
affolun	VERB	-
affolunabil	VERB	-
affolunabilme	NOUN	-
affolunma	NOUN	-
afi	NOUN	-
afif	ADJ	-
afife	ADJ	-
afis	NOUN	-
afiyet	NOUN	-
afiyetle	ADV	-
afiş	NOUN	-
afişe	ADJ	-
afişe	NOUN	-
afişçi	NOUN	-
afoni	NOUN	-
aforizm	NOUN	-
aforizma	NOUN	-
aforoz	NOUN	-
aforozla	VERB	-
aforozlama	NOUN	-
aforozlan	VERB	-
afrodizyak	NOUN	VOICING
afsun	NOUN	-
afsunla	VERB	-
afsunlama	NOUN	-
afsunlan	VERB	-
aft	NOUN	-
aftos	NOUN	-
afyon	NOUN	-
afyonkeş	NOUN	-
afyonla	VERB	-
afyonlama	NOUN	-
afyonlan	VERB	-
agami	NOUN	-
aganta	NOUN	-
agaragar	NOUN	-
agel	NOUN	-
agitato	ADV	-
aglütinasyon	NOUN	-
aglütinin	NOUN	-
agnosi	NOUN	-
agnostik	ADJ	-
agnostik	NOUN	-
agnostisizm	NOUN	-
agnozi	NOUN	-
agora	NOUN	-
agorafobi	NOUN	-
agraf	NOUN	-
agrafi	NOUN	-
agrandisman	NOUN	-
agrandisör	NOUN	-
agrega	NOUN	-
agreman	NOUN	-
agresif	ADJ	-
agronomi	NOUN	-
agu	NOUN	-
agucuk	INTERJ	-
agula	VERB	-
agulama	NOUN	-
aguş	NOUN	-
agâh	ADJ	-
agâh	NOUN	-
ah	INTERJ	-
ah	NOUN	-
aha	INTERJ	-
ahacık	INTERJ	-
ahar	NOUN	-
aharla	VERB	-
aharlama	NOUN	-
ahbap	INTERJ	VOICING
ahbap	NOUN	VOICING
ahbapça	ADV	-
ahcar	NOUN	-
ahdet	VERB	-
ahdetme	NOUN	-
ahdî	ADJ	-
ahenk	NOUN	VOICING
ahenkleştir	VERB	-
ahenktar	ADJ	-
aheste	ADJ	-
aheste	ADV	-
aheste	NOUN	-
ahesteleş	VERB	-
ahfat	NOUN	VOICING
ahi	ADJ	-
ahi	NOUN	-
ahir	ADJ	-
ahir	ADV	-
ahir	NOUN	-
ahiren	ADV	-
ahiren	NOUN	-
ahiret	NOUN	-
ahit	NOUN	-
ahitleş	VERB	-
ahitname	NOUN	-
ahiz	NOUN	-
ahize	NOUN	-
ahkâm	NOUN	-
ahla	VERB	-
ahlaf	NOUN	-
ahlak	NOUN	-
ahlaken	ADV	-
ahlaki	ADJ	-
ahlakiyat	NOUN	-
ahlakiyet	NOUN	-
ahlaksızca	ADJ	-
ahlaksızca	ADV	-
ahlaksızcasına	ADV	-
ahlakça	ADV	-
ahlakçı	ADJ	-
ahlakçı	NOUN	-
ahlama	NOUN	-
ahlat	NOUN	-
ahlatıerbaa	NOUN	-
ahlayış	NOUN	-
ahmak	ADJ	VOICING
ahmaklaş	VERB	-
ahmaklaşabil	VERB	-
ahmaklaşabilme	NOUN	-
ahmaklaştır	VERB	-
ahmaklaştırabil	VERB	-
ahmaklaştırabilme	NOUN	-
ahmakça	ADJ	-
ahmakça	ADV	-
ahmakıslatan	NOUN	-
ahraz	ADJ	-
ahraz	NOUN	-
ahret	NOUN	-
ahtapot	NOUN	-
ahu	ADJ	-
ahu	NOUN	-
ahududu	NOUN	-
ahunt	NOUN	-
ahuvah	NOUN	-
ahval	NOUN	-
ahzet	VERB	-
ahzetme	NOUN	-
ahzüita	NOUN	-
ahzükabz	NOUN	-
ahçı	NOUN	-
ahır	NOUN	-
ahırdaş	NOUN	-
ahırla	VERB	-
ahırlama	NOUN	-
ahşa	NOUN	-
ahşap	ADJ	VOICING
ahşap	NOUN	VOICING
aidat	NOUN	-
aidiyet	NOUN	-
aile	NOUN	-
ailece	ADV	-
ailecek	ADV	-
ailevi	ADJ	-
ailevi	NOUN	-
ait	NOUN	-
ait	POSTP	-
ajan	NOUN	-
ajanda	NOUN	-
ajans	NOUN	-
ajitasyon	NOUN	-
ajitatör	ADJ	-
ajitatör	NOUN	-
ajite	ADJ	-
ajur	NOUN	-
ak	ADJ	-
ak	NOUN	-
ak	VERB	-
aka	NOUN	-
akabe	NOUN	-
akabil	VERB	-
akabilme	NOUN	-
akabinde	ADV	-
akademi	NOUN	-
akademik	ADJ	-
akademik	NOUN	-
akademisyen	NOUN	-
akait	NOUN	VOICING
akaju	ADJ	-
akaju	NOUN	-
akak	NOUN	VOICING
akala	NOUN	-
akamber	NOUN	-
akamet	NOUN	-
akar	NOUN	-
akarca	NOUN	-
akaret	NOUN	-
akarlar	NOUN	-
akarsu	NOUN	-
akaryakıt	NOUN	-
akaryakıtçı	NOUN	-
akasma	NOUN	-
akasya	NOUN	-
akaç	NOUN	VOICING
akaçla	VERB	-
akaçlama	NOUN	-
akaçlat	VERB	-
akaçlatma	NOUN	-
akağaç	NOUN	VOICING
akbaba	ADJ	-
akbaba	NOUN	-
akbabagiller	NOUN	-
akbakla	NOUN	-
akbalıkçıl	NOUN	-
akbasma	NOUN	-
akbaş	NOUN	-
akburçak	NOUN	VOICING
akbuğday	NOUN	-
akciğer	NOUN	-
akciğerliler	NOUN	-
akdarı	NOUN	-
akdedebil	VERB	-
akdedebilme	NOUN	-
akdedil	VERB	-
akdedilme	NOUN	-
akdet	VERB	-
akdetme	NOUN	-
akdiken	NOUN	-
akdoğan	NOUN	-
akdut	NOUN	-
akemi	NOUN	-
akhardal	NOUN	-
akide	NOUN	-
akik	NOUN	VOICING
akil	ADJ	-
akilane	ADV	-
akile	NOUN	-
akim	ADJ	-
akim	NOUN	-
akis	NOUN	-
akit	NOUN	-
akkaraman	NOUN	-
akkarınca	NOUN	-
akkarıncalar	NOUN	-
akkavak	NOUN	VOICING
akkefal	NOUN	-
akkelebek	NOUN	VOICING
akkor	ADJ	-
akkorlaş	VERB	-
akkorlaştır	VERB	-
akkorlaştırıl	VERB	-
akkorlaştırılma	NOUN	-
akkuyruk	NOUN	VOICING
akkuş	NOUN	-
akla	VERB	-
aklama	NOUN	-
aklan	NOUN	-
aklan	VERB	-
aklanabil	VERB	-
aklanabilme	NOUN	-
aklanış	NOUN	-
aklat	VERB	-
aklatma	NOUN	-
aklayabil	VERB	-
aklayabilme	NOUN	-
aklayıver	VERB	-
aklayıverme	NOUN	-
aklayış	NOUN	-
aklaş	VERB	-
aklaştır	VERB	-
aklen	ADV	-
aklevrek	NOUN	VOICING
aklileş	VERB	-
aklileştir	VERB	-
aklileştiril	VERB	-
aklileştirilme	NOUN	-
akliyat	NOUN	-
akliye	NOUN	-
aklıevvel	ADJ	-
aklıevvel	NOUN	-
aklımda	INTERJ	-
aklınca	ADV	-
aklıselim	ADJ	-
aklıselim	NOUN	-
akma	NOUN	-
akman	ADJ	-
akmantar	NOUN	-
akmaz	NOUN	-
akne	NOUN	-
akompanyatör	NOUN	-
akonitin	NOUN	-
akont	NOUN	-
akor	NOUN	-
akordeon	NOUN	-
akordiyon	ADJ	-
akordiyon	NOUN	-
akort	NOUN	VOICING
akortla	VERB	-
akortlama	NOUN	-
akortlan	VERB	-
akortlat	VERB	-
akortlatma	NOUN	-
akortsuzlaş	VERB	-
akortsuzlaştır	VERB	-
akortçu	NOUN	-
akpas	NOUN	-
akpelin	NOUN	-
akraba	NOUN	-
akran	NOUN	-
akreditasyon	NOUN	-
akreditif	NOUN	-
akrep	NOUN	VOICING
akrepler	NOUN	-
akrobasi	NOUN	-
akrobat	NOUN	-
akrobatik	ADJ	-
akrofobi	NOUN	-
akromatik	ADJ	-
akromatik	NOUN	-
akromatin	NOUN	-
akromatopsi	NOUN	-
akronim	NOUN	-
akropol	NOUN	-
akrostiş	NOUN	-
aks	NOUN	-
aksa	ADJ	-
aksa	NOUN	-
aksa	VERB	-
aksak	ADJ	VOICING
aksak	NOUN	VOICING
aksakal	NOUN	-
aksam	NOUN	-
aksama	NOUN	-
aksan	NOUN	-
aksat	VERB	-
aksata	NOUN	-
aksatabil	VERB	-
aksatabilme	NOUN	-
aksatma	NOUN	-
aksatıl	VERB	-
aksatılma	NOUN	-
aksatılış	NOUN	-
aksatış	NOUN	-
aksayabil	VERB	-
aksayabilme	NOUN	-
aksayış	NOUN	-
akse	NOUN	-
aksedebil	VERB	-
aksedebilme	NOUN	-
aksedir	NOUN	-
aksediş	NOUN	-
akselerograf	NOUN	-
akselerometre	NOUN	-
akseptans	NOUN	-
aksesuar	NOUN	-
akset	VERB	-
aksetme	NOUN	-
aksettir	VERB	-
aksettirebil	VERB	-
aksettirebilme	NOUN	-
aksettiril	VERB	-
aksettiriliş	NOUN	-
aksettirilme	NOUN	-
aksettiriş	NOUN	-
aksettirme	NOUN	-
aksi	ADJ	-
aksi	NOUN	-
aksilen	VERB	-
aksileş	VERB	-
aksine	ADV	-
aksiseda	NOUN	-
aksiyom	NOUN	-
aksiyon	NOUN	-
aksiyoner	ADJ	-
aksiyoner	NOUN	-
akson	NOUN	-
aksona	NOUN	-
aksoğan	NOUN	-
aksu	NOUN	-
aksuna	NOUN	-
aksungur	NOUN	-
aksöğüt	NOUN	VOICING
aksülamel	NOUN	-
aksır	VERB	-
aksırabil	VERB	-
aksırabilme	NOUN	-
aksırma	NOUN	-
aksırt	VERB	-
aksırtabil	VERB	-
aksırtabilme	NOUN	-
aksırtma	NOUN	-
aksırık	NOUN	VOICING
aksırıver	VERB	-
aksırıverme	NOUN	-
aksırış	NOUN	-
aktar	NOUN	-
aktar	VERB	-
aktarabil	VERB	-
aktarabilme	NOUN	-
aktariye	NOUN	-
aktarma	NOUN	-
aktart	VERB	-
aktartma	NOUN	-
aktarıl	VERB	-
aktarılabil	VERB	-
aktarılabilme	NOUN	-
aktarılma	NOUN	-
aktarılıver	VERB	-
aktarılıverme	NOUN	-
aktarılış	NOUN	-
aktarım	NOUN	-
aktarıver	VERB	-
aktarıverme	NOUN	-
aktarış	NOUN	-
aktavşan	NOUN	-
aktaş	NOUN	-
aktif	ADJ	-
aktif	NOUN	-
aktifleş	VERB	-
aktifleşebil	VERB	-
aktifleşebilme	NOUN	-
aktifleştir	VERB	-
aktinit	NOUN	VOICING
aktinoloji	NOUN	-
aktinolojik	ADJ	-
aktinometre	NOUN	-
aktinyum	NOUN	-
aktivasyon	NOUN	-
aktivist	NOUN	-
aktivite	NOUN	-
aktivizm	NOUN	-
aktris	NOUN	-
aktutma	NOUN	-
aktör	NOUN	-
aktöre	NOUN	-
aktöresel	ADJ	-
aktüalist	ADJ	-
aktüalite	NOUN	-
aktüalizm	NOUN	-
aktüel	ADJ	-
aktüel	NOUN	-
aktüelleş	VERB	-
aktüelleştir	VERB	-
aktüer	NOUN	-
aktüeryal	ADJ	-
akupunktur	NOUN	-
akur	ADJ	-
akur	NOUN	-
akustik	NOUN	VOICING
akut	ADJ	-
akuzatif	NOUN	-
akva	NOUN	-
akvam	NOUN	-
akvarel	NOUN	-
akvarist	NOUN	-
akvaryum	NOUN	-
akyuvar	NOUN	-
akça	ADJ	-
akça	NOUN	-
akçaarmut	NOUN	VOICING
akçaağaç	NOUN	VOICING
akçaağaçgiller	NOUN	-
akçakavak	NOUN	VOICING
akçakesme	NOUN	-
akçala	VERB	-
akçalama	NOUN	-
akçalan	VERB	-
akçasal	ADJ	-
akçe	NOUN	-
akçöpleme	NOUN	-
akçıl	ADJ	-
akçıl	NOUN	-
akçıllan	VERB	-
akçıllaş	VERB	-
akü	NOUN	-
akümülatör	NOUN	-
akı	NOUN	-
akıbet	ADV	-
akıbet	NOUN	-
akıl	NOUN	VOWEL_DROP
akılalmaz	ADJ	-
akıldane	NOUN	-
akıllan	VERB	-
akıllanabil	VERB	-
akıllanabilme	NOUN	-
akıllandır	VERB	-
akıllanmaz	ADJ	-
akıllanıver	VERB	-
akıllanıverme	NOUN	-
akıllanış	NOUN	-
akıllıca	ADJ	-
akıllıca	ADV	-
akıllıcasına	ADV	-
akıllılaş	VERB	-
akıllım	NOUN	-
akılsal	ADJ	-
akılsal	NOUN	-
akılsallaştır	VERB	-
akılsızca	ADJ	-
akılsızca	ADV	-
akılsızcasına	ADV	-
akım	NOUN	-
akımtoplar	NOUN	-
akımölçer	NOUN	-
akın	NOUN	-
akındırık	NOUN	VOICING
akınkayası	NOUN	-
akıntı	NOUN	-
akıntıölçer	NOUN	-
akıt	VERB	-
akıtabil	VERB	-
akıtabilme	NOUN	-
akıtaç	NOUN	VOICING
akıtma	NOUN	-
akıtıl	VERB	-
akıtılma	NOUN	-
akıtılış	NOUN	-
akıtıver	VERB	-
akıtıverme	NOUN	-
akıtış	NOUN	-
akıver	VERB	-
akıverme	NOUN	-
akış	NOUN	-
akış	VERB	-
akışkan	ADJ	-
akışkanlaş	VERB	-
akışkanlaştır	VERB	-
akışma	NOUN	-
akışmaz	ADJ	-
akşam	NOUN	-
akşama	ADV	-
akşamdan	ADV	-
akşamki	ADJ	-
akşamla	VERB	-
akşamlama	NOUN	-
akşamları	ADV	-
akşamları	NOUN	-
akşamlat	VERB	-
akşamlatma	NOUN	-
akşamlayabil	VERB	-
akşamlayabilme	NOUN	-
akşamleyin	ADV	-
akşamsefası	NOUN	-
akşamüstü	ADV	-
akşamüzeri	ADV	-
akşın	ADJ	-
al	ADJ	-
al	NOUN	-
al	VERB	-
ala	ADJ	-
ala	NOUN	-
alabacak	ADJ	-
alabacak	NOUN	-
alabalıkgiller	NOUN	-
alabanda	NOUN	-
alabaş	NOUN	-
alabil	VERB	-
alabildiğine	ADV	-
alabildiğine	NOUN	-
alabilme	NOUN	-
alabora	NOUN	-
alabros	ADJ	-
alaca	ADJ	-
alaca	NOUN	-
alacabalıkçıl	NOUN	-
alacak	NOUN	VOICING
alacakarga	NOUN	-
alacaklandır	VERB	-
alacakokarca	NOUN	-
alacala	VERB	-
alacalama	NOUN	-
alacalan	VERB	-
alacalandır	VERB	-
alacamenekşe	NOUN	-
alacasansar	NOUN	-
alafranga	ADJ	-
alafranga	NOUN	-
alafrangalaş	VERB	-
alafrangalaştır	VERB	-
alagarson	NOUN	-
alageyik	NOUN	VOICING
alaim	NOUN	-
alaimisema	NOUN	-
alaka	NOUN	-
alakadar	ADJ	-
alakalan	VERB	-
alakalandır	VERB	-
alakarga	NOUN	-
alakart	NOUN	-
alakasızca	ADV	-
alakasızcasına	ADV	-
alakok	NOUN	-
alala	VERB	-
alalama	NOUN	-
alamana	NOUN	-
alamanata	NOUN	-
alamerikan	ADJ	-
alamet	NOUN	-
alametifarika	NOUN	-
alaminüt	ADJ	-
alaminüt	NOUN	-
alaminütçü	NOUN	-
alamot	ADJ	-
alamot	NOUN	-
alan	NOUN	-
alar	VERB	-
alarga	ADV	-
alarga	INTERJ	-
alarga	NOUN	-
alarm	NOUN	-
alarma	NOUN	-
alat	NOUN	-
alatav	ADJ	-
alaten	ADJ	-
alaturka	ADJ	-
alaturka	NOUN	-
alaturkalaş	VERB	-
alaturkalaştır	VERB	-
alavere	NOUN	-
alay	NOUN	-
alaybozan	NOUN	-
alayiş	NOUN	-
alaysı	ADJ	-
alayımsı	ADJ	-
alaz	NOUN	-
alaza	NOUN	-
alazla	VERB	-
alazlama	NOUN	-
alazlan	VERB	-
alaçam	NOUN	-
alaçık	NOUN	VOICING
alaşağı	ADV	-
alaşağı	NOUN	-
alaşım	NOUN	-
alaşımla	VERB	-
alaşımlama	NOUN	-
albasma	NOUN	-
albastı	NOUN	-
albatr	NOUN	-
albatros	NOUN	-
albay	NOUN	-
albeni	NOUN	-
albinizm	NOUN	-
albino	ADJ	-
albüm	NOUN	-
albümin	NOUN	-
aldan	VERB	-
aldanabil	VERB	-
aldanabilme	NOUN	-
aldangıç	NOUN	VOICING
aldanma	NOUN	-
aldanmaz	ADJ	-
aldanç	ADJ	-
aldanıver	VERB	-
aldanıverme	NOUN	-
aldanış	NOUN	-
aldat	VERB	-
aldatabil	VERB	-
aldatabilme	NOUN	-
aldatma	NOUN	-
aldatmaca	NOUN	-
aldatıl	VERB	-
aldatılabil	VERB	-
aldatılabilme	NOUN	-
aldatılma	NOUN	-
aldatılış	NOUN	-
aldatıver	VERB	-
aldatıverme	NOUN	-
aldatış	NOUN	-
aldehit	NOUN	VOICING
aldı	NOUN	-
aldır	VERB	-
aldırabil	VERB	-
aldırabilme	NOUN	-
aldırma	NOUN	-
aldırmaz	ADJ	-
aldırmaz	NOUN	-
aldırt	VERB	-
aldırtabil	VERB	-
aldırtabilme	NOUN	-
aldırtma	NOUN	-
aldırıl	VERB	-
aldırılabil	VERB	-
aldırılabilme	NOUN	-
aldırılma	NOUN	-
aldırış	NOUN	-
aldırışsızca	ADV	-
alegori	NOUN	-
alegorik	ADJ	-
aleksi	NOUN	-
alelacayip	ADJ	-
alelacele	ADV	-
alelade	ADJ	-
alelade	NOUN	-
alelhesap	ADV	-
alelhusus	ADV	-
alelumum	ADV	-
alelusul	ADV	-
alelusul	NOUN	-
alelıtlak	ADV	-
alelıtlak	NOUN	-
alem	NOUN	-
alemdar	NOUN	-
alenen	ADV	-
alengir	NOUN	-
aleni	ADJ	-
alenileş	VERB	-
aleniyet	NOUN	-
alerjen	NOUN	-
alerji	NOUN	-
alerjik	ADJ	-
alerjik	NOUN	-
alessabah	ADV	-
alesta	ADJ	-
alet	NOUN	-
alev	NOUN	-
alevlen	VERB	-
alevlendir	VERB	-
alevlendirebil	VERB	-
alevlendirebilme	NOUN	-
alevlendiril	VERB	-
alevlendirilme	NOUN	-
alevlendiriş	NOUN	-
alevlenebil	VERB	-
alevlenebilme	NOUN	-
alevleniver	VERB	-
alevleniverme	NOUN	-
alevleniş	NOUN	-
aleyh	NOUN	-
aleyhisselam	NOUN	-
aleyhtar	ADJ	-
aleykümselam	INTERJ	-
alfa	NOUN	-
alfabe	NOUN	-
alfabetik	ADJ	VOICING
alfaterapi	NOUN	-
alfenit	NOUN	VOICING
alg	NOUN	-
algarina	NOUN	-
algler	NOUN	-
algoritma	NOUN	-
algı	NOUN	-
algıla	VERB	-
algılama	NOUN	-
algılan	VERB	-
algılanabil	VERB	-
algılanabilir	ADJ	-
algılanabilme	NOUN	-
algılanış	NOUN	-
algılat	VERB	-
algılatabil	VERB	-
algılatabilme	NOUN	-
algılatma	NOUN	-
algılattır	VERB	-
algılattırma	NOUN	-
algılatıl	VERB	-
algılatılma	NOUN	-
algılatış	NOUN	-
algılayabil	VERB	-
algılayabilme	NOUN	-
algılayıver	VERB	-
algılayıverme	NOUN	-
algılayış	NOUN	-
algın	ADJ	-
algın	NOUN	-
algıç	NOUN	VOICING
ali	ADJ	-
ali	NOUN	-
alicenap	ADJ	-
alicenap	ADV	-
alicenap	NOUN	-
alidat	NOUN	VOICING
alifatik	ADJ	-
alil	ADJ	-
alil	NOUN	-
alim	ADJ	-
alimallah	INTERJ	-
alinazik	NOUN	VOICING
aliterasyon	NOUN	-
alivre	NOUN	-
aliyyülâlâ	ADJ	-
alizarin	NOUN	-
alize	NOUN	-
alkalimetre	NOUN	-
alkaliölçer	NOUN	-
alkaloit	NOUN	-
alkan	NOUN	-
alkarna	NOUN	-
alkarısı	NOUN	-
alkil	NOUN	-
alkol	NOUN	-
alkolizm	NOUN	-
alkolle	VERB	-
alkolleme	NOUN	-
alkolmetre	NOUN	-
alkolölçer	NOUN	-
alkım	NOUN	-
alkış	NOUN	-
alkışla	VERB	-
alkışlama	NOUN	-
alkışlan	VERB	-
alkışlanabil	VERB	-
alkışlanabilme	NOUN	-
alkışlanış	NOUN	-
alkışlat	VERB	-
alkışlatabil	VERB	-
alkışlatabilme	NOUN	-
alkışlatma	NOUN	-
alkışlatış	NOUN	-
alkışlayabil	VERB	-
alkışlayabilme	NOUN	-
alkışlayıver	VERB	-
alkışlayıverme	NOUN	-
alkışlayış	NOUN	-
alkışçı	NOUN	-
alla	VERB	-
allah	NOUN	-
allama	NOUN	-
allame	ADJ	-
allameicihan	ADJ	-
allan	VERB	-
allaş	VERB	-
allegretto	ADV	-
allegro	ADV	-
allem	NOUN	-
alma	NOUN	-
almanak	NOUN	VOICING
almazlan	VERB	-
almaç	NOUN	VOICING
almaş	NOUN	-
almaşık	ADJ	-
almaşık	NOUN	-
alnaç	NOUN	VOICING
alo	INTERJ	-
alo	NOUN	-
alofon	NOUN	-
alogami	NOUN	-
alomorf	NOUN	-
alotropi	NOUN	-
alp	ADJ	-
alpaka	NOUN	-
alpaks	NOUN	-
alperen	NOUN	-
alpinist	NOUN	-
alpinizm	NOUN	-
alpyıldızı	NOUN	-
alsat	NOUN	-
alsatçı	NOUN	-
alt	ADJ	-
alt	NOUN	-
altar	NOUN	-
alternatif	ADJ	-
alternatif	NOUN	-
alternatör	NOUN	-
altes	NOUN	-
altimetre	NOUN	-
altla	VERB	-
altlama	NOUN	-
altmış	ADJ	-
altmış	NOUN	-
altmışaltı	NOUN	-
altmışar	ADJ	-
altmışar	NOUN	-
alto	NOUN	-
altuni	ADJ	-
altuni	NOUN	-
altyapı	NOUN	-
altyapısal	ADJ	-
altüst	ADJ	-
altı	ADJ	-
altı	NOUN	-
altıgen	ADJ	-
altıgen	NOUN	-
altık	NOUN	VOICING
altın	ADJ	-
altın	NOUN	-
altınbaş	NOUN	-
altınbeşik	NOUN	VOICING
altıngöz	NOUN	-
altınlaş	VERB	-
altınsı	ADJ	-
altıntop	NOUN	-
altınımsı	ADJ	-
altıpar	VERB	VOICING
altıpas	NOUN	-
altıpatlar	NOUN	-
altız	ADJ	-
altışar	ADJ	-
altışar	NOUN	-
alveol	NOUN	-
alyan	NOUN	-
alyans	NOUN	-
alyon	ADJ	-
alyuvar	NOUN	-
alzaymır	NOUN	-
alçacık	ADJ	-
alçak	ADJ	VOICING
alçak	NOUN	VOICING
alçaklaş	VERB	-
alçaklaşabil	VERB	-
alçaklaşabilme	NOUN	-
alçaklaştır	VERB	-
alçakça	ADJ	-
alçakça	ADV	-
alçal	VERB	-
alçalabil	VERB	-
alçalabilme	NOUN	-
alçalma	NOUN	-
alçalt	VERB	-
alçaltabil	VERB	-
alçaltabilme	NOUN	-
alçaltma	NOUN	-
alçaltı	NOUN	-
alçaltıl	VERB	-
alçaltılma	NOUN	-
alçaltılış	NOUN	-
alçaltıver	VERB	-
alçaltıverme	NOUN	-
alçaltış	NOUN	-
alçalıver	VERB	-
alçalıverme	NOUN	-
alçalış	NOUN	-
alçarak	ADJ	-
alçı	ADJ	-
alçı	NOUN	-
alçıla	VERB	-
alçılama	NOUN	-
alçılan	VERB	-
alçılat	VERB	-
alçılatma	NOUN	-
alçılayabil	VERB	-
alçılayabilme	NOUN	-
alçılayıver	VERB	-
alçılayıverme	NOUN	-
alçıpan	NOUN	-
alüfte	ADJ	-
alümin	NOUN	-
alüminyum	ADJ	-
alüminyum	NOUN	-
alüvyon	NOUN	-
alık	ADJ	-
alıklaş	VERB	-
alıklaşabil	VERB	-
alıklaşabilme	NOUN	-
alıklaştır	VERB	-
alıklaştırıl	VERB	-
alıklaştırılma	NOUN	-
alıklaşıver	VERB	-
alıklaşıverme	NOUN	-
alıkonul	VERB	-
alıkonulabil	VERB	-
alıkonulabilme	NOUN	-
alıkonulma	NOUN	-
alıkonuluş	NOUN	-
alıkoy	VERB	-
alıkoyabil	VERB	-
alıkoyabilme	NOUN	-
alıkoyma	NOUN	-
alıkoyuş	NOUN	-
alıkça	ADJ	-
alıkça	ADV	-
alım	NOUN	-
alımla	VERB	-
alımlama	NOUN	-
alımlan	VERB	-
alımlanış	NOUN	-
alın	NOUN	VOWEL_DROP
alın	VERB	-
alınabil	VERB	-
alınabilme	NOUN	-
alındı	NOUN	-
alıngan	ADJ	-
alınganlaş	VERB	-
alınganlaşabil	VERB	-
alınganlaşabilme	NOUN	-
alınma	NOUN	-
alıntı	ADJ	-
alıntı	NOUN	-
alıntıla	VERB	-
alıntılama	NOUN	-
alıntılan	VERB	-
alıntılanabil	VERB	-
alıntılanabilme	NOUN	-
alıntılanış	NOUN	-
alıntılayabil	VERB	-
alıntılayabilme	NOUN	-
alınış	NOUN	-
alıver	VERB	-
alıverme	NOUN	-
alıç	NOUN	VOICING
alış	NOUN	-
alış	VERB	-
alışabil	VERB	-
alışabilme	NOUN	-
alışagel	VERB	-
alışagelme	NOUN	-
alışkan	ADJ	-
alışkı	NOUN	-
alışkın	ADJ	-
alışma	NOUN	-
alışmış	ADJ	-
alıştır	VERB	-
alıştırabil	VERB	-
alıştırabilme	NOUN	-
alıştırma	NOUN	-
alıştırıl	VERB	-
alıştırılma	NOUN	-
alıştırılış	NOUN	-
alıştırış	NOUN	-
alışveriş	NOUN	-
alışık	ADJ	VOICING
alışıl	VERB	-
alışılabil	VERB	-
alışılabilme	NOUN	-
alışılagel	VERB	-
alışılagelme	NOUN	-
alışıldık	ADJ	-
alışıldık	NOUN	-
alışılma	NOUN	-
alışılmadık	ADJ	-
alışılmamış	ADJ	-
alışılmış	ADJ	-
alışıver	VERB	-
alışıverme	NOUN	-
alşimi	NOUN	-
alşimist	NOUN	-
am	NOUN	-
ama	CONJ	-
ama	NOUN	-
amabile	ADV	-
amade	ADJ	-
amal	NOUN	-
amalgam	NOUN	-
amalierbaa	NOUN	-
aman	INTERJ	-
aman	NOUN	-
amanname	NOUN	-
amansızca	ADV	-
amansızca	NOUN	-
amansızcasına	ADV	-
amanın	INTERJ	-
amatör	ADJ	-
amatör	NOUN	-
amatörce	ADJ	-
amatörce	ADV	-
amazon	NOUN	-
amaç	NOUN	VOICING
amaçla	VERB	-
amaçlama	NOUN	-
amaçlan	VERB	-
amaçlaştır	VERB	-
amaçsızca	ADV	-
amaçsızcasına	ADV	-
ambalaj	NOUN	-
ambalajla	VERB	-
ambalajlama	NOUN	-
ambalajlan	VERB	-
ambale	NOUN	-
ambar	NOUN	-
ambargo	NOUN	-
ambarla	VERB	-
ambarlama	NOUN	-
ambarlan	VERB	-
ambarlat	VERB	-
ambarlatma	NOUN	-
amber	NOUN	-
amberbaris	NOUN	-
amberbu	NOUN	-
ambiyans	NOUN	-
amblem	NOUN	-
ambulans	NOUN	-
amca	INTERJ	-
amca	NOUN	-
amcacık	NOUN	VOICING
amcazade	NOUN	-
amel	NOUN	-
amele	NOUN	-
ameliyat	NOUN	-
ameliyathane	NOUN	-
ameliye	NOUN	-
amelî	ADJ	-
amenajman	NOUN	-
amenna	INTERJ	-
amentü	NOUN	-
amerikyum	NOUN	-
ametal	NOUN	-
ametist	NOUN	-
amfi	NOUN	-
amfibi	ADJ	-
amfibi	NOUN	-
amfibik	ADJ	-
amfibol	NOUN	-
amfibyumlar	NOUN	-
amfiteatr	NOUN	-
amfizem	NOUN	-
amfora	NOUN	-
amigo	NOUN	-
amil	NOUN	-
amilaz	NOUN	-
amin	NOUN	-
amip	NOUN	VOICING
amipler	NOUN	-
amipleş	VERB	-
amir	ADJ	-
amir	NOUN	-
amiral	NOUN	-
amiralbattı	NOUN	-
amirane	ADV	-
amirce	ADV	-
amiriita	NOUN	-
amit	NOUN	VOICING
amitoz	NOUN	-
amiyane	ADJ	-
amiyane	NOUN	-
amma	CONJ	-
amma	NOUN	-
amme	NOUN	-
amnezi	NOUN	-
amniyon	NOUN	-
amonyak	NOUN	VOICING
amonyakla	VERB	-
amonyaklama	NOUN	-
amonyum	NOUN	-
amor	NOUN	-
amoralist	ADJ	-
amoralizm	NOUN	-
amorf	ADJ	-
amorf	NOUN	-
amorti	NOUN	-
amortisman	NOUN	-
amortisör	NOUN	-
amper	NOUN	-
ampermetre	NOUN	-
ampersaat	NOUN	-
amperölçer	NOUN	-
ampir	NOUN	-
ampirik	ADJ	-
ampirik	NOUN	-
ampirist	ADJ	-
ampirizm	NOUN	-
amplifikatör	NOUN	-
ampul	NOUN	VOWEL_DROP
ampütasyon	NOUN	-
amudi	ADJ	-
amudufıkari	NOUN	-
amut	NOUN	VOICING
amyant	NOUN	-
an	NOUN	-
an	VERB	-
ana	ADJ	-
ana	INTERJ	-
ana	NOUN	-
anabil	VERB	-
anabilme	NOUN	-
anabolizma	NOUN	-
anaca	ADV	-
anacık	NOUN	VOICING
anacıl	ADJ	-
anadut	NOUN	-
anaerki	NOUN	-
anaerkil	ADJ	-
anaerobik	ADJ	-
anafilaksi	NOUN	-
anafor	NOUN	-
anafordan	ADV	-
anaforla	VERB	-
anaforlama	NOUN	-
anagram	NOUN	-
anahtar	ADJ	-
anahtar	NOUN	-
anakonda	NOUN	-
anakronik	ADJ	-
anakronik	NOUN	-
anakronizm	NOUN	-
anal	ADJ	-
anal	ADV	-
analaştır	VERB	-
analist	NOUN	-
analitik	ADJ	-
analiz	NOUN	-
analizle	VERB	-
analizleme	NOUN	-
analizör	NOUN	-
analjezi	NOUN	-
analjezik	ADJ	-
analog	ADJ	-
analoji	NOUN	-
analojik	ADJ	-
anam!	NOUN	-
anamal	NOUN	-
anamnez	NOUN	-
anamnezi	NOUN	-
ananas	NOUN	-
ananasgiller	NOUN	-
ananat	NOUN	-
ananatça	ADV	-
anane	NOUN	-
ananeleş	VERB	-
ananevi	ADJ	-
anapara	NOUN	-
anapiyesma	NOUN	-
anartri	NOUN	-
anarşi	NOUN	-
anarşik	ADJ	VOICING
anarşist	NOUN	-
anarşistleş	VERB	-
anarşizm	NOUN	-
anason	NOUN	-
anasıl	ADV	-
anasır	NOUN	-
anat	NOUN	-
anatomi	NOUN	-
anatomik	ADJ	-
anatomist	NOUN	-
anavaşya	NOUN	-
anayasa	NOUN	-
anayasal	ADJ	-
anayasal	NOUN	-
anayasallaş	VERB	-
anayasallaştır	VERB	-
anaç	ADJ	VOICING
anaç	NOUN	VOICING
anaçlaş	VERB	-
anbean	ADV	-
anbean	NOUN	-
anca	ADV	-
anca	NOUN	-
ancak	ADV	-
ancak	CONJ	-
ancak	NOUN	-
anchorman	NOUN	-
andante	ADV	-
andantino	ADV	-
andaval	ADJ	-
andavallıca	ADJ	-
andavallıca	NOUN	-
andaç	NOUN	VOICING
andezit	NOUN	-
andropoz	NOUN	-
androsefal	ADJ	-
andık	NOUN	VOICING
andır	VERB	-
andırma	NOUN	-
andırış	NOUN	-
andırış	VERB	-
andırışma	NOUN	-
andız	NOUN	-
andıç	NOUN	VOICING
anekdot	NOUN	-
anele	NOUN	-
anemi	NOUN	-
anemik	ADJ	-
anemometre	NOUN	-
anemon	NOUN	-
aneroit	NOUN	VOICING
anestezi	NOUN	-
anestezik	ADJ	-
anestezist	NOUN	-
anesteziyolog	NOUN	-
anesteziyoloji	NOUN	-
anesteziyolojik	ADJ	-
anevrizma	NOUN	-
angaje	ADJ	-
angajman	NOUN	-
angarya	NOUN	-
angora	ADJ	-
angström	NOUN	-
angudi	ADJ	-
angudi	NOUN	-
angut	NOUN	VOICING
angutlaş	VERB	-
angutça	ADV	-
angın	ADJ	-
angıç	NOUN	VOICING
anhidrit	NOUN	-
ani	ADJ	-
ani	ADV	-
ani	NOUN	-
anide	ADV	-
aniden	ADV	-
anif	ADJ	-
anif	ADV	-
anilin	NOUN	-
animasyon	NOUN	-
animato	ADV	-
animatör	NOUN	-
anime	NOUN	-
animizm	NOUN	-
anjanbuman	NOUN	-
anjin	NOUN	-
anjiyo	NOUN	-
anjiyografi	NOUN	-
anjiyoloji	NOUN	-
ankastre	ADJ	-
ankastre	NOUN	-
anket	NOUN	-
anketçi	NOUN	-
anketör	NOUN	-
ankiloz	NOUN	-
anksiyete	NOUN	-
anla	VERB	-
anlak	NOUN	VOICING
anlam	NOUN	-
anlama	NOUN	-
anlamca	ADV	-
anlamdaş	ADJ	-
anlamla	VERB	-
anlamlama	NOUN	-
anlamlandır	VERB	-
anlamlandırabil	VERB	-
anlamlandırabilme	NOUN	-
anlamlandırıl	VERB	-
anlamlandırılabil	VERB	-
anlamlandırılabilme	NOUN	-
anlamlandırılma	NOUN	-
anlamlandırılış	NOUN	-
anlamsal	ADJ	-
anlamsızca	ADV	-
anlamsızcasına	ADV	-
anlamsızlaş	VERB	-
anlamsızlaşabil	VERB	-
anlamsızlaşabilme	NOUN	-
anlamsızlaştır	VERB	-
anlamsızlaştırabil	VERB	-
anlamsızlaştırabilme	NOUN	-
anlamsızlaştırıl	VERB	-
anlamsızlaştırılma	NOUN	-
anlat	VERB	-
anlatabil	VERB	-
anlatabilme	NOUN	-
anlatma	NOUN	-
anlattır	VERB	-
anlattırma	NOUN	-
anlatı	NOUN	-
anlatıl	VERB	-
anlatılabil	VERB	-
anlatılabilme	NOUN	-
anlatılma	NOUN	-
anlatılış	NOUN	-
anlatım	NOUN	-
anlatımsal	ADJ	-
anlatısal	ADJ	-
anlatıver	VERB	-
anlatıverme	NOUN	-
anlatış	NOUN	-
anlayabil	VERB	-
anlayabilme	NOUN	-
anlayalım!	NOUN	-
anlayıver	VERB	-
anlayıverme	NOUN	-
anlayış	NOUN	-
anlayışsızca	ADV	-
anlayışsızcasına	ADV	-
anlayışsızlaş	VERB	-
anlaş	VERB	-
anlaşabil	VERB	-
anlaşabilme	NOUN	-
anlaştır	VERB	-
anlaştırabil	VERB	-
anlaştırabilme	NOUN	-
anlaşık	NOUN	VOICING
anlaşıl	VERB	-
anlaşılabil	VERB	-
anlaşılabilme	NOUN	-
anlaşılan	ADV	-
anlaşılma	NOUN	-
anlaşılmaz	ADJ	-
anlaşıver	VERB	-
anlaşıverme	NOUN	-
anlıkçı	ADJ	-
anma	NOUN	-
anne	NOUN	-
anneanne	NOUN	-
annecik	NOUN	VOICING
anofel	NOUN	-
anonim	ADJ	-
anonim	NOUN	-
anonimleş	VERB	-
anonimleştir	VERB	-
anons	NOUN	-
anonsör	NOUN	-
anorak	NOUN	VOICING
anorganik	ADJ	-
anormal	ADJ	-
anormal	NOUN	-
anormalleş	VERB	-
anormalleştir	VERB	-
anot	NOUN	VOICING
ansambl	NOUN	-
ansiklopedi	NOUN	-
ansiklopedik	ADJ	-
ansiklopedik	NOUN	-
ansiklopedist	ADJ	-
ansiklopedist	NOUN	-
ansı	VERB	-
ansıma	NOUN	-
ansıt	VERB	-
ansıtma	NOUN	-
ansızın	ADV	-
ant	NOUN	VOICING
antagonist	NOUN	-
antagonizm	NOUN	-
antagonizma	NOUN	-
antant	NOUN	-
antarktik	ADJ	-
antarktik	NOUN	-
antefleksiyon	NOUN	-
anten	NOUN	-
antet	NOUN	-
antialerjik	ADJ	VOICING
antialerjik	NOUN	VOICING
antiasit	ADJ	-
antibakteriyel	ADJ	-
antibiyotik	NOUN	VOICING
antidemokratik	ADJ	-
antidot	NOUN	-
antidumping	NOUN	-
antiemperyalist	ADJ	-
antiemperyalizm	NOUN	-
antifriz	NOUN	-
antihijyenik	ADJ	-
antijen	NOUN	-
antik	ADJ	-
antika	ADJ	-
antika	NOUN	-
antikalaş	VERB	-
antikapitalist	ADJ	-
antikapitalizm	NOUN	-
antikatot	NOUN	VOICING
antikite	NOUN	-
antikomünist	ADJ	-
antikomünizm	NOUN	-
antikor	NOUN	-
antilop	ADJ	VOICING
antilop	NOUN	VOICING
antiloplar	NOUN	-
antimikrobiyal	ADJ	-
antimikrobiyal	NOUN	-
antimon	NOUN	-
antinomi	NOUN	-
antioksidan	NOUN	-
antiparazit	ADJ	-
antipati	NOUN	-
antipatik	ADJ	-
antipatikleş	VERB	-
antipatikleştir	VERB	-
antipersonel	ADJ	-
antipirin	NOUN	-
antiplak	NOUN	VOICING
antipropaganda	NOUN	-
antisemit	ADJ	-
antisemitik	ADJ	-
antisemitist	ADJ	-
antisemitizm	NOUN	-
antisepsi	NOUN	-
antiseptik	ADJ	-
antiseptik	NOUN	-
antiserum	NOUN	-
antisiklon	NOUN	-
antitank	ADJ	-
antitez	NOUN	-
antitoksik	ADJ	VOICING
antitoksin	NOUN	-
antitonal	ADJ	-
antiviral	ADJ	-
antivirüs	NOUN	-
antiye	NOUN	-
antlaş	VERB	-
antoloji	NOUN	-
antolojik	ADJ	-
antrakt	NOUN	-
antrasit	NOUN	VOICING
antre	NOUN	-
antrenman	NOUN	-
antrenör	NOUN	-
antrepo	NOUN	-
antrikot	NOUN	-
antrok	NOUN	-
antropoit	ADJ	-
antropoitler	NOUN	-
antropolog	NOUN	-
antropoloji	NOUN	-
antropolojik	ADJ	-
antropomorfist	ADJ	-
antropomorfizm	NOUN	-
antroponim	NOUN	-
antroponimi	NOUN	-
antroposantrist	ADJ	-
antroposantrizm	NOUN	-
antropozoik	ADJ	VOICING
antropozoik	NOUN	VOICING
antrparantez	ADV	-
antrparantez	NOUN	-
anudane	ADJ	-
anut	ADJ	-
anyon	NOUN	-
anzarot	NOUN	-
ançüez	NOUN	-
anüri	NOUN	-
anüs	NOUN	-
anı	NOUN	-
anık	ADJ	-
anık	NOUN	VOICING
anıkla	VERB	-
anıklama	NOUN	-
anıklaş	VERB	-
anıl	VERB	-
anılabil	VERB	-
anılabilme	NOUN	-
anılagel	VERB	-
anılagelme	NOUN	-
anılaş	VERB	-
anılma	NOUN	-
anılış	NOUN	-
anımsa	VERB	-
anımsama	NOUN	-
anımsan	VERB	-
anımsanabil	VERB	-
anımsanabilme	NOUN	-
anımsanma	NOUN	-
anımsanış	NOUN	-
anımsat	VERB	-
anımsatabil	VERB	-
anımsatabilme	NOUN	-
anımsatma	NOUN	-
anımsatıl	VERB	-
anımsatılabil	VERB	-
anımsatılabilme	NOUN	-
anımsatılma	NOUN	-
anımsatıver	VERB	-
anımsatıverme	NOUN	-
anımsatış	NOUN	-
anımsayabil	VERB	-
anımsayabilme	NOUN	-
anımsayıver	VERB	-
anımsayıverme	NOUN	-
anımsayış	NOUN	-
anında	ADJ	-
anında	ADV	-
anır	VERB	-
anırma	NOUN	-
anırt	VERB	-
anırtma	NOUN	-
anırtı	NOUN	-
anırış	NOUN	-
anısal	ADJ	-
anıt	NOUN	-
anıtlaş	VERB	-
anıtlaşabil	VERB	-
anıtlaşabilme	NOUN	-
anıtlaştır	VERB	-
anıtlaştırıl	VERB	-
anıtlaştırılma	NOUN	-
anıtsal	ADJ	-
anıtsal	NOUN	-
anıtsı	ADJ	-
anıtımsı	ADJ	-
anıver	VERB	-
anıverme	NOUN	-
anız	NOUN	-
anıştır	VERB	-
anıştırma	NOUN	-
anıştırıl	VERB	-
anıştırılma	NOUN	-
aort	NOUN	-
apak	ADJ	-
apak	ADV	-
apalak	ADJ	-
apandis	NOUN	-
apandisit	NOUN	-
apansızın	ADV	-
apar	VERB	-
aparat	NOUN	-
aparey	NOUN	-
aparkat	NOUN	-
aparma	NOUN	-
apart	VERB	-
apartma	NOUN	-
apartman	NOUN	-
apatit	NOUN	-
apaydın	ADJ	-
apaydın	NOUN	-
apayrı	ADJ	-
apaz	ADJ	-
apaz	NOUN	-
apazla	VERB	-
apazlama	ADJ	-
apazlama	ADV	-
apazlama	NOUN	-
apaçık	ADJ	-
apaçık	ADV	-
apaş	NOUN	-
apel	NOUN	-
aperitif	NOUN	-
apiko	ADJ	-
apiko	NOUN	-
aplikasyon	NOUN	-
aplike	NOUN	-
apokaliptik	ADJ	-
apokrif	NOUN	-
apolet	NOUN	-
apolitik	ADJ	-
apopleksi	NOUN	-
aport	INTERJ	-
aposteriori	ADJ	-
apostrof	NOUN	-
apotr	NOUN	-
apoşi	NOUN	-
appassionato	ADV	-
apraksi	NOUN	-
apranti	NOUN	-
apre	NOUN	-
aprele	VERB	-
apreleme	NOUN	-
april	NOUN	-
apriori	ADJ	-
apse	NOUN	-
apseleş	VERB	-
apsent	NOUN	-
apsis	NOUN	-
aptal	ADJ	-
aptal	INTERJ	-
aptalca	ADJ	-
aptalca	ADV	-
aptalcasına	ADV	-
aptallaş	VERB	-
aptallaşabil	VERB	-
aptallaşabilme	NOUN	-
aptallaştır	VERB	-
aptallaştırıl	VERB	-
aptallaştırılma	NOUN	-
aptalsı	ADJ	-
aptalımsı	ADJ	-
apteriks	NOUN	-
apukurya	NOUN	-
apış	NOUN	-
apış	VERB	-
apışak	ADJ	-
apışma	NOUN	-
apıştır	VERB	-
apıştırma	NOUN	-
apışık	ADJ	-
apışık	NOUN	-
ar	NOUN	-
ara	ADJ	-
ara	NOUN	-
ara	VERB	-
araba	ADJ	-
araba	NOUN	-
araban	NOUN	-
arabankürdi	NOUN	-
arabaşı	NOUN	-
arabesk	ADJ	-
arabesk	NOUN	-
arabeskleş	VERB	-
arabeskçi	NOUN	-
arabozan	ADJ	-
aracılığıyla	ADV	-
araf	NOUN	-
aragonit	NOUN	-
arak	NOUN	-
araka	NOUN	-
arakiye	NOUN	-
arakla	VERB	-
araklama	NOUN	-
araklan	VERB	-
araklayabil	VERB	-
araklayabilme	NOUN	-
araklayıver	VERB	-
araklayıverme	NOUN	-
arakçı	ADJ	-
arala	VERB	-
aralama	NOUN	-
aralan	VERB	-
aralanış	NOUN	-
aralat	VERB	-
aralatma	NOUN	-
aralayabil	VERB	-
aralayabilme	NOUN	-
aralayıver	VERB	-
aralayıverme	NOUN	-
aralıkla	ADV	-
aralıkta	ADV	-
arama	NOUN	-
aran	VERB	-
aranabil	VERB	-
aranabilme	NOUN	-
aranje	ADJ	-
aranjman	NOUN	-
aranjör	NOUN	-
aranma	NOUN	-
arantı	NOUN	-
aranıl	VERB	-
aranılma	NOUN	-
aranış	NOUN	-
arap	NOUN	VOICING
arapsaçı	NOUN	-
ararot	NOUN	-
arasat	NOUN	-
arasta	NOUN	-
arat	VERB	-
aratabil	VERB	-
aratabilme	NOUN	-
aratma	NOUN	-
aratma	VERB	-
arattır	VERB	-
arattırma	NOUN	-
aratıl	VERB	-
aratılma	NOUN	-
aratılış	NOUN	-
aratış	NOUN	-
arayabil	VERB	-
arayabilme	NOUN	-
arayüz	NOUN	-
arayıver	VERB	-
arayıverme	NOUN	-
arayış	NOUN	-
araz	NOUN	-
arazbar	NOUN	-
arazi	NOUN	-
arazöz	NOUN	-
araç	NOUN	VOICING
araçsal	ADJ	-
araçsal	NOUN	-
araçsallaştır	VERB	-
araş	VERB	-
araşit	NOUN	VOICING
araşma	NOUN	-
araştır	VERB	-
araştırabil	VERB	-
araştırabilme	NOUN	-
araştırma	NOUN	-
araştırman	NOUN	-
araştırt	VERB	-
araştırtma	NOUN	-
araştırı	NOUN	-
araştırıl	VERB	-
araştırılabil	VERB	-
araştırılabilme	NOUN	-
araştırılma	NOUN	-
araştırılış	NOUN	-
araştırıver	VERB	-
araştırıverme	NOUN	-
araştırış	NOUN	-
arbalet	NOUN	-
arbede	NOUN	-
arbitraj	NOUN	-
arboretum	NOUN	-
arda	NOUN	-
ardak	NOUN	VOICING
ardaklan	VERB	-
ardiye	NOUN	-
arduvaz	NOUN	-
ardıl	NOUN	-
ardıl	VERB	-
ardılma	NOUN	-
ardınca	ADV	-
ardıç	NOUN	VOICING
ardışık	ADJ	-
arefe	NOUN	-
arena	NOUN	-
areometre	NOUN	-
argaç	NOUN	VOICING
argaçla	VERB	-
argaçlama	NOUN	-
argo	NOUN	-
argolaş	VERB	-
argolaştır	VERB	-
argon	NOUN	-
argonot	NOUN	-
argüman	NOUN	-
argın	ADJ	-
argıt	NOUN	VOICING
ari	ADJ	-
ari	NOUN	-
arif	ADJ	-
arifane	ADJ	-
arifane	ADV	-
arife	NOUN	-
arioso	NOUN	-
aristokrasi	NOUN	-
aristokrat	ADJ	-
aristokrat	NOUN	-
aristokratik	ADJ	-
aritmetik	ADJ	VOICING
aritmetik	NOUN	VOICING
aritmetiksel	ADJ	-
aritmi	NOUN	-
aritmik	ADJ	-
aritmik	NOUN	-
ariya	NOUN	-
ariyet	NOUN	-
ariyeten	ADV	-
ariza	NOUN	-
arjante	ADJ	-
arjante	NOUN	-
arjantin	NOUN	-
ark	NOUN	-
arka	ADJ	-
arka	NOUN	-
arkabahçe	NOUN	-
arkadaş	NOUN	-
arkadaşça	ADV	-
arkadaşça	NOUN	-
arkaik	ADJ	-
arkaik	NOUN	-
arkaizm	NOUN	-
arkala	VERB	-
arkalama	NOUN	-
arkalan	VERB	-
arkalıç	NOUN	VOICING
arkaç	NOUN	VOICING
arkaüstü	ADV	-
arkebüz	NOUN	-
arkeen	NOUN	-
arkegon	NOUN	-
arkeolog	NOUN	-
arkeoloji	NOUN	-
arkeolojik	ADJ	-
arkeometri	NOUN	-
arkeometrik	ADJ	-
arkeopteriks	NOUN	-
arketip	NOUN	-
arkoz	NOUN	-
arktik	ADJ	-
arktik	NOUN	-
arkıt	NOUN	-
arlan	VERB	-
arlanmaz	ADJ	-
arlanmazca	ADV	-
arma	NOUN	-
armada	NOUN	-
armador	NOUN	-
armadura	NOUN	-
armatör	NOUN	-
armatür	NOUN	-
armağan	NOUN	-
armoni	NOUN	-
armonik	ADJ	VOICING
armonik	NOUN	VOICING
armonika	NOUN	-
armoniler	NOUN	-
armonize	ADJ	-
armonyum	NOUN	-
armudi	ADJ	-
armudi	NOUN	-
armudiye	NOUN	-
armudumsu	ADJ	-
armut	ADJ	VOICING
armut	NOUN	VOICING
armutsu	ADJ	-
armuz	NOUN	-
arnavutbacası	NOUN	-
arnavutciğeri	NOUN	-
arnika	NOUN	-
aroma	NOUN	-
aromaterapi	NOUN	-
aromatik	ADJ	-
arp	NOUN	-
arpa	NOUN	-
arpacık	NOUN	VOICING
arpalama	NOUN	-
arpamsı	ADJ	-
arpağan	NOUN	-
arpej	NOUN	-
arpçı	NOUN	-
arsa	NOUN	-
arsacık	NOUN	VOICING
arsenik	NOUN	VOICING
arslan	NOUN	-
arsıulusal	ADJ	-
arsızca	ADV	-
arsızcasına	ADV	-
arsızlan	VERB	-
arsızlaş	VERB	-
arsızlaşabil	VERB	-
arsızlaşabilme	NOUN	-
arsızlaştır	VERB	-
art	ADJ	VOICING
art	NOUN	VOICING
art	VERB	-
artabil	VERB	-
artabilme	NOUN	-
artakal	VERB	-
artakalma	NOUN	-
artağan	ADJ	-
artağan	NOUN	-
arter	NOUN	-
arterit	NOUN	-
artezyen	NOUN	-
artikülasyon	NOUN	-
artist	NOUN	-
artistik	ADJ	-
artistçe	ADV	-
artizan	NOUN	-
artma	NOUN	-
artrit	NOUN	-
artroz	NOUN	-
arttır	VERB	-
arttırma	NOUN	-
arttırt	VERB	-
arttırtma	NOUN	-
arttırıl	VERB	-
arttırılma	NOUN	-
arttırılış	NOUN	-
artçı	ADJ	-
artçı	NOUN	-
artçıl	ADJ	-
artı	ADJ	-
artı	NOUN	-
artık	ADJ	VOICING
artık	ADV	VOICING
artık	NOUN	VOICING
artıkla	VERB	-
artıklama	NOUN	-
artıkçı	ADJ	-
artım	NOUN	-
artın	NOUN	-
artır	VERB	-
artırabil	VERB	-
artırabilme	NOUN	-
artırma	NOUN	-
artırt	VERB	-
artırtma	NOUN	-
artırıl	VERB	-
artırılabil	VERB	-
artırılabilme	NOUN	-
artırılma	NOUN	-
artırılış	NOUN	-
artırım	NOUN	-
artırış	NOUN	-
artış	NOUN	-
arusek	NOUN	VOICING
aruz	NOUN	-
arya	NOUN	-
arz	NOUN	-
arzani	ADJ	-
arziyat	NOUN	-
arzu	NOUN	-
arzuhâl	NOUN	-
arzula	VERB	-
arzulama	NOUN	-
arzulan	VERB	-
arzulanış	NOUN	-
arzulat	VERB	-
arzulatma	NOUN	-
arzulayabil	VERB	-
arzulayabilme	NOUN	-
arzulayış	NOUN	-
arzusuzca	ADV	-
arzıendam	NOUN	-
arzımevut	NOUN	VOICING
arı	ADJ	-
arı	NOUN	-
arık	ADJ	-
arık	NOUN	VOICING
arıkla	VERB	-
arıklama	NOUN	-
arıklat	VERB	-
arıklatma	NOUN	-
arıklaş	VERB	-
arıkçı	NOUN	-
arıla	VERB	-
arılama	NOUN	-
arılan	VERB	-
arılar	NOUN	-
arılaş	VERB	-
arılaştır	VERB	-
arılaştırıl	VERB	-
arılaştırılma	NOUN	-
arın	VERB	-
arınabil	VERB	-
arınabilme	NOUN	-
arındır	VERB	-
arındırabil	VERB	-
arındırabilme	NOUN	-
arındırma	NOUN	-
arındırıl	VERB	-
arındırılma	NOUN	-
arınma	NOUN	-
arınmış	ADJ	-
arınık	ADJ	-
arınık	NOUN	-
arınış	NOUN	-
arıt	VERB	-
arıtabil	VERB	-
arıtabilme	NOUN	-
arıtma	NOUN	-
arıtıl	VERB	-
arıtılma	NOUN	-
arıtılış	NOUN	-
arıtım	NOUN	-
arıtımevi	NOUN	-
arıtış	NOUN	-
arız	ADJ	-
arız	NOUN	-
arıza	ADJ	-
arıza	NOUN	-
arızalan	VERB	-
arızalanabil	VERB	-
arızalanabilme	NOUN	-
arızalanıver	VERB	-
arızalanıverme	NOUN	-
arızi	ADJ	-
arızi	NOUN	-
arış	NOUN	-
arş	INTERJ	-
arş	NOUN	-
arşe	NOUN	-
arşevek	NOUN	VOICING
arşidük	NOUN	-
arşidüşes	NOUN	-
arşiv	NOUN	-
arşivle	VERB	-
arşivleme	NOUN	-
arşivlen	VERB	-
arşivlenebil	VERB	-
arşivlenebilme	NOUN	-
arşivlet	VERB	-
arşivletme	NOUN	-
arşivleyebil	VERB	-
arşivleyebilme	NOUN	-
arşın	NOUN	-
arşınla	VERB	-
arşınlama	NOUN	-
arşıâlâ	NOUN	-
as	ADJ	-
as	NOUN	-
as	VERB	-
asa	NOUN	-
asabi	ADJ	-
asabi	ADV	-
asabi	NOUN	-
asabil	VERB	-
asabileş	VERB	-
asabilme	NOUN	-
asabiye	NOUN	-
asabiyet	NOUN	-
asacak	NOUN	VOICING
asal	ADJ	-
asalak	ADJ	VOICING
asalak	NOUN	VOICING
asalaklaş	VERB	-
asalaksavar	ADJ	-
asalet	NOUN	-
asaleten	ADV	-
asaleten	NOUN	-
asamble	NOUN	-
asan	ADJ	-
asan	ADV	-
asanlıkla	ADV	-
asansör	NOUN	-
asap	NOUN	VOICING
asar	NOUN	-
asarıatika	NOUN	-
asayiş	NOUN	-
asbaşkan	NOUN	-
asbest	NOUN	-
aseksüel	ADJ	-
aselbent	NOUN	VOICING
asenkron	ADJ	-
asenkron	NOUN	-
asepsi	NOUN	-
aseptik	ADJ	-
ases	NOUN	-
asesbaşı	NOUN	-
asetat	NOUN	-
asetik	ADJ	-
asetilen	NOUN	-
aseton	NOUN	-
asfalt	ADJ	-
asfalt	NOUN	-
asfaltit	NOUN	-
asfaltla	VERB	-
asfaltlama	NOUN	-
asfaltlan	VERB	-
asfaltlanabil	VERB	-
asfaltlanabilme	NOUN	-
asfaltlat	VERB	-
asfaltlatabil	VERB	-
asfaltlatabilme	NOUN	-
asfaltlatma	NOUN	-
asfaltlayabil	VERB	-
asfaltlayabilme	NOUN	-
asgari	ADJ	-
ashabıkiram	NOUN	-
ashap	NOUN	VOICING
asi	ADJ	-
asi	NOUN	-
aside	NOUN	-
asidimetre	NOUN	-
asil	ADJ	-
asil	NOUN	-
asilane	ADJ	-
asilane	ADV	-
asileş	VERB	-
asileştir	VERB	-
asilleş	VERB	-
asilleştir	VERB	-
asilzade	ADJ	-
asimetri	NOUN	-
asimetrik	ADJ	-
asimilasyon	NOUN	-
asimile	ADJ	-
asimptot	NOUN	-
asist	NOUN	-
asistan	NOUN	-
asit	NOUN	VOICING
asitane	NOUN	-
asitölçer	NOUN	-
ask	NOUN	-
askarit	NOUN	VOICING
askat	NOUN	-
asker	ADJ	-
asker	NOUN	-
askerce	ADJ	-
askerce	ADV	-
askercesine	ADV	-
askeriye	NOUN	-
askerî	ADJ	-
askerîleş	VERB	-
askerîleştir	VERB	-
askerîleştiril	VERB	-
askerîleştirilme	NOUN	-
askospor	NOUN	-
askı	NOUN	-
askıda	ADJ	-
askıntı	ADJ	-
askıntı	NOUN	-
asla	ADV	-
aslan	NOUN	-
aslanağzı	NOUN	-
aslanca	ADJ	-
aslanca	ADV	-
aslancasına	ADV	-
aslangiller	NOUN	-
aslankulağı	NOUN	-
aslankuyruğu	NOUN	-
aslanlaş	VERB	-
aslanpençesi	NOUN	-
aslansütü	NOUN	-
aslansı	ADJ	-
aslanım!	NOUN	-
aslanımsı	ADJ	-
aslen	ADV	-
aslen	NOUN	-
asliye	NOUN	-
aslında	ADV	-
asma	ADJ	-
asma	NOUN	-
asmagiller	NOUN	-
asmolen	NOUN	-
asonans	NOUN	-
asorti	ADJ	-
asortik	ADJ	-
asortik	NOUN	-
asosyal	ADJ	-
asosyal	NOUN	-
asparagas	NOUN	-
aspidistra	NOUN	-
aspiratör	NOUN	-
aspirin	NOUN	-
aspur	NOUN	-
asri	ADJ	-
asrileş	VERB	-
asrileştir	VERB	-
asrısaadet	NOUN	-
assolist	NOUN	-
ast	ADJ	-
ast	NOUN	-
astar	NOUN	-
astarla	VERB	-
astarlama	NOUN	-
astarlan	VERB	-
astarlat	VERB	-
astarlatma	NOUN	-
astarya	NOUN	-
astasım	NOUN	-
astat	NOUN	-
astatin	NOUN	-
asteğmen	NOUN	-
astigmat	ADJ	-
astigmatizm	NOUN	-
astik	NOUN	VOICING
astragan	ADJ	-
astragan	NOUN	-
astrofizik	NOUN	VOICING
astrolog	NOUN	-
astroloji	NOUN	-
astrolojik	ADJ	-
astronom	NOUN	-
astronomi	NOUN	-
astronomik	ADJ	-
astronomik	NOUN	-
astronot	NOUN	-
astropikal	ADJ	-
astsubay	NOUN	-
astım	NOUN	-
astır	VERB	-
astırabil	VERB	-
astırabilme	NOUN	-
astırma	NOUN	-
astırıl	VERB	-
astırılma	NOUN	-
astırıver	VERB	-
astırıverme	NOUN	-
asude	ADJ	-
asuman	NOUN	-
asyön	NOUN	-
ası	NOUN	-
asık	ADJ	-
asık	NOUN	-
asıl	ADJ	VOWEL_DROP
asıl	ADV	VOWEL_DROP
asıl	NOUN	VOWEL_DROP
asıl	VERB	-
asılabil	VERB	-
asılabilme	NOUN	-
asılan	VERB	-
asılanış	NOUN	-
asılma	NOUN	-
asılmışadam	NOUN	-
asıltı	NOUN	-
asılış	NOUN	-
asım	NOUN	-
asıntı	NOUN	-
asır	NOUN	VOWEL_DROP
asırlarca	ADV	-
asıver	VERB	-
asıverme	NOUN	-
at	NOUN	-
at	VERB	-
ata	NOUN	-
ata	VERB	-
atabey	NOUN	-
atabil	VERB	-
atabilme	NOUN	-
ataerki	NOUN	-
ataerkil	ADJ	-
atak	ADJ	-
atak	NOUN	VOICING
atalet	NOUN	-
atama	NOUN	-
ataman	NOUN	-
atan	VERB	-
atanabil	VERB	-
atanabilme	NOUN	-
atandır	VERB	-
atandırma	NOUN	-
atanma	NOUN	-
atanmış	ADJ	-
atanıl	VERB	-
atanılma	NOUN	-
atanış	NOUN	-
atar	NOUN	-
ataraksiya	NOUN	-
atardamar	NOUN	-
atari	NOUN	-
atarlan	VERB	-
atasarısı	NOUN	-
atasözü	NOUN	-
atavik	ADJ	-
atavik	NOUN	-
atavizm	NOUN	-
atayış	NOUN	-
ataş	NOUN	-
ataşe	NOUN	-
atbalığı	NOUN	-
atbaşı	ADV	-
ate	ADJ	-
ateh	NOUN	-
ateist	ADJ	-
ateizm	NOUN	-
atel	NOUN	-
atelye	NOUN	-
aterina	NOUN	-
ateş	NOUN	-
ateş!	NOUN	-
ateşbaz	NOUN	-
ateşin	ADJ	-
ateşin	NOUN	-
ateşkes	NOUN	-
ateşle	VERB	-
ateşleme	NOUN	-
ateşlen	VERB	-
ateşlendir	VERB	-
ateşlenebil	VERB	-
ateşlenebilme	NOUN	-
ateşleniş	NOUN	-
ateşlet	VERB	-
ateşletme	NOUN	-
ateşleyebil	VERB	-
ateşleyebilme	NOUN	-
ateşleyiver	VERB	-
ateşleyiverme	NOUN	-
ateşperest	ADJ	-
ateşçi	NOUN	-
ateşölçer	NOUN	-
atfedebil	VERB	-
atfedebilme	NOUN	-
atfedil	VERB	-
atfedilme	NOUN	-
atfediş	NOUN	-
atfen	ADV	-
atfet	VERB	-
atfetme	NOUN	-
atgiller	NOUN	-
ati	NOUN	-
atik	ADJ	VOICING
atik	NOUN	VOICING
atikifobi	NOUN	-
atkuyruğu	NOUN	-
atkuyruğugiller	NOUN	-
atkı	NOUN	-
atkıla	VERB	-
atkılama	NOUN	-
atla	VERB	-
atlama	NOUN	-
atlambaç	NOUN	VOICING
atlan	VERB	-
atlangıç	NOUN	VOICING
atlanıl	VERB	-
atlanılma	NOUN	-
atlas	NOUN	-
atlat	VERB	-
atlatabil	VERB	-
atlatabilme	NOUN	-
atlatma	NOUN	-
atlattır	VERB	-
atlattırma	NOUN	-
atlatıl	VERB	-
atlatılabil	VERB	-
atlatılabilme	NOUN	-
atlatılma	NOUN	-
atlatılış	NOUN	-
atlatış	NOUN	-
atlayabil	VERB	-
atlayabilme	NOUN	-
atlayıver	VERB	-
atlayıverme	NOUN	-
atlayış	NOUN	-
atlet	NOUN	-
atletik	ADJ	-
atletik	NOUN	-
atletizm	NOUN	-
atlıkarınca	NOUN	-
atma	NOUN	-
atmaca	NOUN	-
atmacacıbaşı	NOUN	-
atmacagiller	NOUN	-
atmasyon	NOUN	-
atmosfer	NOUN	-
atmosferik	ADJ	-
atmık	NOUN	VOICING
atol	NOUN	-
atom	NOUN	-
atomal	ADJ	-
atomik	ADJ	-
atonal	ADJ	-
atraksiyon	NOUN	-
atropin	NOUN	-
attır	VERB	-
attırabil	VERB	-
attırabilme	NOUN	-
attırma	NOUN	-
attırt	VERB	-
attırtma	NOUN	-
attırıl	VERB	-
attırılma	NOUN	-
attırış	NOUN	-
atv	NOUN	-
atçı	NOUN	-
atölye	NOUN	-
atıf	NOUN	-
atıfet	NOUN	-
atıfla	VERB	-
atıflama	NOUN	-
atıflan	VERB	-
atık	ADJ	VOICING
atık	NOUN	VOICING
atıl	ADJ	-
atıl	NOUN	-
atıl	VERB	-
atılabil	VERB	-
atılabilme	NOUN	-
atılgan	ADJ	-
atılgan	NOUN	-
atılganca	ADJ	-
atılganlaş	VERB	-
atılma	NOUN	-
atılım	NOUN	-
atılıver	VERB	-
atılıverme	NOUN	-
atılış	NOUN	-
atım	NOUN	-
atıver	VERB	-
atıverme	NOUN	-
atıyorum	NOUN	-
atış	NOUN	-
atış	VERB	-
atışabil	VERB	-
atışabilme	NOUN	-
atışma	NOUN	-
atıştır	VERB	-
atıştırabil	VERB	-
atıştırabilme	NOUN	-
atıştırma	NOUN	-
atıştırıver	VERB	-
atıştırıverme	NOUN	-
atıştırış	NOUN	-
aura	NOUN	-
aut	NOUN	-
av	NOUN	-
avadan	NOUN	-
aval	ADJ	-
aval	NOUN	-
avalca	ADJ	-
avalca	ADV	-
avallaş	VERB	-
avam	NOUN	-
avamca	ADV	-
avanak	ADJ	VOICING
avanaklaş	VERB	-
avanakça	ADV	-
avanakçasına	ADV	-
avane	NOUN	-
avangart	NOUN	VOICING
avanproje	NOUN	-
avans	NOUN	-
avanta	NOUN	-
avantadan	ADV	-
avantaj	NOUN	-
avantür	ADJ	-
avantür	NOUN	-
avantüriye	ADJ	-
avantüriyer	ADJ	-
avara	ADJ	-
avara	INTERJ	-
avara	NOUN	-
avare	ADJ	-
avare	NOUN	-
avareleş	VERB	-
avareleştir	VERB	-
avarya	NOUN	-
avarız	NOUN	-
avaz	NOUN	-
avaze	NOUN	-
avdet	NOUN	-
avdetî	ADJ	-
averaj	NOUN	-
avisto	NOUN	-
avize	NOUN	-
avla	VERB	-
avlak	NOUN	VOICING
avlama	NOUN	-
avlan	VERB	-
avlanabil	VERB	-
avlanabilme	NOUN	-
avlanış	NOUN	-
avlat	VERB	-
avlatma	NOUN	-
avlayabil	VERB	-
avlayabilme	NOUN	-
avlayıver	VERB	-
avlayıverme	NOUN	-
avlayış	NOUN	-
avokado	NOUN	-
avrat	NOUN	VOICING
avret	NOUN	-
avro	NOUN	-
avrovil	NOUN	-
avukat	NOUN	-
avun	VERB	-
avunabil	VERB	-
avunabilme	NOUN	-
avundur	VERB	-
avundurma	NOUN	-
avunma	NOUN	-
avuntu	NOUN	-
avunul	VERB	-
avunulma	NOUN	-
avunuver	VERB	-
avunuverme	NOUN	-
avunuş	NOUN	-
avunç	NOUN	VOICING
avurt	NOUN	VOICING
avurtla	VERB	-
avurtlama	NOUN	-
avut	VERB	-
avutabil	VERB	-
avutabilme	NOUN	-
avutma	NOUN	-
avutul	VERB	-
avutulma	NOUN	-
avutuluş	NOUN	-
avutuver	VERB	-
avutuverme	NOUN	-
avutuş	NOUN	-
avuç	NOUN	VOICING
avuçla	VERB	-
avuçlama	NOUN	-
avuçlan	VERB	-
avuçlat	VERB	-
avuçlatma	NOUN	-
avuçlayabil	VERB	-
avuçlayabilme	NOUN	-
avuçlayıver	VERB	-
avuçlayıverme	NOUN	-
avuçlayış	NOUN	-
ay	INTERJ	-
ay	NOUN	-
ay	VERB	-
aya	NOUN	-
ayak	NOUN	VOICING
ayakaltı	NOUN	-
ayakbastı	NOUN	-
ayakkabı	NOUN	-
ayakla	VERB	-
ayaklama	NOUN	-
ayaklan	VERB	-
ayaklanabil	VERB	-
ayaklanabilme	NOUN	-
ayaklandır	VERB	-
ayaklandırabil	VERB	-
ayaklandırabilme	NOUN	-
ayaklandırıl	VERB	-
ayaklandırılabil	VERB	-
ayaklandırılabilme	NOUN	-
ayaklandırılma	NOUN	-
ayaklanıver	VERB	-
ayaklanıverme	NOUN	-
ayaklanış	NOUN	-
ayaksı	ADJ	-
ayaksızlar	NOUN	-
ayakta	ADV	-
ayakta	NOUN	-
ayaktakımı	NOUN	-
ayaktaş	NOUN	-
ayakçak	NOUN	VOICING
ayakçı	NOUN	-
ayakçın	NOUN	-
ayaküstü	ADV	-
ayaküstü	NOUN	-
ayaküzeri	ADV	-
ayal	NOUN	-
ayan	ADJ	-
ayandon	NOUN	-
ayar	NOUN	-
ayarla	VERB	-
ayarlama	NOUN	-
ayarlan	VERB	-
ayarlanabil	VERB	-
ayarlanabilme	NOUN	-
ayarlanış	NOUN	-
ayarlat	VERB	-
ayarlatabil	VERB	-
ayarlatabilme	NOUN	-
ayarlatma	NOUN	-
ayarlayabil	VERB	-
ayarlayabilme	NOUN	-
ayarlayıver	VERB	-
ayarlayıverme	NOUN	-
ayarlayış	NOUN	-
ayart	VERB	-
ayartabil	VERB	-
ayartabilme	NOUN	-
ayartma	NOUN	-
ayartı	NOUN	-
ayartıl	VERB	-
ayartılabil	VERB	-
ayartılabilme	NOUN	-
ayartılma	NOUN	-
ayartılış	NOUN	-
ayartış	NOUN	-
ayaz	NOUN	-
ayazla	VERB	-
ayazlama	NOUN	-
ayazlan	VERB	-
ayazlandır	VERB	-
ayazlandırıl	VERB	-
ayazlandırılma	NOUN	-
ayazlat	VERB	-
ayazlatma	NOUN	-
ayazma	NOUN	-
aybaşı	NOUN	-
aybeay	ADV	-
aydede	NOUN	-
aydemir	NOUN	-
aydın	ADJ	-
aydın	NOUN	-
aydınca	ADV	-
aydıncık	NOUN	VOICING
aydınger	NOUN	-
aydınlan	VERB	-
aydınlanabil	VERB	-
aydınlanabilme	NOUN	-
aydınlanıver	VERB	-
aydınlanıverme	NOUN	-
aydınlanış	NOUN	-
aydınlat	VERB	-
aydınlatabil	VERB	-
aydınlatabilme	NOUN	-
aydınlatma	NOUN	-
aydınlatıl	VERB	-
aydınlatılabil	VERB	-
aydınlatılabilme	NOUN	-
aydınlatılma	NOUN	-
aydınlatılış	NOUN	-
aydınlatıver	VERB	-
aydınlatıverme	NOUN	-
aydınlatış	NOUN	-
aydınlaş	VERB	-
aydınlıkölçer	NOUN	-
ayet	NOUN	-
ayetikerime	NOUN	-
ayevi	NOUN	-
aygın	ADJ	-
aygır	NOUN	-
aygıt	NOUN	-
ayin	NOUN	-
ayinicem	NOUN	-
ayinişerif	NOUN	-
aykırı	ADJ	-
aykırı	NOUN	-
aykırıla	VERB	-
aykırılama	NOUN	-
aykırılaş	VERB	-
ayla	NOUN	-
ayla	VERB	-
aylak	ADJ	VOICING
aylakçı	NOUN	-
aylama	NOUN	-
aylan	VERB	-
aylandız	NOUN	-
aylarca	ADV	-
aylıkçı	NOUN	-
aylığına	ADV	-
ayma	NOUN	-
aymaz	ADJ	-
aymazlaş	VERB	-
aymazlaşabil	VERB	-
aymazlaşabilme	NOUN	-
ayn	NOUN	-
ayna	ADJ	-
ayna	NOUN	-
aynabakar	NOUN	-
aynagöz	ADJ	-
aynakol	NOUN	-
aynalaş	VERB	-
aynaz	NOUN	-
aynen	ADV	-
aynen	NOUN	-
ayni	ADJ	-
ayniyat	NOUN	-
ayniyet	NOUN	-
aynı	ADJ	-
aynı	NOUN	-
aynılaş	VERB	-
aynılaştır	VERB	-
aynısefa	NOUN	-
aynısı	PRON	-
aynıyla	ADV	-
aynştaynyum	NOUN	-
ayol	INTERJ	-
ayran	NOUN	-
ayranlaş	VERB	-
ayraç	NOUN	VOICING
ayrı	ADJ	-
ayrı	ADV	-
ayrı	NOUN	-
ayrıca	ADV	-
ayrıca	NOUN	-
ayrıcalıklıca	ADV	-
ayrıcalıksızca	ADV	-
ayrık	ADJ	VOICING
ayrık	NOUN	VOICING
ayrıksı	ADJ	-
ayrıksı	NOUN	-
ayrıksızca	ADV	-
ayrıl	VERB	-
ayrılabil	VERB	-
ayrılabilme	NOUN	-
ayrılan	VERB	-
ayrılaş	VERB	-
ayrılma	NOUN	-
ayrılıver	VERB	-
ayrılıverme	NOUN	-
ayrılış	NOUN	-
ayrılış	VERB	-
ayrılışma	NOUN	-
ayrım	NOUN	-
ayrımcık	NOUN	VOICING
ayrımla	VERB	-
ayrımlama	NOUN	-
ayrımlaş	VERB	-
ayrımlaştır	VERB	-
ayrımlıca	ADV	-
ayrımsa	VERB	-
ayrımsama	NOUN	-
ayrımsan	VERB	-
ayrımsanma	NOUN	-
ayrımsayış	NOUN	-
ayrımsızca	ADV	-
ayrıntı	NOUN	-
ayrıntılandır	VERB	-
ayrıntılandırabil	VERB	-
ayrıntılandırabilme	NOUN	-
ayrıntılandırıl	VERB	-
ayrıntılandırılma	NOUN	-
ayrıntılandırış	NOUN	-
ayrıntısızca	ADV	-
ayrıt	NOUN	-
ayrıyeten	ADV	-
ayrıç	NOUN	VOICING
ayrış	VERB	-
ayrışabil	VERB	-
ayrışabilme	NOUN	-
ayrışma	NOUN	-
ayrıştır	VERB	-
ayrıştırabil	VERB	-
ayrıştırabilme	NOUN	-
ayrıştırma	NOUN	-
ayrışık	ADJ	-
ayrışık	NOUN	-
ayrışım	NOUN	-
aysar	ADJ	-
aysar	NOUN	-
aysberg	NOUN	-
aysfilt	NOUN	VOICING
aytış	VERB	-
aytışma	NOUN	-
ayva	NOUN	-
ayvadana	NOUN	-
ayvan	NOUN	-
ayvaz	NOUN	-
ayyar	ADJ	-
ayyaş	ADJ	-
ayyaşlaş	VERB	-
ayyuk	NOUN	-
ayça	NOUN	-
ayçiçeği	NOUN	-
ayı	INTERJ	-
ayı	NOUN	-
ayıbacağı	NOUN	-
ayıboğan	ADJ	-
ayıgiller	NOUN	-
ayık	ADJ	-
ayık	ADV	-
ayık	VERB	-
ayıkla	VERB	-
ayıklama	NOUN	-
ayıklan	VERB	-
ayıklanabil	VERB	-
ayıklanabilme	NOUN	-
ayıklanıver	VERB	-
ayıklanıverme	NOUN	-
ayıklanış	NOUN	-
ayıklat	VERB	-
ayıklatabil	VERB	-
ayıklatabilme	NOUN	-
ayıklatma	NOUN	-
ayıklayabil	VERB	-
ayıklayabilme	NOUN	-
ayıklayıver	VERB	-
ayıklayıverme	NOUN	-
ayıkma	NOUN	-
ayıkulağı	NOUN	-
ayıl	VERB	-
ayılabil	VERB	-
ayılabilme	NOUN	-
ayılaş	VERB	-
ayılma	NOUN	-
ayılt	VERB	-
ayıltabil	VERB	-
ayıltabilme	NOUN	-
ayıltma	NOUN	-
ayıltı	NOUN	-
ayıltıl	VERB	-
ayıltılma	NOUN	-
ayılış	NOUN	-
ayın	NOUN	-
ayınga	NOUN	-
ayıp	ADJ	VOICING
ayıp	NOUN	VOICING
ayıpla	VERB	-
ayıplama	NOUN	-
ayıplan	VERB	-
ayıplayabil	VERB	-
ayıplayabilme	NOUN	-
ayır	VERB	-
ayırabil	VERB	-
ayırabilme	NOUN	-
ayıran	ADJ	-
ayıraç	NOUN	VOICING
ayırma	NOUN	-
ayırmaç	NOUN	VOICING
ayırt	NOUN	VOICING
ayırt	VERB	-
ayırtabil	VERB	-
ayırtabilme	NOUN	-
ayırtaç	NOUN	VOICING
ayırtma	NOUN	-
ayırtman	NOUN	-
ayırttır	VERB	-
ayırttırma	NOUN	-
ayırtı	NOUN	-
ayırtıl	VERB	-
ayırtılma	NOUN	-
ayırıver	VERB	-
ayırıverme	NOUN	-
ayırış	NOUN	-
ayıt	NOUN	-
ayşekadın	NOUN	-
az	ADJ	-
az	ADV	-
az	VERB	-
aza	NOUN	-
azabil	VERB	-
azabilme	NOUN	-
azade	ADJ	-
azade	ADV	-
azade	NOUN	-
azal	VERB	-
azalabil	VERB	-
azalabilme	NOUN	-
azalma	NOUN	-
azalt	VERB	-
azaltabil	VERB	-
azaltabilme	NOUN	-
azaltma	NOUN	-
azalttır	VERB	-
azalttırma	NOUN	-
azaltıl	VERB	-
azaltılabil	VERB	-
azaltılabilme	NOUN	-
azaltılma	NOUN	-
azaltılış	NOUN	-
azaltım	NOUN	-
azaltış	NOUN	-
azalış	NOUN	-
azamet	NOUN	-
azami	ADJ	-
azami	NOUN	-
azap	NOUN	VOICING
azar	NOUN	-
azarla	VERB	-
azarlama	NOUN	-
azarlan	VERB	-
azarlanabil	VERB	-
azarlanabilme	NOUN	-
azarlanış	NOUN	-
azarlat	VERB	-
azarlatma	NOUN	-
azarlayabil	VERB	-
azarlayabilme	NOUN	-
azarlayıver	VERB	-
azarlayıverme	NOUN	-
azarlayış	NOUN	-
azat	ADJ	VOICING
azat	NOUN	VOICING
azca	ADV	-
azdır	VERB	-
azdırabil	VERB	-
azdırabilme	NOUN	-
azdırma	NOUN	-
azdırıl	VERB	-
azdırılma	NOUN	-
azdırış	NOUN	-
azel	NOUN	-
azelleş	VERB	-
azgın	ADJ	-
azgın	NOUN	-
azgınlaş	VERB	-
azgınlaştır	VERB	-
azil	NOUN	VOWEL_DROP
azim	NOUN	-
azimet	NOUN	-
azimkâr	ADJ	-
azimkârane	ADV	-
azit	NOUN	VOICING
aziz	ADJ	-
aziz	NOUN	-
azize	NOUN	-
azizim	INTERJ	-
aziziye	NOUN	-
azlaştır	VERB	-
azledil	VERB	-
azledilebil	VERB	-
azledilebilme	NOUN	-
azlediliş	NOUN	-
azledilme	NOUN	-
azlediş	NOUN	-
azlet	VERB	-
azletme	NOUN	-
azlettir	VERB	-
azlettirme	NOUN	-
azlolun	VERB	-
azlolunma	NOUN	-
azma	ADJ	-
azma	NOUN	-
azman	ADJ	-
azman	NOUN	-
azmankaya	NOUN	-
azmanlaş	VERB	-
azmet	VERB	-
azmetme	NOUN	-
azmettir	VERB	-
azmettirme	NOUN	-
aznavur	NOUN	-
aznif	NOUN	-
azoik	ADJ	VOICING
azoik	NOUN	VOICING
azol	NOUN	-
azonal	NOUN	-
azot	NOUN	-
azotla	VERB	-
azotlama	NOUN	-
azotometre	NOUN	-
azotölçer	NOUN	-
azotür	NOUN	-
azvay	NOUN	-
azı	NOUN	-
azıcık	ADJ	-
azıcık	ADV	-
azık	NOUN	VOICING
azımsa	VERB	-
azımsama	NOUN	-
azımsan	VERB	-
azımsanabil	VERB	-
azımsanabilme	NOUN	-
azımsanma	NOUN	-
azımsayabil	VERB	-
azımsayabilme	NOUN	-
azımsayış	NOUN	-
azıt	VERB	-
azıtabil	VERB	-
azıtabilme	NOUN	-
azıtma	NOUN	-
azıttır	VERB	-
azıttırma	NOUN	-
azıtıl	VERB	-
azıtılma	NOUN	-
azış	NOUN	-
azış	VERB	-
azışma	NOUN	-
azıştır	VERB	-
azıştırma	NOUN	-
aç	ADJ	-
aç	ADV	-
aç	NOUN	-
aç	VERB	-
açabil	VERB	-
açabilme	NOUN	-
açacak	NOUN	VOICING
açadur	VERB	-
açadurma	NOUN	-
açan	NOUN	-
açar	NOUN	-
açelya	NOUN	-
açgöz	ADJ	-
açgözlüce	ADV	-
açgözlüleş	VERB	-
açgözlüleşebil	VERB	-
açgözlüleşebilme	NOUN	-
açkı	NOUN	-
açkıla	VERB	-
açkılama	NOUN	-
açkılan	VERB	-
açkılat	VERB	-
açkılatma	NOUN	-
açkılatıl	VERB	-
açkılatılma	NOUN	-
açma	NOUN	-
açmaz	NOUN	-
açtır	VERB	-
açtırabil	VERB	-
açtırabilme	NOUN	-
açtırma	NOUN	-
açtırıl	VERB	-
açtırılma	NOUN	-
açtırış	NOUN	-
açı	NOUN	-
açık	ADJ	VOICING
açık	ADV	VOICING
açık	NOUN	VOICING
açıkağız	NOUN	-
açıkgöz	ADJ	-
açıkla	VERB	-
açıklama	NOUN	-
açıklan	VERB	-
açıklanabil	VERB	-
açıklanabilir	ADJ	-
açıklanabilme	NOUN	-
açıklanan	NOUN	-
açıklanış	NOUN	-
açıklat	VERB	-
açıklatabil	VERB	-
açıklatabilme	NOUN	-
açıklatma	NOUN	-
açıklattır	VERB	-
açıklattırma	NOUN	-
açıklayabil	VERB	-
açıklayabilme	NOUN	-
açıklayan	NOUN	-
açıklayıver	VERB	-
açıklayıverme	NOUN	-
açıklayış	NOUN	-
açıklaş	VERB	-
açıklaştır	VERB	-
açıklaştırabil	VERB	-
açıklaştırabilme	NOUN	-
açıklaştırıl	VERB	-
açıklaştırılma	NOUN	-
açıklıkla	ADV	-
açıklıkölçer	NOUN	-
açıktan	ADV	-
açıktan	NOUN	-
açıkça	ADV	-
açıkça	NOUN	-
açıkçası	ADV	-
açıkçası	NOUN	-
açıkçı	NOUN	-
açıl	VERB	-
açılabil	VERB	-
açılabilme	NOUN	-
açılama	NOUN	-
açılma	NOUN	-
açılım	NOUN	-
açılıver	VERB	-
açılıverme	NOUN	-
açılış	NOUN	-
açım	NOUN	-
açımla	VERB	-
açımlama	NOUN	-
açımlan	VERB	-
açımlanış	NOUN	-
açımlayış	NOUN	-
açın	VERB	-
açındır	VERB	-
açındırma	NOUN	-
açınma	NOUN	-
açınsa	VERB	-
açınsama	NOUN	-
açınım	NOUN	-
açıortay	NOUN	-
açısal	ADJ	-
açıt	NOUN	-
açıver	VERB	-
açıverme	NOUN	-
açıölçer	NOUN	-
açış	NOUN	-
ağ	NOUN	-
ağ	VERB	-
ağa	ADJ	-
ağa	NOUN	-
ağababa	INTERJ	-
ağababa	NOUN	-
ağabey	INTERJ	-
ağabey	NOUN	-
ağacık	NOUN	VOICING
ağacımsı	ADJ	-
ağalan	VERB	-
ağar	VERB	-
ağarabil	VERB	-
ağarabilme	NOUN	-
ağarma	NOUN	-
ağart	VERB	-
ağartabil	VERB	-
ağartabilme	NOUN	-
ağartma	NOUN	-
ağartı	NOUN	-
ağartıl	VERB	-
ağartılma	NOUN	-
ağartılış	NOUN	-
ağarık	ADJ	-
ağarık	NOUN	-
ağarıver	VERB	-
ağarıverme	NOUN	-
ağarış	NOUN	-
ağaç	ADJ	VOICING
ağaç	NOUN	VOICING
ağaçdelen	NOUN	-
ağaçkakan	NOUN	-
ağaçkesen	NOUN	-
ağaçküpesi	NOUN	-
ağaçla	VERB	-
ağaçlama	NOUN	-
ağaçlan	VERB	-
ağaçlandır	VERB	-
ağaçlandırabil	VERB	-
ağaçlandırabilme	NOUN	-
ağaçlandırıl	VERB	-
ağaçlandırılma	NOUN	-
ağaçlandırılış	NOUN	-
ağaçlandırış	NOUN	-
ağaçlaş	VERB	-
ağaçsı	ADJ	-
ağaçsıl	ADJ	-
ağaçsıl	NOUN	-
ağaççık	NOUN	VOICING
ağbenek	NOUN	VOICING
ağca	ADJ	-
ağcık	NOUN	VOICING
ağda	NOUN	-
ağdalan	VERB	-
ağdalanış	NOUN	-
ağdalaş	VERB	-
ağdalaşabil	VERB	-
ağdalaşabilme	NOUN	-
ağdalaştır	VERB	-
ağdalaştırıl	VERB	-
ağdalaştırılma	NOUN	-
ağdalaşıver	VERB	-
ağdalaşıverme	NOUN	-
ağdır	VERB	-
ağdırma	NOUN	-
ağla	VERB	-
ağlak	ADJ	-
ağlama	NOUN	-
ağlamsı	ADJ	-
ağlan	VERB	-
ağlantı	NOUN	-
ağlat	VERB	-
ağlatabil	VERB	-
ağlatabilme	NOUN	-
ağlatma	NOUN	-
ağlatı	NOUN	-
ağlatış	NOUN	-
ağlayabil	VERB	-
ağlayabilme	NOUN	-
ağlayıver	VERB	-
ağlayıverme	NOUN	-
ağlayış	NOUN	-
ağlaş	VERB	-
ağma	NOUN	-
ağna	VERB	-
ağnam	NOUN	-
ağnama	NOUN	-
ağraz	NOUN	-
ağrı	NOUN	-
ağrı	VERB	-
ağrıma	NOUN	-
ağrısızca	ADV	-
ağrıt	VERB	-
ağrıtabil	VERB	-
ağrıtabilme	NOUN	-
ağrıtma	NOUN	-
ağrıtış	NOUN	-
ağrıyabil	VERB	-
ağrıyabilme	NOUN	-
ağrıyış	NOUN	-
ağsı	ADJ	-
ağustos	NOUN	-
ağyar	NOUN	-
ağzıaçık	NOUN	VOICING
ağzından	NOUN	-
ağı	NOUN	-
ağıl	NOUN	-
ağıla	VERB	-
ağılama	NOUN	-
ağılan	VERB	-
ağılandır	VERB	-
ağılaş	VERB	-
ağıllan	VERB	-
ağım	NOUN	-
ağın	VERB	-
ağınma	NOUN	-
ağır	ADJ	-
ağır	ADV	-
ağır	NOUN	-
ağırayak	ADJ	-
ağırca	ADJ	-
ağırca	ADV	-
ağırca	NOUN	-
ağırla	VERB	-
ağırlama	NOUN	-
ağırlan	VERB	-
ağırlanabil	VERB	-
ağırlanabilme	NOUN	-
ağırlanış	NOUN	-
ağırlat	VERB	-
ağırlatabil	VERB	-
ağırlatabilme	NOUN	-
ağırlatma	NOUN	-
ağırlayabil	VERB	-
ağırlayabilme	NOUN	-
ağırlayış	NOUN	-
ağırlaş	VERB	-
ağırlaşabil	VERB	-
ağırlaşabilme	NOUN	-
ağırlaştır	VERB	-
ağırlaştırabil	VERB	-
ağırlaştırabilme	NOUN	-
ağırlaştırıl	VERB	-
ağırlaştırılabil	VERB	-
ağırlaştırılabilme	NOUN	-
ağırlaştırılma	NOUN	-
ağırlıksızlaş	VERB	-
ağırsa	VERB	-
ağırsama	NOUN	-
ağırşak	NOUN	VOICING
ağırşaklan	VERB	-
ağıt	NOUN	VOICING
ağıtlama	NOUN	-
ağıtsal	ADJ	-
ağıtçı	NOUN	-
ağız	NOUN	VOWEL_DROP
ağızcıl	ADJ	-
ağızdan	ADV	-
ağızdan	NOUN	-
ağızla	VERB	-
ağızlama	NOUN	-
ağızlaş	VERB	-
ağızlıkçı	NOUN	-
ağızotu	NOUN	-
ağızsıl	ADJ	-
ağış	NOUN	-
aş	NOUN	-
aş	VERB	-
aşabil	VERB	-
aşabilme	NOUN	-
aşama	NOUN	-
aşamala	VERB	-
aşamalama	NOUN	-
aşamalan	VERB	-
aşamalandır	VERB	-
aşamalandırıl	VERB	-
aşamalandırılma	NOUN	-
aşar	NOUN	-
aşari	NOUN	-
aşağı	ADJ	-
aşağı	ADV	-
aşağı	NOUN	-
aşağıla	VERB	-
aşağılama	NOUN	-
aşağılan	VERB	-
aşağılanabil	VERB	-
aşağılanabilme	NOUN	-
aşağılanış	NOUN	-
aşağılat	VERB	-
aşağılatma	NOUN	-
aşağılayabil	VERB	-
aşağılayabilme	NOUN	-
aşağılayış	NOUN	-
aşağılaş	VERB	-
aşağılaşabil	VERB	-
aşağılaşabilme	NOUN	-
aşağısa	VERB	-
aşağısama	NOUN	-
aşağısan	VERB	-
aşağısanma	NOUN	-
aşer	VERB	-
aşerat	NOUN	-
aşereimübeşşere	NOUN	-
aşerme	NOUN	-
aşevi	NOUN	-
aşhane	NOUN	-
aşikâr	ADJ	-
aşikâre	ADV	-
aşina	ADJ	-
aşina	NOUN	-
aşir	NOUN	VOWEL_DROP
aşiret	NOUN	-
aşiyan	NOUN	-
aşk	NOUN	-
aşkmerdiveni	NOUN	-
aşkın	ADJ	-
aşkın	NOUN	-
aşma	NOUN	-
aşoz	NOUN	-
aştır	VERB	-
aştırma	NOUN	-
aşure	NOUN	-
aşçı	NOUN	-
aşçıbaşı	NOUN	-
aşüfte	NOUN	-
aşı	ADJ	-
aşı	NOUN	-
aşık	NOUN	VOICING
aşıl	VERB	-
aşıla	VERB	-
aşılabil	VERB	-
aşılabilme	NOUN	-
aşılama	ADJ	-
aşılama	NOUN	-
aşılan	VERB	-
aşılanış	NOUN	-
aşılat	VERB	-
aşılatabil	VERB	-
aşılatabilme	NOUN	-
aşılatma	NOUN	-
aşılatıl	VERB	-
aşılatılma	NOUN	-
aşılayabil	VERB	-
aşılayabilme	NOUN	-
aşılayış	NOUN	-
aşılma	NOUN	-
aşım	NOUN	-
aşın	VERB	-
aşınabil	VERB	-
aşınabilme	NOUN	-
aşındır	VERB	-
aşındırabil	VERB	-
aşındırabilme	NOUN	-
aşındırma	NOUN	-
aşındırıl	VERB	-
aşındırılma	NOUN	-
aşındırılış	NOUN	-
aşındırış	NOUN	-
aşınma	NOUN	-
aşınmaz	ADJ	-
aşıntı	NOUN	-
aşınım	NOUN	-
aşınıver	VERB	-
aşınıverme	NOUN	-
aşınış	NOUN	-
aşır	VERB	-
aşırabil	VERB	-
aşırabilme	NOUN	-
aşıramento	NOUN	-
aşırma	ADJ	-
aşırma	NOUN	-
aşırmasyon	NOUN	-
aşırt	VERB	-
aşırtma	NOUN	-
aşırtı	NOUN	-
aşırı	ADJ	-
aşırı	ADV	-
aşırı	NOUN	-
aşırıl	VERB	-
aşırılabil	VERB	-
aşırılabilme	NOUN	-
aşırılaş	VERB	-
aşırılaştır	VERB	-
aşırılma	NOUN	-
aşırıntı	NOUN	-
aşırıver	VERB	-
aşırıverme	NOUN	-
aşırış	NOUN	-
aşıt	NOUN	VOICING
aşıver	VERB	-
aşıverme	NOUN	-
baba	ADJ	-
baba	NOUN	-
babaanne	NOUN	-
babaca	ADJ	-
babacan	ADJ	-
babacanca	ADJ	-
babacanca	ADV	-
babacanlaş	VERB	-
babacık	NOUN	VOICING
babacıl	ADJ	-
babaevi	NOUN	-
babafingo	NOUN	-
babaköş	NOUN	-
babalan	VERB	-
babalanabil	VERB	-
babalanabilme	NOUN	-
babam!	NOUN	-
babatorik	NOUN	VOICING
babayani	ADJ	-
babayani	NOUN	-
babayiğit	ADJ	VOICING
babayiğit	NOUN	VOICING
babayiğitçe	ADV	-
babaç	ADJ	VOICING
babaç	NOUN	VOICING
babaçko	ADJ	-
babet	NOUN	-
babilhane	NOUN	-
babun	NOUN	-
babılda	VERB	-
babıldama	NOUN	-
baca	NOUN	-
bacabaşı	NOUN	-
bacak	NOUN	VOICING
bacakkalemi	NOUN	-
bacakkıran	NOUN	-
bacanak	NOUN	VOICING
background	NOUN	-
bacı	INTERJ	-
bacı	NOUN	-
bad	NOUN	-
badal	NOUN	-
badana	NOUN	-
badanala	VERB	-
badanalama	NOUN	-
badanalan	VERB	-
badanalat	VERB	-
badanalatma	NOUN	-
badas	NOUN	-
badat	NOUN	-
bade	NOUN	-
badeharabilbasra	ADV	-
badehu	ADV	-
badelmilat	ADV	-
badem	NOUN	-
badema	ADV	-
bademcik	NOUN	VOICING
bademsi	ADJ	-
baderna	NOUN	-
badi	NOUN	-
badik	ADJ	VOICING
badik	NOUN	VOICING
badikle	VERB	-
badikleme	NOUN	-
badikleş	VERB	-
badire	NOUN	-
badiye	NOUN	-
badminton	NOUN	-
badya	NOUN	-
badısaba	NOUN	-
badıç	NOUN	VOICING
bagaj	NOUN	-
baget	NOUN	-
bahadır	NOUN	-
bahane	NOUN	-
bahar	NOUN	-
baharat	NOUN	-
baharatla	VERB	-
baharatlama	NOUN	-
baharatlan	VERB	-
baharatlandır	VERB	-
baharatçı	NOUN	-
bahariye	NOUN	-
baharlan	VERB	-
bahir	NOUN	VOWEL_DROP
bahis	NOUN	-
bahisçi	NOUN	-
bahname	NOUN	-
bahri	ADJ	-
bahri	NOUN	-
bahriye	NOUN	-
bahsedebil	VERB	-
bahsedebilme	NOUN	-
bahsedil	VERB	-
bahsediliş	NOUN	-
bahsedilme	NOUN	-
bahsediş	NOUN	-
bahset	VERB	-
bahsetme	NOUN	-
bahsolun	VERB	-
bahsolunma	NOUN	-
baht	NOUN	-
bahtiyar	ADJ	-
bahtiyar	NOUN	-
bahtsızca	ADJ	-
bahtsızca	ADV	-
bahtsızcasına	ADV	-
bahusus	ADV	-
bahçe	NOUN	-
bahçemsi	ADJ	-
bahçıvan	NOUN	-
bahşedebil	VERB	-
bahşedebilme	NOUN	-
bahşedil	VERB	-
bahşedilme	NOUN	-
bahşediş	NOUN	-
bahşet	VERB	-
bahşetme	NOUN	-
bahşettir	VERB	-
bahşettirme	NOUN	-
bahşiş	NOUN	-
bak	VERB	-
bak!	NOUN	-
bakabil	VERB	-
bakabilme	NOUN	-
bakadur	VERB	-
bakadurma	NOUN	-
bakakal	VERB	-
bakakalma	NOUN	-
bakakalış	NOUN	-
bakalit	NOUN	-
bakalorya	NOUN	-
bakam	NOUN	-
bakan	NOUN	-
bakanak	NOUN	VOICING
bakara	NOUN	-
bakarak	POSTP	-
bakarsın	NOUN	-
bakaya	NOUN	-
bakayaz	VERB	-
bakayazma	NOUN	-
bakaç	NOUN	VOICING
baki	ADJ	-
baki	NOUN	-
bakir	ADJ	-
bakir	NOUN	-
bakire	ADJ	-
bakiye	NOUN	-
bakkal	NOUN	-
bakkaliye	NOUN	-
bakla	NOUN	-
baklagiller	NOUN	-
baklamsı	ADJ	-
baklan	NOUN	-
baklava	NOUN	-
baklaçiçeği	ADJ	-
baklaçiçeği	NOUN	-
bakliyat	NOUN	-
bakma	NOUN	-
bakraç	ADJ	VOICING
bakraç	NOUN	VOICING
baks	NOUN	-
bakteri	NOUN	-
bakteridi	NOUN	-
bakterigiller	NOUN	-
bakterikıran	ADJ	-
bakterisit	ADJ	-
bakteriyel	ADJ	-
bakteriyolog	NOUN	-
bakteriyoloji	NOUN	-
bakteriyolojik	ADJ	-
bakteriyoskopi	NOUN	-
baktır	VERB	-
baktırabil	VERB	-
baktırabilme	NOUN	-
baktırma	NOUN	-
baktırt	VERB	-
baktırtma	NOUN	-
bakı	NOUN	-
bakıl	VERB	-
bakılabil	VERB	-
bakılabilme	NOUN	-
bakılma	NOUN	-
bakılsa	NOUN	-
bakılış	NOUN	-
bakım	NOUN	-
bakımdan	ADV	-
bakımevi	NOUN	-
bakımından	NOUN	-
bakımından	POSTP	-
bakın	VERB	-
bakınabil	VERB	-
bakınabilme	NOUN	-
bakıncak	NOUN	VOICING
bakındı	INTERJ	-
bakınma	NOUN	-
bakıntı	NOUN	-
bakınış	NOUN	-
bakır	ADJ	-
bakır	NOUN	-
bakırlaş	VERB	-
bakırsı	ADJ	-
bakırımsı	ADJ	-
bakıver	VERB	-
bakıverme	NOUN	-
bakış	NOUN	-
bakış	VERB	-
bakışabil	VERB	-
bakışabilme	NOUN	-
bakışma	NOUN	-
bakışım	NOUN	-
bakışıver	VERB	-
bakışıverme	NOUN	-
bakşı	NOUN	-
bal	NOUN	-
bala	NOUN	-
balaban	ADJ	-
balaban	NOUN	-
balabanlaş	VERB	-
balalayka	NOUN	-
balama	NOUN	-
balans	NOUN	-
balar	NOUN	-
balast	NOUN	-
balat	NOUN	VOICING
balata	NOUN	-
balayı	NOUN	-
balbal	NOUN	-
baldo	NOUN	-
baldır	NOUN	-
baldırak	NOUN	VOICING
baldıran	NOUN	-
baldıranşerbeti	NOUN	-
baldırgan	NOUN	-
baldırpatlatan	NOUN	-
baldırsokan	NOUN	-
baldırıkara	NOUN	-
baldız	NOUN	-
bale	NOUN	-
balen	NOUN	-
balena	NOUN	-
balerin	NOUN	-
balerina	NOUN	-
balet	NOUN	-
balgam	NOUN	-
balgamsı	ADJ	-
balhane	NOUN	-
balina	NOUN	-
balinalar	NOUN	-
balinatarağı	NOUN	-
balistik	NOUN	VOICING
baliğ	ADJ	-
balkadın	NOUN	-
balkan	NOUN	-
balkon	NOUN	-
balkonsu	ADJ	-
balkonumsu	ADJ	-
balköpüğü	ADJ	-
balköpüğü	NOUN	-
balkı	ADJ	-
balkı	NOUN	-
balkı	VERB	-
balkıma	NOUN	-
balkır	NOUN	-
balla	VERB	-
ballama	NOUN	-
ballan	VERB	-
ballandır	VERB	-
ballandırış	NOUN	-
ballıbaba	NOUN	-
ballıbabagiller	NOUN	-
ballıdarı	NOUN	-
balo	NOUN	-
balon	NOUN	-
baloncuk	NOUN	VOICING
balonvari	ADJ	-
balotaj	NOUN	-
baloz	NOUN	-
balsam	NOUN	-
balsamik	ADJ	-
balsıra	NOUN	-
balta	NOUN	-
baltabaş	ADJ	-
baltabaş	NOUN	-
baltacık	NOUN	VOICING
baltala	VERB	-
baltalama	NOUN	-
baltalan	VERB	-
baltalanabil	VERB	-
baltalanabilme	NOUN	-
baltalanış	NOUN	-
baltalayabil	VERB	-
baltalayabilme	NOUN	-
baltalayıver	VERB	-
baltalayıverme	NOUN	-
baltalayış	NOUN	-
baltrap	NOUN	-
balya	NOUN	-
balyaj	NOUN	-
balyala	VERB	-
balyalama	NOUN	-
balyalan	VERB	-
balyalat	VERB	-
balyalatma	NOUN	-
balyalayabil	VERB	-
balyalayabilme	NOUN	-
balyemez	NOUN	-
balyos	NOUN	-
balyoz	NOUN	-
balyozla	VERB	-
balyozlama	NOUN	-
balyozlan	VERB	-
balyozlat	VERB	-
balyozlatma	NOUN	-
balzam	NOUN	-
balçak	NOUN	VOICING
balçiçeği	NOUN	-
balçık	NOUN	VOICING
balçıklaş	VERB	-
balıketi	ADJ	-
balıketinde	ADJ	-
balıkgözü	NOUN	-
balıkhane	NOUN	-
balıklama	ADV	-
balıklama	NOUN	-
balıklandır	VERB	-
balıklava	NOUN	-
balıknefesi	NOUN	-
balıksırtı	ADJ	-
balıksırtı	ADV	-
balıksırtı	NOUN	-
balıkçı	NOUN	-
balıkçıl	ADJ	-
balıkçıl	NOUN	-
balıkçılgiller	NOUN	-
balıkçıllar	NOUN	-
balıkçın	NOUN	-
bambaşka	ADJ	-
bambu	ADJ	-
bambu	NOUN	-
bambul	NOUN	-
bamya	NOUN	-
bamyatarlası	NOUN	-
ban	NOUN	-
ban	VERB	-
bana	PRON	-
banabil	VERB	-
banabilme	NOUN	-
banak	NOUN	VOICING
banal	ADJ	-
banal	NOUN	-
bandaj	NOUN	-
bandajla	VERB	-
bandajlama	NOUN	-
bandajlan	VERB	-
bandajlat	VERB	-
bandajlatma	NOUN	-
bandana	NOUN	-
bando	NOUN	-
bandrol	NOUN	-
bandır	VERB	-
bandıra	NOUN	-
bandırabil	VERB	-
bandırabilme	NOUN	-
bandırma	NOUN	-
bangırda	VERB	-
bangırdama	NOUN	-
bani	ADJ	-
bani	NOUN	-
banjo	NOUN	-
bank	NOUN	-
banka	NOUN	-
bankamatik	NOUN	VOICING
banker	NOUN	-
bankerzede	NOUN	-
banket	NOUN	-
bankiz	NOUN	-
banknot	NOUN	-
banko	ADV	-
banko	INTERJ	-
banko	NOUN	-
banla	VERB	-
banlama	NOUN	-
banlat	VERB	-
banlatma	NOUN	-
banlattır	VERB	-
banlattırma	NOUN	-
banliyö	NOUN	-
banma	NOUN	-
bant	NOUN	VOICING
bantla	VERB	-
bantlama	NOUN	-
bantlayabil	VERB	-
bantlayabilme	NOUN	-
banyo	NOUN	-
baobap	NOUN	VOICING
bap	NOUN	VOICING
baptist	NOUN	-
bar	NOUN	-
bara	NOUN	-
baraj	NOUN	-
barak	NOUN	VOICING
baraka	NOUN	-
barakacık	NOUN	VOICING
barakuda	NOUN	-
baran	NOUN	-
baranta	NOUN	-
baras	NOUN	-
barata	NOUN	-
baratarya	NOUN	-
barba	NOUN	-
barbakan	NOUN	-
barbar	ADJ	-
barbar	NOUN	-
barbarca	ADJ	-
barbarca	ADV	-
barbarcasına	ADV	-
barbarizm	NOUN	-
barbarlaş	VERB	-
barbarlaşabil	VERB	-
barbarlaşabilme	NOUN	-
barbata	NOUN	-
barbaşı	NOUN	-
barbekü	NOUN	-
barbun	NOUN	-
barbunya	NOUN	-
barbunyagiller	NOUN	-
barbut	NOUN	-
barbutçu	NOUN	-
barda	NOUN	-
bardacık	NOUN	VOICING
bardak	ADJ	VOICING
bardak	NOUN	VOICING
bardakaltı	NOUN	-
bardakçı	NOUN	-
bardan	ADJ	-
bardan	NOUN	-
bardo	NOUN	-
barem	NOUN	-
baret	NOUN	-
barfiks	NOUN	-
bargam	NOUN	-
bargâh	NOUN	-
barhana	NOUN	-
barhane	NOUN	-
bari	ADV	-
bari	INTERJ	-
barikat	NOUN	-
barikatla	VERB	-
barikatlama	NOUN	-
barisfer	NOUN	-
barit	NOUN	VOICING
baritin	NOUN	-
bariton	NOUN	-
bariyer	NOUN	-
bariz	ADJ	-
barizleş	VERB	-
barizleştir	VERB	-
bark	NOUN	-
barka	NOUN	-
barkan	NOUN	-
barkarol	NOUN	-
barkod	NOUN	-
barlam	NOUN	-
barlan	VERB	-
barmen	NOUN	-
baro	NOUN	-
barograf	NOUN	-
barok	NOUN	-
barokçu	NOUN	-
barometre	NOUN	-
baron	NOUN	-
baroskop	NOUN	VOICING
barparalel	NOUN	-
barsam	NOUN	-
barsama	NOUN	-
barudi	NOUN	-
barut	NOUN	-
baruthane	NOUN	-
barutçu	NOUN	-
baryum	NOUN	-
barça	NOUN	-
barçak	NOUN	VOICING
barı	NOUN	-
barın	VERB	-
barınabil	VERB	-
barınabilme	NOUN	-
barınak	NOUN	VOICING
barındır	VERB	-
barındırabil	VERB	-
barındırabilme	NOUN	-
barındırma	NOUN	-
barındırıl	VERB	-
barındırılabil	VERB	-
barındırılabilme	NOUN	-
barındırılma	NOUN	-
barınma	NOUN	-
barınıl	VERB	-
barınılma	NOUN	-
barınış	NOUN	-
barış	NOUN	-
barış	VERB	-
barışabil	VERB	-
barışabilme	NOUN	-
barışma	NOUN	-
barışsever	ADJ	-
barıştır	VERB	-
barıştırabil	VERB	-
barıştırabilme	NOUN	-
barıştırma	NOUN	-
barıştırıl	VERB	-
barıştırılma	NOUN	-
barışçı	ADJ	-
barışçı	NOUN	-
barışçıl	ADJ	-
barışık	ADJ	-
bas	NOUN	-
bas	VERB	-
basabil	VERB	-
basabilme	NOUN	-
basak	NOUN	VOICING
basamak	NOUN	VOICING
basamakla	VERB	-
basamaklama	NOUN	-
basamaklan	VERB	-
basamaklandır	VERB	-
basamaklandırıl	VERB	-
basamaklandırılma	NOUN	-
basamaksı	ADJ	-
basar	NOUN	-
basari	ADJ	-
basarna	NOUN	-
basbariton	NOUN	-
basbayağı	ADJ	-
basbayağı	ADV	-
basen	NOUN	-
basgitar	NOUN	-
basil	NOUN	-
basiret	NOUN	-
basit	ADJ	-
basit	NOUN	-
basitleş	VERB	-
basitleşebil	VERB	-
basitleşebilme	NOUN	-
basitleştir	VERB	-
basitleştirebil	VERB	-
basitleştirebilme	NOUN	-
basitleştiril	VERB	-
basitleştirilme	NOUN	-
basitçe	ADV	-
basket	NOUN	-
basketbol	NOUN	-
basketçi	NOUN	-
basklarnet	NOUN	-
baskül	NOUN	-
baskı	NOUN	-
baskıla	VERB	-
baskılama	NOUN	-
baskılan	VERB	-
baskın	ADJ	-
baskın	NOUN	-
baskısızca	ADV	-
baskısızcasına	ADV	-
basma	ADJ	-
basma	NOUN	-
basmahane	NOUN	-
basmakalıp	ADJ	-
basmakalıp	ADV	-
basmakalıplaş	VERB	-
basmayazı	NOUN	-
basso	NOUN	-
bastika	NOUN	-
baston	NOUN	-
bastı	NOUN	-
bastıbacak	ADJ	VOICING
bastıbacak	NOUN	VOICING
bastık	NOUN	VOICING
bastır	VERB	-
bastırabil	VERB	-
bastırabilme	NOUN	-
bastırak	NOUN	VOICING
bastırma	NOUN	-
bastırt	VERB	-
bastırtma	NOUN	-
bastırık	NOUN	VOICING
bastırıl	VERB	-
bastırılma	NOUN	-
bastırılış	NOUN	-
bastırım	NOUN	-
bastırıver	VERB	-
bastırıverme	NOUN	-
bastırış	NOUN	-
basur	NOUN	-
basya	NOUN	-
basübadelmevt	NOUN	-
bası	NOUN	-
basık	ADJ	-
basık	NOUN	-
basıklaş	VERB	-
basıklaştır	VERB	-
basıl	VERB	-
basıla	NOUN	-
basılabil	VERB	-
basılabilme	NOUN	-
basılma	NOUN	-
basılış	NOUN	-
basım	NOUN	-
basımevi	NOUN	-
basın	NOUN	-
basınç	NOUN	VOICING
basınçla	VERB	-
basınçlama	NOUN	-
basınçyazar	NOUN	-
basınçölçer	NOUN	-
basıver	VERB	-
basıverme	NOUN	-
basıölçer	NOUN	-
basış	NOUN	-
bat	NOUN	-
bat	VERB	-
batabil	VERB	-
batabilme	NOUN	-
batak	ADJ	VOICING
batak	NOUN	VOICING
batakhane	NOUN	-
batakçı	ADJ	-
batakçı	NOUN	-
batakçıl	ADJ	-
batar	NOUN	-
batarya	NOUN	-
batağan	ADJ	-
batağan	NOUN	-
bateri	NOUN	-
baterist	NOUN	-
bati	ADJ	-
batik	ADJ	VOICING
batik	NOUN	VOICING
batimetre	NOUN	-
batimetri	NOUN	-
batisfer	NOUN	-
batiskaf	NOUN	-
batiyal	NOUN	-
batkı	NOUN	-
batkın	ADJ	-
batkın	NOUN	-
batma	ADJ	-
batma	NOUN	-
batman	NOUN	-
baton	NOUN	-
batonsale	NOUN	-
batsat	ADV	-
battal	ADJ	-
battal	NOUN	-
battallaş	VERB	-
battaniye	NOUN	-
battıçıktı	NOUN	-
batur	NOUN	-
batyal	NOUN	-
batçık	NOUN	-
batı	ADJ	-
batı	NOUN	-
batık	ADJ	VOICING
batık	NOUN	VOICING
batıl	ADJ	-
batıl	NOUN	-
batın	NOUN	VOWEL_DROP
batır	VERB	-
batırabil	VERB	-
batırabilme	NOUN	-
batırma	NOUN	-
batırt	VERB	-
batırtma	NOUN	-
batırık	NOUN	VOICING
batırıl	VERB	-
batırılabil	VERB	-
batırılabilme	NOUN	-
batırılma	NOUN	-
batırılış	NOUN	-
batırıver	VERB	-
batırıverme	NOUN	-
batırış	NOUN	-
batıver	VERB	-
batıverme	NOUN	-
batış	NOUN	-
bav	NOUN	-
bavlıma	NOUN	-
bavul	NOUN	-
bay	ADJ	-
bay	NOUN	-
bay	VERB	-
bayan	INTERJ	-
bayan	NOUN	-
bayat	ADJ	-
bayat	NOUN	-
bayati	NOUN	-
bayatiaraban	NOUN	-
bayatla	VERB	-
bayatlama	NOUN	-
bayatlat	VERB	-
bayatlatma	NOUN	-
bayatsı	ADJ	-
bayatsı	VERB	-
bayatsıma	NOUN	-
bayatı	NOUN	-
bayağı	ADJ	-
bayağı	ADV	-
bayağı	NOUN	-
bayağılaş	VERB	-
bayağılaştır	VERB	-
baygın	ADJ	-
baygın	ADV	-
baygın	NOUN	-
baygınlaş	VERB	-
baygıntı	NOUN	-
bayi	NOUN	-
baykuş	NOUN	-
baykuşgiller	NOUN	-
baylan	ADJ	-
baylan	NOUN	-
baylan	VERB	-
baylanlan	VERB	-
bayma	NOUN	-
baypas	ADJ	-
baypas	NOUN	-
bayrak	NOUN	VOICING
bayrakaltı	NOUN	-
bayraklaş	VERB	-
bayraklaşabil	VERB	-
bayraklaşabilme	NOUN	-
bayraklaştır	VERB	-
bayraklaştırıl	VERB	-
bayraklaştırılma	NOUN	-
bayraktar	NOUN	-
bayrakçı	NOUN	-
bayram	NOUN	-
bayramlaş	VERB	-
bayramlaşabil	VERB	-
bayramlaşabilme	NOUN	-
bayramüstü	ADV	-
bayramüzeri	ADV	-
bayrı	ADJ	-
baysal	ADJ	-
baysungur	NOUN	-
bayt	NOUN	-
baytar	NOUN	-
bayıl	VERB	-
bayılabil	VERB	-
bayılabilme	NOUN	-
bayılayaz	VERB	-
bayılayazma	NOUN	-
bayılma	NOUN	-
bayılt	VERB	-
bayıltma	NOUN	-
bayılttır	VERB	-
bayılttırma	NOUN	-
bayıltıl	VERB	-
bayıltılma	NOUN	-
bayılış	NOUN	-
bayındır	ADJ	-
bayındırlaş	VERB	-
bayındırlaştır	VERB	-
bayındırlaştırabil	VERB	-
bayındırlaştırabilme	NOUN	-
bayır	NOUN	-
bayırlaş	VERB	-
baz	ADJ	-
baz	NOUN	-
baza	NOUN	-
bazal	ADJ	-
bazal	NOUN	-
bazalt	NOUN	-
bazen	ADV	-
bazidiyospor	NOUN	-
bazik	ADJ	-
bazik	NOUN	-
bazilika	NOUN	-
bazit	NOUN	-
baziçe	NOUN	-
bazlama	NOUN	-
bazlamaç	NOUN	VOICING
bazofil	ADJ	-
bazofil	NOUN	-
bazofobi	NOUN	-
bazuka	NOUN	-
bazı	ADJ	-
bazı	ADV	-
bazı	NOUN	-
bazısı	PRON	-
baç	NOUN	VOICING
baççı	NOUN	-
baççıbaşı	NOUN	-
bağ	NOUN	-
bağa	ADJ	-
bağa	NOUN	-
bağan	NOUN	-
bağban	NOUN	-
bağboğan	NOUN	-
bağcık	NOUN	VOICING
bağda	NOUN	-
bağda	VERB	-
bağdadi	ADJ	-
bağdadi	NOUN	-
bağdala	VERB	-
bağdalama	NOUN	-
bağdama	NOUN	-
bağdaş	NOUN	-
bağdaş	VERB	-
bağdaşabil	VERB	-
bağdaşabilme	NOUN	-
bağdaşma	NOUN	-
bağdaşmaz	ADJ	-
bağdaştır	VERB	-
bağdaştırabil	VERB	-
bağdaştırabilme	NOUN	-
bağdaştırma	NOUN	-
bağdaştırıl	VERB	-
bağdaştırılabil	VERB	-
bağdaştırılabilme	NOUN	-
bağdaştırılma	NOUN	-
bağdaşık	ADJ	-
bağdaşıklaş	VERB	-
bağdaşıklaştır	VERB	-
bağdaşıl	VERB	-
bağdaşılma	NOUN	-
bağdaşım	NOUN	-
bağkesen	NOUN	-
bağla	VERB	-
bağlam	NOUN	-
bağlama	NOUN	-
bağlamsal	ADJ	-
bağlan	VERB	-
bağlanabil	VERB	-
bağlanabilme	NOUN	-
bağlanak	NOUN	VOICING
bağlantı	NOUN	-
bağlantısızlar	NOUN	-
bağlanım	NOUN	-
bağlanıver	VERB	-
bağlanıverme	NOUN	-
bağlanış	NOUN	-
bağlat	VERB	-
bağlatabil	VERB	-
bağlatabilme	NOUN	-
bağlatma	NOUN	-
bağlattır	VERB	-
bağlattırma	NOUN	-
bağlattırıl	VERB	-
bağlattırılma	NOUN	-
bağlayabil	VERB	-
bağlayabilme	NOUN	-
bağlayıver	VERB	-
bağlayıverme	NOUN	-
bağlayış	NOUN	-
bağlaç	NOUN	VOICING
bağlaş	VERB	-
bağlaşık	ADJ	-
bağlaşık	NOUN	-
bağlaşım	NOUN	-
bağlılaş	VERB	-
bağlılaşık	NOUN	VOICING
bağlılaşım	NOUN	-
bağnaz	ADJ	-
bağnazca	ADJ	-
bağnazlaş	VERB	-
bağnazlaştır	VERB	-
bağnazlaştırıl	VERB	-
bağnazlaştırılma	NOUN	-
bağrıkara	NOUN	-
bağrıl	VERB	-
bağrılma	NOUN	-
bağrış	NOUN	-
bağrış	VERB	-
bağrışabil	VERB	-
bağrışabilme	NOUN	-
bağrışma	NOUN	-
bağrıştır	VERB	-
bağrıştırma	NOUN	-
bağı	NOUN	-
bağıl	ADJ	-
bağıl	NOUN	-
bağıldak	NOUN	VOICING
bağım	NOUN	-
bağımla	VERB	-
bağımlama	NOUN	-
bağımlaş	VERB	-
bağımlılaş	VERB	-
bağımlılaşabil	VERB	-
bağımlılaşabilme	NOUN	-
bağımlılaştır	VERB	-
bağımlılaştırıl	VERB	-
bağımlılaştırılma	NOUN	-
bağımsızca	ADV	-
bağımsızcasına	ADV	-
bağımsızlaş	VERB	-
bağımsızlaşabil	VERB	-
bağımsızlaşabilme	NOUN	-
bağımsızlaştır	VERB	-
bağımsızlaştırabil	VERB	-
bağımsızlaştırabilme	NOUN	-
bağın	NOUN	-
bağıntı	NOUN	-
bağır	NOUN	VOWEL_DROP
bağır	VERB	-
bağırabil	VERB	-
bağırabilme	NOUN	-
bağırdak	NOUN	VOICING
bağırgan	ADJ	-
bağırma	NOUN	-
bağırsak	NOUN	VOICING
bağırt	VERB	-
bağırtabil	VERB	-
bağırtabilme	NOUN	-
bağırtkan	ADJ	-
bağırtlak	NOUN	VOICING
bağırtma	NOUN	-
bağırttır	VERB	-
bağırttırma	NOUN	-
bağırtı	NOUN	-
bağırıver	VERB	-
bağırıverme	NOUN	-
bağırış	NOUN	-
bağıt	NOUN	-
bağıtla	VERB	-
bağıtlama	NOUN	-
bağıtlan	VERB	-
bağıtlanabil	VERB	-
bağıtlanabilme	NOUN	-
bağıtlanış	NOUN	-
bağıtlayabil	VERB	-
bağıtlayabilme	NOUN	-
bağıtlayış	NOUN	-
bağıtlaş	VERB	-
bağıtçı	ADJ	-
bağış	NOUN	-
bağışla	VERB	-
bağışlama	NOUN	-
bağışlama	VERB	-
bağışlan	VERB	-
bağışlanabil	VERB	-
bağışlanabilme	NOUN	-
bağışlanış	NOUN	-
bağışlat	VERB	-
bağışlatabil	VERB	-
bağışlatabilme	NOUN	-
bağışlatma	NOUN	-
bağışlatıl	VERB	-
bağışlatılma	NOUN	-
bağışlatış	NOUN	-
bağışlayabil	VERB	-
bağışlayabilme	NOUN	-
bağışlayıver	VERB	-
bağışlayıverme	NOUN	-
bağışlayış	NOUN	-
bağışçı	NOUN	-
bağışık	ADJ	-
bağışık	NOUN	-
bağışıkla	VERB	-
bağışıklama	NOUN	-
baş	NOUN	-
baş	VERB	VOICING
başak	NOUN	VOICING
başakla	VERB	-
başaklama	NOUN	-
başaklan	VERB	-
başaklanış	NOUN	-
başakortçu	NOUN	-
başaktris	NOUN	-
başaktör	NOUN	-
başakçı	NOUN	-
başakçık	NOUN	VOICING
başaltı	NOUN	-
başantrenör	NOUN	-
başar	VERB	-
başarabil	VERB	-
başarabilme	NOUN	-
başarma	NOUN	-
başart	VERB	-
başartma	NOUN	-
başarı	NOUN	-
başarıl	VERB	-
başarılabil	VERB	-
başarılabilme	NOUN	-
başarılma	NOUN	-
başarılış	NOUN	-
başarım	NOUN	-
başarıver	VERB	-
başarıverme	NOUN	-
başarış	NOUN	-
başasistan	NOUN	-
başat	ADJ	-
başağaç	NOUN	VOICING
başağrısı	NOUN	-
başbakan	NOUN	-
başbayan	NOUN	-
başbayi	NOUN	-
başbekçi	NOUN	-
başbuğ	NOUN	-
başdanışman	NOUN	-
başdelege	NOUN	-
başdenetmen	NOUN	-
başdenetçi	NOUN	-
başdoktor	NOUN	-
başefendi	NOUN	-
başeksper	NOUN	-
başeser	NOUN	-
başeski	NOUN	-
başfiyat	NOUN	-
başgardiyan	NOUN	-
başgarson	NOUN	-
başhakem	NOUN	-
başhekim	NOUN	-
başhemşire	NOUN	-
başhostes	NOUN	-
başimam	NOUN	-
başka	ADJ	-
başka	NOUN	-
başka	POSTP	-
başkaca	ADV	-
başkaca	NOUN	-
başkadın	NOUN	-
başkafiye	NOUN	-
başkahraman	NOUN	-
başkalaş	VERB	-
başkalaşabil	VERB	-
başkalaşabilme	NOUN	-
başkalaştır	VERB	-
başkalaşım	NOUN	-
başkaldır	VERB	-
başkaldırabil	VERB	-
başkaldırabilme	NOUN	-
başkaldırma	NOUN	-
başkaldırt	VERB	-
başkaldırtma	NOUN	-
başkaldırı	NOUN	-
başkaldırış	NOUN	-
başkan	NOUN	-
başkarakter	NOUN	-
başkası	PRON	-
başkatsayı	NOUN	-
başkent	NOUN	-
başkesit	NOUN	-
başkeşiş	NOUN	-
başkilise	NOUN	-
başkişi	NOUN	-
başkomutan	NOUN	-
başkonakçı	NOUN	-
başkonsolos	NOUN	-
başkumandan	NOUN	-
başkâtip	NOUN	VOICING
başköşe	NOUN	-
başla	VERB	-
başlahana	NOUN	-
başlama	NOUN	-
başlama!	NOUN	-
başlan	VERB	-
başlanabil	VERB	-
başlanabilme	NOUN	-
başlangıç	NOUN	VOICING
başlangıçta	ADV	-
başlanıl	VERB	-
başlanılma	NOUN	-
başlanış	NOUN	-
başlat	VERB	-
başlatabil	VERB	-
başlatabilme	NOUN	-
başlatma	NOUN	-
başlattır	VERB	-
başlattırma	NOUN	-
başlatıl	VERB	-
başlatılabil	VERB	-
başlatılabilme	NOUN	-
başlatılma	NOUN	-
başlatıver	VERB	-
başlatıverme	NOUN	-
başlatış	NOUN	-
başlayabil	VERB	-
başlayabilme	NOUN	-
başlayıver	VERB	-
başlayıverme	NOUN	-
başlayış	NOUN	-
başlıca	ADJ	-
başlıkçı	NOUN	-
başmakale	NOUN	-
başmakçı	NOUN	-
başmal	NOUN	-
başmekân	NOUN	-
başmemur	NOUN	-
başmeridyen	NOUN	-
başmisafir	NOUN	-
başmuallim	NOUN	-
başmubassır	NOUN	-
başmuharrir	NOUN	-
başmurakıp	NOUN	VOICING
başmüdür	NOUN	-
başmüezzin	NOUN	-
başmüfettiş	NOUN	-
başmühendis	NOUN	-
başmürettip	NOUN	VOICING
başmüsevvit	NOUN	VOICING
başmüşavir	NOUN	-
başnokta	NOUN	-
başoda	NOUN	-
başpapaz	NOUN	-
başpar	VERB	VOICING
başpehlivan	NOUN	-
başpiskopos	NOUN	-
başpolis	NOUN	-
başrahibe	NOUN	-
başrahip	NOUN	VOICING
başrejisör	NOUN	-
başrol	NOUN	-
başsağlığı	NOUN	-
başsedir	NOUN	-
başspiker	NOUN	-
başta	ADV	-
başta	NOUN	-
baştaban	NOUN	-
baştabip	NOUN	VOICING
baştan	ADV	-
baştan	NOUN	-
baştankara	NOUN	-
baştankaragiller	NOUN	-
baştanımaz	ADJ	-
baştarda	NOUN	-
baştaş	NOUN	-
başteknisyen	NOUN	-
başuyak	NOUN	VOICING
başuzman	NOUN	-
başvekil	NOUN	-
başvekâlet	NOUN	-
başvezir	NOUN	-
başvur	VERB	-
başvurabil	VERB	-
başvurabilme	NOUN	-
başvurdur	VERB	-
başvurdurma	NOUN	-
başvurma	NOUN	-
başvuru	NOUN	-
başvurul	VERB	-
başvurulabil	VERB	-
başvurulabilme	NOUN	-
başvurulma	NOUN	-
başvuruş	NOUN	-
başyapıt	NOUN	-
başyaver	NOUN	-
başyazar	NOUN	-
başyazman	NOUN	-
başyazı	NOUN	-
başye	VERB	VOICING
başyukarı	NOUN	-
başyönetmen	NOUN	-
başyıldız	NOUN	-
başçavuş	NOUN	-
başçı	NOUN	-
başçık	NOUN	VOICING
başçıl	ADJ	-
başçıl	NOUN	-
başörtü	NOUN	-
başörtüsü	NOUN	-
başöğretmen	NOUN	-
başülke	NOUN	-
başüstü	NOUN	-
başüstüne	INTERJ	-
başıbozuk	ADJ	VOICING
başıbozuk	NOUN	VOICING
başıboş	ADJ	-
başıboş	ADV	-
başıboş	NOUN	-
başşehir	NOUN	VOWEL_DROP
be	INTERJ	-
be	NOUN	-
bebe	NOUN	-
bebecik	NOUN	VOICING
bebek	INTERJ	VOICING
bebek	NOUN	VOICING
bebekleş	VERB	-
bebekçe	ADJ	-
bebekçe	ADV	-
beberuhi	NOUN	-
becayiş	NOUN	-
becelleş	VERB	-
becer	VERB	-
becerebil	VERB	-
becerebilme	NOUN	-
beceri	NOUN	-
beceriksizce	ADV	-
beceriksizleş	VERB	-
beceril	VERB	-
becerilme	NOUN	-
beceriver	VERB	-
beceriverme	NOUN	-
beceriş	NOUN	-
becerme	NOUN	-
becert	VERB	-
becertme	NOUN	-
becet	NOUN	VOICING
becit	ADJ	-
becit	NOUN	-
bed	ADJ	-
bed	NOUN	-
bedahet	NOUN	-
bedaheten	ADV	-
bedaheten	NOUN	-
bedasıl	ADJ	VOWEL_DROP
bedava	ADJ	-
bedava	ADV	-
bedava	NOUN	-
bedavadan	ADV	-
bedavalaş	VERB	-
bedavasına	ADV	-
bedavaya	ADV	-
bedayi	NOUN	-
bedbaht	ADJ	-
bedbaht	NOUN	-
bedbin	ADJ	-
bedbinleş	VERB	-
bedbinleştir	VERB	-
beddua	NOUN	-
bedel	ADJ	-
bedel	ADV	-
bedel	NOUN	-
beden	NOUN	-
bedence	ADV	-
bedenen	ADV	-
bedenen	NOUN	-
bedenleş	VERB	-
bedensel	ADJ	-
bedenî	ADJ	-
bedesten	NOUN	-
bedevi	NOUN	-
bedhah	ADJ	-
bedihi	ADJ	-
bedii	ADJ	-
bedii	NOUN	-
bediileş	VERB	-
bediiyat	NOUN	-
bedik	NOUN	VOICING
bedir	NOUN	VOWEL_DROP
bedirik	NOUN	VOICING
bedirlen	VERB	-
bednam	ADJ	-
bedük	NOUN	VOICING
begayet	ADV	-
begonvil	NOUN	-
begonya	NOUN	-
begonyagiller	NOUN	-
begüm	NOUN	-
behemehâl	ADV	-
beher	ADJ	-
beher	NOUN	-
beherglas	NOUN	-
behey	INTERJ	-
behime	NOUN	-
behimi	ADJ	-
behişt	NOUN	-
behre	NOUN	-
beis	NOUN	-
bej	ADJ	-
bej	NOUN	-
bek	ADJ	-
bek	NOUN	-
beka	NOUN	-
bekar	NOUN	-
bekas	NOUN	-
bekin	VERB	-
bekiniş	NOUN	-
bekinme	NOUN	-
bekit	VERB	-
bekitme	NOUN	-
bekle	VERB	-
bekleme	NOUN	-
beklen	VERB	-
beklenebil	VERB	-
beklenebilme	NOUN	-
beklenil	VERB	-
beklenilme	NOUN	-
bekleniş	NOUN	-
beklenmedik	ADJ	-
beklenmedik	NOUN	-
beklenmez	ADJ	-
beklenti	NOUN	-
beklet	VERB	-
bekletebil	VERB	-
bekletebilme	NOUN	-
bekletil	VERB	-
bekletilebil	VERB	-
bekletilebilme	NOUN	-
bekletiliş	NOUN	-
bekletilme	NOUN	-
bekletiver	VERB	-
bekletiverme	NOUN	-
bekletiş	NOUN	-
bekletme	NOUN	-
bekleyebil	VERB	-
bekleyebilme	NOUN	-
bekleyedur	VERB	-
bekleyedurma	NOUN	-
bekleyekoy	VERB	-
bekleyekoyma	NOUN	-
bekleyiver	VERB	-
bekleyiverme	NOUN	-
bekleyiş	NOUN	-
bekleş	VERB	-
bekri	ADJ	-
bektaşikavuğu	NOUN	-
bekâr	NOUN	-
bekâret	NOUN	-
bekârhane	NOUN	-
bekçi	NOUN	-
bel	NOUN	-
bela	NOUN	-
belagat	NOUN	-
belahet	NOUN	-
belası	NOUN	-
belce	NOUN	-
belde	NOUN	-
bele	VERB	-
beledi	ADJ	-
beledi	NOUN	-
belediye	NOUN	-
belek	NOUN	VOICING
beleme	NOUN	-
belemir	NOUN	-
belen	NOUN	-
belen	VERB	-
beler	VERB	-
belerme	NOUN	-
belert	VERB	-
belertme	NOUN	-
belet	VERB	-
beletme	NOUN	-
beleyiş	NOUN	-
beleş	ADJ	-
beleşe	ADV	-
beleşten	ADV	-
beleşçi	NOUN	-
belge	NOUN	-
belgegeçer	NOUN	-
belgegeçerle	VERB	-
belgegeçerleme	NOUN	-
belgegeçerlet	VERB	-
belgegeçerletme	NOUN	-
belgele	VERB	-
belgeleme	NOUN	-
belgelen	VERB	-
belgelendir	VERB	-
belgelendirebil	VERB	-
belgelendirebilme	NOUN	-
belgelendiril	VERB	-
belgelendirilebil	VERB	-
belgelendirilebilme	NOUN	-
belgelendiriliş	NOUN	-
belgelendirilme	NOUN	-
belgelendiriş	NOUN	-
belgelenebil	VERB	-
belgelenebilme	NOUN	-
belgelet	VERB	-
belgeletme	NOUN	-
belgeleyebil	VERB	-
belgeleyebilme	NOUN	-
belgeleyiver	VERB	-
belgeleyiverme	NOUN	-
belgelikçi	NOUN	-
belgesel	ADJ	-
belgesel	NOUN	-
belgevşekliği	NOUN	-
belgeç	NOUN	VOICING
belgeçle	VERB	-
belgeçleme	NOUN	-
belgeçlet	VERB	-
belgeçletme	NOUN	-
belgi	NOUN	-
belgile	VERB	-
belgileme	NOUN	-
belgin	ADJ	-
belgin	NOUN	-
belgit	NOUN	-
belikle	VERB	-
belikleme	NOUN	-
belinle	VERB	-
belinleme	NOUN	-
belir	VERB	-
belirebil	VERB	-
belirebilme	NOUN	-
belirge	NOUN	-
belirgin	ADJ	-
belirgin	ADV	-
belirginleş	VERB	-
belirginleşebil	VERB	-
belirginleşebilme	NOUN	-
belirginleştir	VERB	-
belirginleştirebil	VERB	-
belirginleştirebilme	NOUN	-
belirginleştiril	VERB	-
belirginleştirilebil	VERB	-
belirginleştirilebilme	NOUN	-
belirginleştirilme	NOUN	-
beliriver	VERB	-
beliriverme	NOUN	-
beliriş	NOUN	-
belirle	VERB	-
belirleme	NOUN	-
belirlen	VERB	-
belirlenebil	VERB	-
belirlenebilme	NOUN	-
belirlenim	NOUN	-
belirleniş	NOUN	-
belirlet	VERB	-
belirletme	NOUN	-
belirleyebil	VERB	-
belirleyebilme	NOUN	-
belirleyiver	VERB	-
belirleyiverme	NOUN	-
belirleyiş	NOUN	-
belirleş	VERB	-
belirme	NOUN	-
belirsizce	ADV	-
belirsizleş	VERB	-
belirsizleşebil	VERB	-
belirsizleşebilme	NOUN	-
belirsizleştir	VERB	-
belirsizleştirebil	VERB	-
belirsizleştirebilme	NOUN	-
belirsizleştiril	VERB	-
belirsizleştirilebil	VERB	-
belirsizleştirilebilme	NOUN	-
belirsizleştirilme	NOUN	-
belirt	VERB	-
belirtebil	VERB	-
belirtebilme	NOUN	-
belirten	NOUN	-
belirteç	NOUN	VOICING
belirti	NOUN	-
belirtik	ADJ	-
belirtil	VERB	-
belirtilebil	VERB	-
belirtilebilme	NOUN	-
belirtilen	NOUN	-
belirtiliş	NOUN	-
belirtilme	NOUN	-
belirtiş	NOUN	-
belirtke	NOUN	-
belirtken	NOUN	-
belirtme	NOUN	-
belit	NOUN	-
belitken	NOUN	-
belitle	VERB	-
belitleme	NOUN	-
belitlenebil	VERB	-
belitlenebilme	NOUN	-
beliye	NOUN	-
beliğ	ADJ	-
beliğ	NOUN	-
belkemiği	NOUN	-
belki	ADV	-
belki	CONJ	-
belkim	ADV	-
belladonna	NOUN	-
belle	VERB	-
bellek	NOUN	VOICING
belleksizleş	VERB	-
belleksizleştir	VERB	-
bellem	NOUN	-
belleme	NOUN	-
bellen	VERB	-
bellenebil	VERB	-
bellenebilme	NOUN	-
bellet	VERB	-
belletebil	VERB	-
belletebilme	NOUN	-
belleten	NOUN	-
belletil	VERB	-
belletilebil	VERB	-
belletilebilme	NOUN	-
belletilme	NOUN	-
belletme	NOUN	-
belletmen	NOUN	-
bellettir	VERB	-
bellettirme	NOUN	-
belleyebil	VERB	-
belleyebilme	NOUN	-
belleyiver	VERB	-
belleyiverme	NOUN	-
belleyiş	NOUN	-
belsem	NOUN	-
belsoğukluğu	NOUN	-
bembeyaz	ADJ	-
bembeyaz	ADV	-
bemol	NOUN	-
ben	NOUN	-
ben	PRON	-
bence	ADV	-
bencesi	PRON	-
benchmarking	NOUN	-
bencil	ADJ	-
bencil	NOUN	-
bencilce	ADV	-
bencilcesine	ADV	-
bencileyin	ADV	-
bencilleş	VERB	-
bencilleşebil	VERB	-
bencilleşebilme	NOUN	-
bende	NOUN	-
bendegân	NOUN	-
bendehane	NOUN	-
benden	NOUN	-
bendeniz	NOUN	-
bendezade	NOUN	-
bendir	NOUN	-
benek	NOUN	VOICING
benekle	VERB	-
benekleme	NOUN	-
beneklen	VERB	-
beneklenebil	VERB	-
beneklenebilme	NOUN	-
benekleniver	VERB	-
benekleniverme	NOUN	-
benekleş	VERB	-
bengi	ADJ	-
bengi	NOUN	-
bengileş	VERB	-
bengileştir	VERB	-
benibeşer	NOUN	-
benilde	VERB	-
benildeme	NOUN	-
benimki	ADJ	-
benimki	PRON	-
benimse	VERB	-
benimseme	NOUN	-
benimsen	VERB	-
benimsenebil	VERB	-
benimsenebilme	NOUN	-
benimseniver	VERB	-
benimseniverme	NOUN	-
benimseniş	NOUN	-
benimsenme	NOUN	-
benimset	VERB	-
benimsetebil	VERB	-
benimsetebilme	NOUN	-
benimsetil	VERB	-
benimsetilebil	VERB	-
benimsetilebilme	NOUN	-
benimsetiliş	NOUN	-
benimsetilme	NOUN	-
benimsetiş	NOUN	-
benimsetme	NOUN	-
benimsettir	VERB	-
benimsettirme	NOUN	-
benimseyebil	VERB	-
benimseyebilme	NOUN	-
benimseyiver	VERB	-
benimseyiverme	NOUN	-
benimseyiş	NOUN	-
beniz	NOUN	-
beniâdem	NOUN	-
benlen	VERB	-
benlikçi	ADJ	-
benlikçi	NOUN	-
benmari	NOUN	-
bent	NOUN	VOICING
bentonit	NOUN	VOICING
benze	VERB	-
benzeme	NOUN	-
benzemez	NOUN	-
benzen	NOUN	-
benzer	ADJ	-
benzer	NOUN	-
benzeri	NOUN	-
benzerleş	VERB	-
benzersizleş	VERB	-
benzet	VERB	-
benzetebil	VERB	-
benzetebilme	NOUN	-
benzeti	NOUN	-
benzetil	VERB	-
benzetilebil	VERB	-
benzetilebilme	NOUN	-
benzetilme	NOUN	-
benzetim	NOUN	-
benzetiş	NOUN	-
benzetme	NOUN	-
benzeyebil	VERB	-
benzeyebilme	NOUN	-
benzeyiş	NOUN	-
benzeş	ADJ	-
benzeş	VERB	-
benzeşen	NOUN	-
benzeşik	ADJ	-
benzeşim	NOUN	-
benzeşme	NOUN	-
benzeştir	VERB	-
benzeştirme	NOUN	-
benzin	NOUN	-
benzinle	VERB	-
benzinleme	NOUN	-
benzol	NOUN	-
beraat	NOUN	-
beraatizimmet	NOUN	-
beraber	ADV	-
beraber	NOUN	-
beraberce	ADV	-
berabere	ADV	-
berabere	NOUN	-
beraberinde	ADV	-
berat	NOUN	-
berbat	ADJ	-
berbat	NOUN	-
berber	NOUN	-
berceste	ADJ	-
berceste	NOUN	-
berdel	NOUN	-
berdelacuz	NOUN	-
berdevam	ADJ	-
berduş	ADJ	-
berduş	NOUN	-
bere	NOUN	-
bereket	ADV	-
bereket	NOUN	-
bereketlen	VERB	-
bereketlendir	VERB	-
bereketlenebil	VERB	-
bereketlenebilme	NOUN	-
bereketsizleş	VERB	-
berele	VERB	-
bereleme	NOUN	-
berelen	VERB	-
berelenebil	VERB	-
berelenebilme	NOUN	-
bereleyebil	VERB	-
bereleyebilme	NOUN	-
berenarı	ADV	-
bergamodi	ADJ	-
bergamodi	NOUN	-
bergamot	NOUN	VOICING
bergüzar	NOUN	-
berhane	NOUN	-
berhava	ADJ	-
berhava	NOUN	-
berhayat	ADJ	-
berhudar	ADJ	-
beri	ADJ	-
beri	NOUN	-
beri	POSTP	-
beribenzer	ADJ	-
beriberi	NOUN	-
beriki	ADJ	-
beriki	PRON	-
berikisi	PRON	-
beril	NOUN	-
berilyum	NOUN	-
berjer	NOUN	-
berk	ADJ	-
berk	NOUN	-
berkelyum	NOUN	-
berkemal	ADJ	-
berki	VERB	-
berkime	NOUN	-
berkin	VERB	-
berkinme	NOUN	-
berkit	VERB	-
berkitil	VERB	-
berkitilme	NOUN	-
berkitme	NOUN	-
bermuda	NOUN	-
bermutat	ADV	-
berrak	ADJ	-
berrak	NOUN	-
berraklaş	VERB	-
berraklaşabil	VERB	-
berraklaşabilme	NOUN	-
berraklaştır	VERB	-
berraklaştırabil	VERB	-
berraklaştırabilme	NOUN	-
berraklaştırıl	VERB	-
berraklaştırılma	NOUN	-
berri	ADJ	-
bert	VERB	-
bertafsil	ADV	-
bertaraf	ADJ	-
bertik	ADJ	VOICING
bertik	NOUN	VOICING
bertil	VERB	-
bertilme	NOUN	-
bertme	NOUN	-
berzah	NOUN	-
besalet	NOUN	-
besbedava	ADJ	-
besbedava	ADV	-
besbeter	ADJ	-
beserek	NOUN	VOICING
besi	NOUN	-
besihane	NOUN	-
besin	NOUN	-
besle	VERB	-
beslek	ADJ	VOICING
beslek	NOUN	VOICING
besleme	ADJ	-
besleme	NOUN	-
beslen	VERB	-
beslenebil	VERB	-
beslenebilme	NOUN	-
beslenen	ADJ	-
beslenen	NOUN	-
beslengi	NOUN	-
beslenil	VERB	-
beslenilme	NOUN	-
besleniş	NOUN	-
beslet	VERB	-
besletebil	VERB	-
besletebilme	NOUN	-
besletme	NOUN	-
besleyebil	VERB	-
besleyebilme	NOUN	-
besleyiş	NOUN	-
besmele	NOUN	-
besni	NOUN	-
beste	NOUN	-
bestekâr	NOUN	-
bestele	VERB	-
besteleme	NOUN	-
bestelen	VERB	-
bestelenebil	VERB	-
bestelenebilme	NOUN	-
besteleniş	NOUN	-
bestelet	VERB	-
besteletme	NOUN	-
besteleyebil	VERB	-
besteleyebilme	NOUN	-
besteleyiver	VERB	-
besteleyiverme	NOUN	-
besteleyiş	NOUN	-
bestenigâr	NOUN	-
bestseller	ADJ	-
bet	NOUN	-
beta	NOUN	-
betatron	NOUN	-
betelen	VERB	-
beter	ADJ	-
beterleş	VERB	-
beterleşebil	VERB	-
beterleşebilme	NOUN	-
beti	NOUN	-
betik	NOUN	VOICING
betim	NOUN	-
betimle	VERB	-
betimleme	NOUN	-
betimlen	VERB	-
betimlenebil	VERB	-
betimlenebilme	NOUN	-
betimleniş	NOUN	-
betimleyebil	VERB	-
betimleyebilme	NOUN	-
betimleyiver	VERB	-
betimleyiverme	NOUN	-
betimleyiş	NOUN	-
betimsel	ADJ	-
beton	NOUN	-
betonarme	ADJ	-
betonarme	NOUN	-
betoniyer	NOUN	-
betonkarar	NOUN	-
betonlaş	VERB	-
betonlaştır	VERB	-
betonsu	ADJ	-
betonumsu	ADJ	-
bevliye	NOUN	-
bevvap	NOUN	VOICING
bey	NOUN	-
beyaban	NOUN	-
beyan	NOUN	-
beyanat	NOUN	-
beyanname	NOUN	-
beyaz	ADJ	-
beyaz	NOUN	-
beyazla	VERB	-
beyazlama	NOUN	-
beyazlan	VERB	-
beyazlat	VERB	-
beyazlatabil	VERB	-
beyazlatabilme	NOUN	-
beyazlatma	NOUN	-
beyazlatıl	VERB	-
beyazlatılma	NOUN	-
beyazlatılış	NOUN	-
beyazlayabil	VERB	-
beyazlayabilme	NOUN	-
beyazlayıver	VERB	-
beyazlayıverme	NOUN	-
beyazlayış	NOUN	-
beyazlaş	VERB	-
beyazlaştır	VERB	-
beyazmasa	NOUN	-
beyazsinek	NOUN	VOICING
beyazsinekler	NOUN	-
beyaztilki	NOUN	-
beyazımsı	ADJ	-
beyazımtırak	ADJ	-
beybaba	INTERJ	-
beybaba	NOUN	-
beyefendi	ADJ	-
beyefendi	NOUN	-
beygir	NOUN	-
beyhude	ADJ	-
beyhude	ADV	-
beyhudeleş	VERB	-
beyhudeleştir	VERB	-
beyin	NOUN	VOWEL_DROP
beyincik	NOUN	VOICING
beyinorağı	NOUN	-
beyinsel	ADJ	-
beyinsi	ADJ	-
beyinsizce	ADJ	-
beyinsizce	ADV	-
beyit	NOUN	-
beylerbeyi	NOUN	-
beylikçi	NOUN	-
beynamaz	ADJ	-
beynelmilel	ADJ	-
beynen	ADV	-
beyninde	ADV	-
beytülmal	NOUN	-
beyyine	NOUN	-
beyzade	NOUN	-
beyzbol	NOUN	-
beyzi	ADJ	-
bez	ADJ	-
bez	NOUN	-
bez	VERB	-
bezdir	VERB	-
bezdirebil	VERB	-
bezdirebilme	NOUN	-
bezdiri	NOUN	-
bezdiril	VERB	-
bezdirilebil	VERB	-
bezdirilebilme	NOUN	-
bezdirilme	NOUN	-
bezdirme	NOUN	-
beze	NOUN	-
beze	VERB	-
bezebil	VERB	-
bezebilme	NOUN	-
bezek	NOUN	VOICING
bezekle	VERB	-
bezekleme	NOUN	-
bezekçi	NOUN	-
bezele	VERB	-
bezeleme	NOUN	-
bezelye	NOUN	-
bezeme	NOUN	-
bezen	NOUN	-
bezen	VERB	-
bezenebil	VERB	-
bezenebilme	NOUN	-
bezeniş	NOUN	-
bezenme	NOUN	-
bezenti	NOUN	-
bezet	VERB	-
bezetme	NOUN	-
bezeyiş	NOUN	-
bezgi	NOUN	-
bezgin	ADJ	-
bezgin	ADV	-
bezgin	NOUN	-
bezgince	ADV	-
bezginleş	VERB	-
bezik	NOUN	VOICING
bezikçi	NOUN	-
bezil	VERB	-
bezilebil	VERB	-
bezilebilme	NOUN	-
bezilme	NOUN	-
bezimsi	ADJ	-
bezir	NOUN	VOWEL_DROP
bezirgân	NOUN	-
bezirgânbaşı	NOUN	-
bezirle	VERB	-
bezirleme	NOUN	-
beziş	NOUN	-
bezle	VERB	-
bezleme	NOUN	-
bezlet	VERB	-
bezletme	NOUN	-
bezm	NOUN	-
bezme	NOUN	-
bezsi	ADJ	-
bezzaz	NOUN	-
beğen	VERB	-
beğence	NOUN	-
beğendir	VERB	-
beğendirebil	VERB	-
beğendirebilme	NOUN	-
beğendiril	VERB	-
beğendirilme	NOUN	-
beğendirme	NOUN	-
beğendirt	VERB	-
beğendirtme	NOUN	-
beğenebil	VERB	-
beğenebilme	NOUN	-
beğeni	NOUN	-
beğenil	VERB	-
beğenilir	ADJ	-
beğeniliş	NOUN	-
beğenilme	NOUN	-
beğenir	ADJ	-
beğeniver	VERB	-
beğeniverme	NOUN	-
beğeniş	NOUN	-
beğenme	NOUN	-
beğenme	VERB	-
beş	ADJ	-
beş	NOUN	-
beşamel	NOUN	-
beşaret	NOUN	-
beşbenzemez	ADJ	-
beşbenzemez	NOUN	-
beşbıyık	NOUN	VOICING
beşcihar	NOUN	-
beşer	ADJ	-
beşer	NOUN	-
beşeriyet	NOUN	-
beşeriyetçi	ADJ	-
beşerî	ADJ	-
beşerî	NOUN	-
beşgen	ADJ	-
beşgen	NOUN	-
beşibirarada	NOUN	-
beşibiryerde	NOUN	-
beşik	NOUN	VOICING
beşikçi	NOUN	-
beşikörtüsü	NOUN	-
beşiz	ADJ	-
beşkardeş	NOUN	-
beşle	VERB	-
beşleme	NOUN	-
beşme	NOUN	-
beşon	NOUN	-
beşpar	VERB	VOICING
beşpençe	NOUN	-
beştaş	ADJ	-
beştaş	NOUN	-
beşuş	ADJ	-
biaman	ADJ	-
biat	NOUN	-
bibaht	ADJ	-
bibehre	ADJ	-
biber	NOUN	-
biberimsi	ADJ	-
biberiye	NOUN	-
biberle	VERB	-
biberleme	NOUN	-
biberon	NOUN	-
bibersi	ADJ	-
bibi	NOUN	-
bibliyofil	ADJ	-
bibliyograf	NOUN	-
bibliyografi	NOUN	-
bibliyografik	ADJ	-
bibliyografya	NOUN	-
bibliyoman	NOUN	-
bibliyomani	NOUN	-
bibliyotek	NOUN	VOICING
bibliyotekçi	NOUN	-
biblo	NOUN	-
bicik	NOUN	VOICING
bidar	ADJ	-
bidat	NOUN	-
bidayet	NOUN	-
bide	NOUN	-
bidon	NOUN	-
bienal	ADV	-
biftek	NOUN	VOICING
bigudi	NOUN	-
bigâne	ADJ	-
bigâne	NOUN	-
bigünah	ADJ	-
bihaber	ADJ	-
bihaber	ADV	-
bihakkın	ADV	-
bihuş	ADJ	-
bihuş	ADV	-
biilaç	ADJ	-
biilaç	ADV	-
bijon	NOUN	-
bijuteri	NOUN	-
bikarar	ADJ	-
bikarbonat	NOUN	-
bikes	ADJ	-
bikes	ADV	-
bikini	NOUN	-
bikir	NOUN	VOWEL_DROP
bil	VERB	-
bila	NOUN	-
bilabedel	ADV	-
bilahare	ADV	-
bilaistisna	ADV	-
bilakayduşart	ADV	-
bilakis	ADV	-
bilanço	NOUN	-
bilar	NOUN	-
bilardo	NOUN	-
bilasebep	ADV	-
bilavasıta	ADJ	-
bilavasıta	ADV	-
bilavasıta	NOUN	-
bilcümle	ADJ	-
bildik	ADJ	-
bildir	VERB	-
bildirebil	VERB	-
bildirebilme	NOUN	-
bildirge	NOUN	-
bildiri	NOUN	-
bildiril	VERB	-
bildirilebil	VERB	-
bildirilebilme	NOUN	-
bildiriliş	NOUN	-
bildirilme	NOUN	-
bildirim	NOUN	-
bildiriver	VERB	-
bildiriverme	NOUN	-
bildiriş	NOUN	-
bildiriş	VERB	-
bildirişim	NOUN	-
bildirişme	NOUN	-
bildirme	NOUN	-
bildirt	VERB	-
bildirtme	NOUN	-
bile	ADV	-
bile	CONJ	-
bile	POSTP	-
bile	VERB	-
bilebil	VERB	-
bilebilme	NOUN	-
bilecen	ADJ	-
bilecen	NOUN	-
bilek	NOUN	VOICING
bileme	NOUN	-
bilen	VERB	-
bilenebil	VERB	-
bilenebilme	NOUN	-
bileniş	NOUN	-
bilerek	ADV	-
bilerek	NOUN	-
bilet	NOUN	-
bilet	VERB	-
biletebil	VERB	-
biletebilme	NOUN	-
biletil	VERB	-
biletilme	NOUN	-
biletiş	NOUN	-
biletme	NOUN	-
biletçi	NOUN	-
bileyaz	VERB	-
bileyazma	NOUN	-
bileyebil	VERB	-
bileyebilme	NOUN	-
bileyiver	VERB	-
bileyiverme	NOUN	-
bileyiş	NOUN	-
bileyle	VERB	-
bileyleme	NOUN	-
bileylen	VERB	-
bileyleniş	NOUN	-
bileyleyiş	NOUN	-
bilezik	NOUN	VOICING
bileği	NOUN	-
bileğile	VERB	-
bileğileme	NOUN	-
bileğilen	VERB	-
bileğileniş	NOUN	-
bileğileyiş	NOUN	-
bileş	VERB	-
bileşen	NOUN	-
bileşik	ADJ	VOICING
bileşik	NOUN	VOICING
bileşikgiller	NOUN	-
bileşim	NOUN	-
bileşke	NOUN	-
bileştir	VERB	-
bilfarz	CONJ	-
bilfiil	ADV	-
bilge	ADJ	-
bilge	NOUN	-
bilgece	ADJ	-
bilgece	ADV	-
bilgeleş	VERB	-
bilgeleşebil	VERB	-
bilgeleşebilme	NOUN	-
bilgeleştir	VERB	-
bilgi	NOUN	-
bilgice	ADV	-
bilgilen	VERB	-
bilgilendir	VERB	-
bilgilendirebil	VERB	-
bilgilendirebilme	NOUN	-
bilgilendiril	VERB	-
bilgilendirilebil	VERB	-
bilgilendirilebilme	NOUN	-
bilgilendirilme	NOUN	-
bilgilendiriş	NOUN	-
bilgilenebil	VERB	-
bilgilenebilme	NOUN	-
bilgileniş	NOUN	-
bilgileşim	NOUN	-
bilgin	NOUN	-
bilgince	ADV	-
bilginleş	VERB	-
bilgisayar	NOUN	-
bilgisayarlaş	VERB	-
bilgisizce	ADV	-
bilgisizleş	VERB	-
bilgiyazar	NOUN	-
bilgiç	ADJ	-
bilgiç	NOUN	-
bilhassa	ADV	-
bililtizam	ADV	-
bilim	NOUN	-
bilimleştir	VERB	-
bilimsel	ADJ	-
bilimselleş	VERB	-
bilimselleştir	VERB	-
bilimsever	ADJ	-
bilin	VERB	-
bilindik	ADJ	-
bilindik	NOUN	-
bilinebil	VERB	-
bilinebilme	NOUN	-
bilinegel	VERB	-
bilinegelme	NOUN	-
bilinemez	NOUN	-
bilinen	ADJ	-
biliniş	NOUN	-
bilinme	NOUN	-
bilinmedik	ADJ	-
bilinmedik	NOUN	-
bilinmeyen	ADJ	-
bilinmez	ADJ	-
bilinç	NOUN	VOICING
bilinçaltı	NOUN	-
bilinçlen	VERB	-
bilinçlendir	VERB	-
bilinçlendirebil	VERB	-
bilinçlendirebilme	NOUN	-
bilinçlendiril	VERB	-
bilinçlendirilebil	VERB	-
bilinçlendirilebilme	NOUN	-
bilinçlendirilme	NOUN	-
bilinçlendiriş	NOUN	-
bilinçlenebil	VERB	-
bilinçlenebilme	NOUN	-
bilinçleniş	NOUN	-
bilinçsizce	ADV	-
bilinçsizleş	VERB	-
bilinçsizleşebil	VERB	-
bilinçsizleşebilme	NOUN	-
bilir	ADJ	-
bilirkişi	NOUN	-
bilisizce	ADV	-
bilistifade	ADV	-
biliver	VERB	-
biliverme	NOUN	-
biliş	NOUN	-
biliş	VERB	-
bilişim	NOUN	-
bilişme	NOUN	-
bilişsel	ADJ	-
billahi	INTERJ	-
billahi	NOUN	-
billboard	NOUN	-
billur	ADJ	-
billur	NOUN	-
billuri	ADJ	-
billuri	NOUN	-
billuriye	ADJ	-
billuriye	NOUN	-
billurlan	VERB	-
billurlandır	VERB	-
billurlaş	VERB	-
billurlaşabil	VERB	-
billurlaşabilme	NOUN	-
billurlaştır	VERB	-
billurlaştırabil	VERB	-
billurlaştırabilme	NOUN	-
billurlaştırıl	VERB	-
billurlaştırılma	NOUN	-
billursu	NOUN	-
billurumsu	ADJ	-
bilme	NOUN	-
bilmece	NOUN	-
bilmez	ADJ	-
bilmezle	VERB	-
bilmezleme	NOUN	-
bilmezlen	VERB	-
bilmiş	ADJ	-
bilmukabele	ADV	-
bilmukabele	NOUN	-
bilmünasebe	ADV	-
bilsat	NOUN	-
bilumum	ADJ	-
bilvasıta	ADJ	-
bilvesile	ADV	-
bilye	NOUN	-
bilyon	NOUN	-
bin	ADJ	-
bin	NOUN	-
bin	VERB	-
bina	NOUN	-
binaen	NOUN	-
binaen	POSTP	-
binaenaleyh	ADV	-
binbaşı	NOUN	-
binbir	ADJ	-
bindi	NOUN	-
bindir	VERB	-
bindirebil	VERB	-
bindirebilme	NOUN	-
bindiril	VERB	-
bindirilebil	VERB	-
bindirilebilme	NOUN	-
bindiriliş	NOUN	-
bindirilme	NOUN	-
bindirim	NOUN	-
bindiriş	NOUN	-
bindirme	NOUN	-
binebil	VERB	-
binebilme	NOUN	-
binek	ADJ	VOICING
binek	NOUN	VOICING
biner	ADJ	-
biner	NOUN	-
bingi	NOUN	-
bini	NOUN	-
binil	VERB	-
binilme	NOUN	-
binit	NOUN	-
biniver	VERB	-
biniverme	NOUN	-
biniş	NOUN	-
biniş	VERB	-
binişme	NOUN	-
binkat	ADV	-
binlerce	ADJ	-
binme	NOUN	-
binnetice	ADV	-
binyıl	NOUN	-
biperva	ADV	-
bir	ADJ	-
bir	ADV	-
bir	NOUN	-
bira	NOUN	-
birader	INTERJ	-
birader	NOUN	-
birahane	NOUN	-
biraz	ADJ	-
biraz	ADV	-
biraz	NOUN	-
birazcık	ADJ	-
birazcık	ADV	-
birazdan	ADV	-
birbiri	PRON	-
birden	ADV	-
birden	NOUN	-
birdenbire	ADV	-
birdirbir	NOUN	-
birebir	ADJ	-
birebir	NOUN	-
birer	ADJ	-
birer	NOUN	-
birey	NOUN	-
bireyleş	VERB	-
bireyleşebil	VERB	-
bireyleşebilme	NOUN	-
bireyleştir	VERB	-
bireysel	ADJ	-
bireyselleş	VERB	-
bireyselleştir	VERB	-
bireyselleştiril	VERB	-
bireyselleştirilme	NOUN	-
bireyüstü	ADJ	-
bireyüstü	NOUN	-
bireşim	NOUN	-
biri	NOUN	-
biri	PRON	-
biricik	ADJ	VOICING
birik	VERB	-
birikebil	VERB	-
birikebilme	NOUN	-
birikim	NOUN	-
birikinti	NOUN	-
birikiver	VERB	-
birikiverme	NOUN	-
birikiş	NOUN	-
birikiş	VERB	-
birikişme	NOUN	-
birikme	NOUN	-
biriktir	VERB	-
biriktirebil	VERB	-
biriktirebilme	NOUN	-
biriktiril	VERB	-
biriktirilebil	VERB	-
biriktirilebilme	NOUN	-
biriktirilme	NOUN	-
biriktirim	NOUN	-
biriktiriş	NOUN	-
biriktirme	NOUN	-
birileri	PRON	-
birim	NOUN	-
birimkare	NOUN	-
birimküp	NOUN	-
birincasıf	NOUN	-
birincil	ADJ	-
birisi	PRON	-
birkaç	ADJ	-
birkaçı	PRON	-
birle	VERB	-
birleme	NOUN	-
birlen	VERB	-
birler	NOUN	-
birleş	VERB	-
birleşebil	VERB	-
birleşebilme	NOUN	-
birleşen	ADJ	-
birleşik	ADJ	VOICING
birleşikgiller	NOUN	-
birleşil	VERB	-
birleşilebil	VERB	-
birleşilebilme	NOUN	-
birleşilme	NOUN	-
birleşim	NOUN	-
birleşiver	VERB	-
birleşiverme	NOUN	-
birleştir	VERB	-
birleştirebil	VERB	-
birleştirebilme	NOUN	-
birleştiril	VERB	-
birleştirilebil	VERB	-
birleştirilebilme	NOUN	-
birleştiriliş	NOUN	-
birleştirilme	NOUN	-
birleştiriver	VERB	-
birleştiriverme	NOUN	-
birleştiriş	NOUN	-
birlikte	ADV	-
birlikte	NOUN	-
birsam	NOUN	-
birtakım	ADJ	-
birtakımı	PRON	-
birun	NOUN	-
birçok	ADJ	-
birçokları	PRON	-
birçoğu	PRON	-
bis	ADV	-
biseksüel	ADJ	-
bisiklet	NOUN	-
bisikletçi	NOUN	-
bisküvi	NOUN	-
bismillah	INTERJ	-
bismillah	NOUN	-
bistro	NOUN	-
bisturi	NOUN	-
bisülfat	NOUN	-
bisülfür	NOUN	-
bit	NOUN	-
bit	VERB	-
bitap	ADJ	-
bitaraf	ADJ	-
bitebil	VERB	-
bitebilme	NOUN	-
bitek	ADJ	-
bitelge	NOUN	-
bitevi	ADV	-
biteviye	ADV	-
biteviye	NOUN	-
bitey	NOUN	-
bitik	ADJ	-
bitik	NOUN	-
bitim	NOUN	-
bitimsizleş	VERB	-
bitimsizleştir	VERB	-
bitimsizleştiril	VERB	-
bitimsizleştirilme	NOUN	-
bitir	VERB	-
bitirebil	VERB	-
bitirebilme	NOUN	-
bitiril	VERB	-
bitirilebil	VERB	-
bitirilebilme	NOUN	-
bitiriliver	VERB	-
bitiriliverme	NOUN	-
bitiriliş	NOUN	-
bitirilme	NOUN	-
bitirim	ADJ	-
bitirim	NOUN	-
bitirimhane	NOUN	-
bitiriver	VERB	-
bitiriverme	NOUN	-
bitiriş	NOUN	-
bitirme	NOUN	-
bitirmiş	ADJ	-
bitirmiş	NOUN	-
bitirt	VERB	-
bitirtme	NOUN	-
bitiver	VERB	-
bitiverme	NOUN	-
bitiş	NOUN	-
bitiş	VERB	-
bitişebil	VERB	-
bitişebilme	NOUN	-
bitişik	ADJ	VOICING
bitişik	NOUN	VOICING
bitişiş	NOUN	-
bitişken	ADJ	-
bitişme	NOUN	-
bitiştir	VERB	-
bitiştirebil	VERB	-
bitiştirebilme	NOUN	-
bitiştiril	VERB	-
bitiştirilebil	VERB	-
bitiştirilebilme	NOUN	-
bitiştiriliş	NOUN	-
bitiştirilme	NOUN	-
bitiştiriver	VERB	-
bitiştiriverme	NOUN	-
bitiştiriş	NOUN	-
bitiştirme	NOUN	-
bitki	NOUN	-
bitkicil	ADJ	-
bitkileş	VERB	-
bitkimsi	ADJ	-
bitkin	ADJ	-
bitkince	ADV	-
bitkinleş	VERB	-
bitkisel	ADJ	-
bitkisel	NOUN	-
bitlen	VERB	-
bitlenebil	VERB	-
bitlenebilme	NOUN	-
bitleniver	VERB	-
bitleniverme	NOUN	-
bitler	NOUN	-
bitme	NOUN	-
bitmişi	NOUN	-
bitnik	NOUN	VOICING
bitpazarı	NOUN	-
bittabi	ADV	-
bitter	NOUN	-
bityeniği	NOUN	-
bitüm	NOUN	-
bitümle	VERB	-
bitümleme	NOUN	-
bivefa	ADJ	-
biyaprak	NOUN	VOICING
biye	NOUN	-
biyel	NOUN	-
biyodizel	NOUN	-
biyoelektrik	NOUN	VOICING
biyoelektronik	NOUN	VOICING
biyoenerji	NOUN	-
biyofizik	NOUN	VOICING
biyogaz	NOUN	-
biyograf	NOUN	-
biyografi	NOUN	-
biyografik	ADJ	-
biyojeografi	NOUN	-
biyokatalizör	NOUN	-
biyokimya	NOUN	-
biyokimyasal	ADJ	-
biyokütle	NOUN	-
biyolog	NOUN	-
biyoloji	NOUN	-
biyolojik	ADJ	-
biyomedikal	ADJ	-
biyomedikal	NOUN	-
biyomekanik	NOUN	VOICING
biyometeoroloji	NOUN	-
biyometeorolojik	ADJ	-
biyomikroskop	NOUN	VOICING
biyonik	ADJ	-
biyonik	NOUN	-
biyopsi	NOUN	-
biyoritim	NOUN	-
biyosfer	NOUN	-
biyotit	NOUN	-
biyotop	NOUN	-
biyoşimi	NOUN	-
biz	NOUN	-
biz	PRON	-
bizar	ADV	-
bizatihi	ADV	-
bizce	ADV	-
bizcesi	PRON	-
bizcileyin	ADV	-
bizden	NOUN	-
bizimki	ADJ	-
bizimki	PRON	-
bizle	VERB	-
bizleme	NOUN	-
bizlengiç	NOUN	VOICING
bizmut	NOUN	-
bizon	NOUN	-
bizzat	ADV	-
bizzat	NOUN	-
biç	VERB	-
biçare	ADJ	-
biçare	NOUN	-
biçebil	VERB	-
biçebilme	NOUN	-
biçem	NOUN	-
biçemle	VERB	-
biçemleme	NOUN	-
biçenek	NOUN	VOICING
biçerbağlar	NOUN	-
biçerdöver	NOUN	-
biçil	VERB	-
biçilebil	VERB	-
biçilebilme	NOUN	-
biçiliş	NOUN	-
biçilme	NOUN	-
biçim	NOUN	-
biçimce	ADV	-
biçimle	VERB	-
biçimleme	NOUN	-
biçimlen	VERB	-
biçimlendir	VERB	-
biçimlendirebil	VERB	-
biçimlendirebilme	NOUN	-
biçimlendiril	VERB	-
biçimlendirilebil	VERB	-
biçimlendirilebilme	NOUN	-
biçimlendiriliş	NOUN	-
biçimlendirilme	NOUN	-
biçimlendiriş	NOUN	-
biçimlendirt	VERB	-
biçimlendirtme	NOUN	-
biçimlenebil	VERB	-
biçimlenebilme	NOUN	-
biçimleniver	VERB	-
biçimleniverme	NOUN	-
biçimleniş	NOUN	-
biçimsel	ADJ	-
biçimselleştir	VERB	-
biçimsizce	ADV	-
biçimsizleş	VERB	-
biçimsizleşebil	VERB	-
biçimsizleşebilme	NOUN	-
biçimsizleştir	VERB	-
biçimsizleştirebil	VERB	-
biçimsizleştirebilme	NOUN	-
biçimsizleştiril	VERB	-
biçimsizleştirilme	NOUN	-
biçiver	VERB	-
biçiverme	NOUN	-
biçiş	NOUN	-
biçki	NOUN	-
biçme	NOUN	-
biçtir	VERB	-
biçtirebil	VERB	-
biçtirebilme	NOUN	-
biçtiril	VERB	-
biçtirilme	NOUN	-
biçtiriver	VERB	-
biçtiriverme	NOUN	-
biçtirme	NOUN	-
bişek	NOUN	VOICING
bişi	NOUN	-
blakbotom	NOUN	-
blastula	NOUN	-
blender	NOUN	-
blog	NOUN	-
blok	ADJ	-
blok	NOUN	-
blokaj	NOUN	-
bloke	ADJ	-
blokla	VERB	-
bloklama	NOUN	-
bloklaş	VERB	-
bloknot	NOUN	-
bloksuzlar	NOUN	-
blucin	NOUN	-
blum	NOUN	-
bluz	NOUN	-
blöf	NOUN	-
blöfçü	NOUN	-
boa	NOUN	-
boagiller	NOUN	-
boalar	NOUN	-
bobin	NOUN	-
bobinaj	NOUN	-
boca	NOUN	-
bocala	VERB	-
bocalama	NOUN	-
bocalat	VERB	-
bocalatabil	VERB	-
bocalatabilme	NOUN	-
bocalatma	NOUN	-
bocalatış	NOUN	-
bocalayabil	VERB	-
bocalayabilme	NOUN	-
bocalayış	NOUN	-
bocce	NOUN	-
bocuk	NOUN	VOICING
bocurgat	NOUN	-
bodosla	VERB	-
bodoslama	ADV	-
bodoslama	NOUN	-
bodoslamadan	ADV	-
bodrum	NOUN	-
bodur	ADJ	-
bodurlaş	VERB	-
bodurlaştır	VERB	-
boduç	NOUN	VOICING
bodyguard	NOUN	-
bohem	ADJ	-
bohriyum	NOUN	-
bohça	NOUN	-
bohçala	VERB	-
bohçalama	NOUN	-
bohçalan	VERB	-
bohçalat	VERB	-
bohçalatma	NOUN	-
bok	ADJ	-
bok	NOUN	-
bokla	VERB	-
boklama	NOUN	-
boklan	VERB	-
boklaş	VERB	-
boks	NOUN	-
boksit	NOUN	-
boksçu	NOUN	-
boksör	NOUN	-
boktan	ADJ	-
bol	ADJ	-
bol	NOUN	-
bolal	VERB	-
bolalma	NOUN	-
bolar	VERB	-
bolarabil	VERB	-
bolarabilme	NOUN	-
bolarma	NOUN	-
bolca	ADJ	-
bolca	ADV	-
bolca	NOUN	-
bold	NOUN	-
bolero	NOUN	-
boliçe	NOUN	-
bollan	VERB	-
bollat	VERB	-
bollatma	NOUN	-
bollaş	VERB	-
bollaşabil	VERB	-
bollaşabilme	NOUN	-
bollaştır	VERB	-
bollaştırabil	VERB	-
bollaştırabilme	NOUN	-
bollaştırıl	VERB	-
bollaştırılabil	VERB	-
bollaştırılabilme	NOUN	-
bollaştırılma	NOUN	-
bollaşıver	VERB	-
bollaşıverme	NOUN	-
bolometre	NOUN	-
bom	NOUN	-
bomba	NOUN	-
bombaj	NOUN	-
bombala	VERB	-
bombalama	NOUN	-
bombalan	VERB	-
bombalanabil	VERB	-
bombalanabilme	NOUN	-
bombalanış	NOUN	-
bombalat	VERB	-
bombalatabil	VERB	-
bombalatabilme	NOUN	-
bombalatma	NOUN	-
bombalatıl	VERB	-
bombalatılma	NOUN	-
bombalayabil	VERB	-
bombalayabilme	NOUN	-
bombalayıver	VERB	-
bombalayıverme	NOUN	-
bombalayış	NOUN	-
bombardon	NOUN	-
bombardıman	NOUN	-
bombe	ADJ	-
bombe	NOUN	-
bombelen	VERB	-
bombelenebil	VERB	-
bombelenebilme	NOUN	-
bombeleş	VERB	-
bombok	ADJ	-
bomboz	ADJ	-
bomboş	ADJ	-
bonbon	NOUN	-
boncuk	NOUN	VOICING
boncuklan	VERB	-
boncuklanış	NOUN	-
boncuklaş	VERB	-
boncukçu	NOUN	-
bone	NOUN	-
bonfile	NOUN	-
bonjur	INTERJ	-
bonjur	NOUN	-
bonkör	ADJ	-
bonkörce	ADV	-
bonkörleş	VERB	-
bonkörleşebil	VERB	-
bonkörleşebilme	NOUN	-
bonmarşe	NOUN	-
bono	NOUN	-
bonservis	NOUN	-
bop	NOUN	-
bopstil	NOUN	-
bor	ADJ	-
bor	NOUN	-
bora	NOUN	-
borak	ADJ	-
boraks	NOUN	-
boran	NOUN	-
borani	NOUN	-
borasit	NOUN	VOICING
borat	NOUN	-
borazan	NOUN	-
borazancıbaşı	NOUN	-
borda	INTERJ	-
borda	NOUN	-
bordala	VERB	-
bordalama	NOUN	-
bordo	ADJ	-
bordo	NOUN	-
bordomsu	ADJ	-
bordomtırak	ADJ	-
bordro	NOUN	-
bordür	NOUN	-
borik	NOUN	VOICING
borina	NOUN	-
bornoz	NOUN	-
borsa	NOUN	-
boru	NOUN	-
boruk	NOUN	VOICING
borumsu	ADJ	-
borç	NOUN	VOICING
borçlan	VERB	-
borçlanabil	VERB	-
borçlanabilme	NOUN	-
borçlandır	VERB	-
borçlandırabil	VERB	-
borçlandırabilme	NOUN	-
borçlandırıl	VERB	-
borçlandırılabil	VERB	-
borçlandırılabilme	NOUN	-
borçlandırılma	NOUN	-
borçlandırış	NOUN	-
borçlanıl	VERB	-
borçlanılma	NOUN	-
borçlanış	NOUN	-
bostan	NOUN	-
bostana	NOUN	-
bostancıbaşı	NOUN	-
bot	NOUN	-
botanik	NOUN	VOICING
botanikçi	NOUN	-
bovling	NOUN	-
boy	NOUN	-
boya	NOUN	-
boya	VERB	-
boyahane	NOUN	-
boyala	VERB	-
boyalama	NOUN	-
boyalan	VERB	-
boyama	ADJ	-
boyama	NOUN	-
boyan	VERB	-
boyana	NOUN	-
boyanabil	VERB	-
boyanabilme	NOUN	-
boyanma	NOUN	-
boyanıver	VERB	-
boyanıverme	NOUN	-
boyanış	NOUN	-
boyar	NOUN	-
boyat	VERB	-
boyatabil	VERB	-
boyatabilme	NOUN	-
boyatma	NOUN	-
boyattır	VERB	-
boyattırma	NOUN	-
boyatıl	VERB	-
boyatılabil	VERB	-
boyatılabilme	NOUN	-
boyatılma	NOUN	-
boyatılış	NOUN	-
boyatıver	VERB	-
boyatıverme	NOUN	-
boyatış	NOUN	-
boyayabil	VERB	-
boyayabilme	NOUN	-
boyayıver	VERB	-
boyayıverme	NOUN	-
boyayış	NOUN	-
boyca	ADV	-
boydak	NOUN	VOICING
boydaş	ADJ	-
boydaş	NOUN	-
boykot	NOUN	-
boykotaj	NOUN	-
boykotçu	NOUN	-
boyla	VERB	-
boylam	NOUN	-
boylama	NOUN	-
boylamasına	ADV	-
boylan	VERB	-
boylanabil	VERB	-
boylanabilme	NOUN	-
boylanıver	VERB	-
boylanıverme	NOUN	-
boylanış	NOUN	-
boylat	VERB	-
boylatma	NOUN	-
boylayabil	VERB	-
boylayabilme	NOUN	-
boyler	NOUN	-
boyluca	ADJ	-
boyna	NOUN	-
boynueğri	NOUN	-
boynuz	ADJ	-
boynuz	NOUN	-
boynuzla	VERB	-
boynuzlama	NOUN	-
boynuzlan	VERB	-
boynuzlat	VERB	-
boynuzlatma	NOUN	-
boynuzlayabil	VERB	-
boynuzlayabilme	NOUN	-
boynuzlayış	NOUN	-
boynuzlaş	VERB	-
boynuzlugiller	NOUN	-
boynuzluteke	NOUN	-
boynuzsu	ADJ	-
boynuzumsu	ADJ	-
boyoz	NOUN	-
boyun	NOUN	VOWEL_DROP
boyuna	ADV	-
boyuna	NOUN	-
boyunca	ADV	-
boyunca	NOUN	-
boyunduruk	NOUN	VOICING
boyunlandır	VERB	-
boyut	NOUN	-
boyutla	VERB	-
boyutlama	NOUN	-
boyutlan	VERB	-
boyutlandır	VERB	-
boyutlandırıl	VERB	-
boyutlandırılma	NOUN	-
boyutlandırılış	NOUN	-
boyutlandırış	NOUN	-
boyutlanış	NOUN	-
boz	ADJ	-
boz	NOUN	-
boz	VERB	-
boza	NOUN	-
bozabil	VERB	-
bozabilme	NOUN	-
bozahane	NOUN	-
bozar	VERB	-
bozarabil	VERB	-
bozarabilme	NOUN	-
bozarma	NOUN	-
bozart	VERB	-
bozartma	NOUN	-
bozarık	ADJ	-
bozarış	NOUN	-
bozayı	NOUN	-
bozbakkal	NOUN	-
bozca	ADJ	-
bozca	NOUN	-
bozdoğan	NOUN	-
bozdur	VERB	-
bozdurabil	VERB	-
bozdurabilme	NOUN	-
bozdurma	NOUN	-
bozdurt	VERB	-
bozdurtma	NOUN	-
bozdurul	VERB	-
bozdurulabil	VERB	-
bozdurulabilme	NOUN	-
bozdurulma	NOUN	-
bozduruş	NOUN	-
bozgeven	NOUN	-
bozgun	ADJ	-
bozgun	NOUN	-
bozkurt	NOUN	VOICING
bozkır	NOUN	-
bozkırlaş	VERB	-
bozkırlaştır	VERB	-
bozla	VERB	-
bozlak	NOUN	VOICING
bozlama	NOUN	-
bozma	ADJ	-
bozma	NOUN	-
bozrak	ADJ	-
bozuk	ADJ	VOICING
bozuk	NOUN	VOICING
bozukça	ADJ	-
bozul	VERB	-
bozulabil	VERB	-
bozulabilme	NOUN	-
bozulaş	VERB	-
bozulma	NOUN	-
bozuluver	VERB	-
bozuluverme	NOUN	-
bozuluş	NOUN	-
bozum	NOUN	-
bozumca	NOUN	-
bozumsu	ADJ	-
bozun	VERB	-
bozunma	NOUN	-
bozuntu	NOUN	-
bozunum	NOUN	-
bozuver	VERB	-
bozuverme	NOUN	-
bozuş	NOUN	-
bozuş	VERB	-
bozuşabil	VERB	-
bozuşabilme	NOUN	-
bozuşma	NOUN	-
bozuştur	VERB	-
bozuşturma	NOUN	-
bozuşuk	ADJ	-
bozuşuver	VERB	-
bozuşuverme	NOUN	-
bozyürük	NOUN	VOICING
bozördek	NOUN	VOICING
boğ	VERB	-
boğa	NOUN	-
boğabil	VERB	-
boğabilme	NOUN	-
boğada	NOUN	-
boğak	NOUN	VOICING
boğanak	NOUN	VOICING
boğasa	VERB	-
boğasak	NOUN	VOICING
boğasama	NOUN	-
boğası	NOUN	-
boğata	NOUN	-
boğaz	NOUN	-
boğazkesen	NOUN	-
boğazla	VERB	-
boğazlama	NOUN	-
boğazlan	VERB	-
boğazlanabil	VERB	-
boğazlanabilme	NOUN	-
boğazlat	VERB	-
boğazlatabil	VERB	-
boğazlatabilme	NOUN	-
boğazlatma	NOUN	-
boğazlatıl	VERB	-
boğazlatılma	NOUN	-
boğazlayabil	VERB	-
boğazlayabilme	NOUN	-
boğazlayıver	VERB	-
boğazlayıverme	NOUN	-
boğazlaş	VERB	-
boğazlaşabil	VERB	-
boğazlaşabilme	NOUN	-
boğdur	VERB	-
boğdurabil	VERB	-
boğdurabilme	NOUN	-
boğdurma	NOUN	-
boğdurt	VERB	-
boğdurtma	NOUN	-
boğdurul	VERB	-
boğdurulma	NOUN	-
boğduruver	VERB	-
boğduruverme	NOUN	-
boğma	NOUN	-
boğmaca	NOUN	-
boğuk	ADJ	-
boğuklaş	VERB	-
boğuklaşabil	VERB	-
boğuklaşabilme	NOUN	-
boğuklaştır	VERB	-
boğul	VERB	-
boğulabil	VERB	-
boğulabilme	NOUN	-
boğulma	NOUN	-
boğuluver	VERB	-
boğuluverme	NOUN	-
boğuluş	NOUN	-
boğum	NOUN	-
boğumla	VERB	-
boğumlama	NOUN	-
boğumlan	VERB	-
boğumlanabil	VERB	-
boğumlanabilme	NOUN	-
boğumlanış	NOUN	-
boğuntu	NOUN	-
boğunuk	ADJ	-
boğunuk	NOUN	-
boğunç	NOUN	VOICING
boğuver	VERB	-
boğuverme	NOUN	-
boğuş	VERB	-
boğuşabil	VERB	-
boğuşabilme	NOUN	-
boğuşma	NOUN	-
boğuşul	VERB	-
boğuşulma	NOUN	-
boş	ADJ	-
boş	ADV	-
boş	NOUN	-
boşa	VERB	-
boşal	VERB	-
boşalabil	VERB	-
boşalabilme	NOUN	-
boşalma	NOUN	-
boşalt	VERB	-
boşaltabil	VERB	-
boşaltabilme	NOUN	-
boşaltaç	NOUN	VOICING
boşaltma	NOUN	-
boşaltı	NOUN	-
boşaltıl	VERB	-
boşaltılabil	VERB	-
boşaltılabilme	NOUN	-
boşaltılma	NOUN	-
boşaltılıver	VERB	-
boşaltılıverme	NOUN	-
boşaltılış	NOUN	-
boşaltım	NOUN	-
boşaltıver	VERB	-
boşaltıverme	NOUN	-
boşaltış	NOUN	-
boşalım	NOUN	-
boşalıver	VERB	-
boşalıverme	NOUN	-
boşalış	NOUN	-
boşama	NOUN	-
boşan	VERB	-
boşanabil	VERB	-
boşanabilme	NOUN	-
boşandır	VERB	-
boşandırma	NOUN	-
boşandırıl	VERB	-
boşandırılma	NOUN	-
boşanma	NOUN	-
boşanıl	VERB	-
boşanılma	NOUN	-
boşanıver	VERB	-
boşanıverme	NOUN	-
boşanış	NOUN	-
boşat	VERB	-
boşatabil	VERB	-
boşatabilme	NOUN	-
boşatma	NOUN	-
boşattır	VERB	-
boşattırma	NOUN	-
boşatıl	VERB	-
boşatılabil	VERB	-
boşatılabilme	NOUN	-
boşatılma	NOUN	-
boşayabil	VERB	-
boşayabilme	NOUN	-
boşayıver	VERB	-
boşayıverme	NOUN	-
boşboğaz	ADJ	-
boşla	VERB	-
boşlama	NOUN	-
boşlat	VERB	-
boşlatma	NOUN	-
boşlaş	VERB	-
boşuna	ADJ	-
boşuna	ADV	-
boşvermiş	ADJ	-
brahma	NOUN	-
braket	NOUN	-
brakisefal	ADJ	-
branda	NOUN	-
branş	NOUN	-
bravo	INTERJ	-
bre	CONJ	-
bre	INTERJ	-
bre	NOUN	-
brezil	NOUN	-
breş	NOUN	-
brifing	NOUN	-
brik	NOUN	-
briket	NOUN	-
briketle	VERB	-
briketleme	NOUN	-
briketçi	NOUN	-
brit	NOUN	-
briyantin	NOUN	-
briz	NOUN	-
brizbiz	NOUN	-
briç	NOUN	-
brokar	NOUN	-
broker	NOUN	-
brom	NOUN	-
bromhidrik	ADJ	-
bromür	NOUN	-
bronz	ADJ	-
bronz	NOUN	-
bronzlaş	VERB	-
bronzlaştır	VERB	-
bronş	NOUN	-
bronşit	NOUN	-
bronşçuk	NOUN	VOICING
brovning	NOUN	-
broş	NOUN	-
broşür	NOUN	-
bröve	NOUN	-
brülör	NOUN	-
brüt	ADJ	-
brüt	NOUN	-
brıçka	NOUN	-
bu	ADJ	-
bu	PRON	-
buat	NOUN	-
bucak	NOUN	VOICING
buda	VERB	-
budak	NOUN	VOICING
budaklan	VERB	-
budaklandır	VERB	-
budala	ADJ	-
budala	NOUN	-
budalaca	ADJ	-
budalaca	ADV	-
budalacasına	ADV	-
budalalaş	VERB	-
budalalaştır	VERB	-
budama	NOUN	-
budan	VERB	-
budanabil	VERB	-
budanabilme	NOUN	-
budanma	NOUN	-
budanış	NOUN	-
budat	VERB	-
budatabil	VERB	-
budatabilme	NOUN	-
budatma	NOUN	-
budayabil	VERB	-
budayabilme	NOUN	-
budayıver	VERB	-
budayıverme	NOUN	-
budayış	NOUN	-
budun	NOUN	-
budunsal	ADJ	-
bugün	ADV	-
bugün	NOUN	-
bugünkü	ADJ	-
bugünlerde	ADV	-
buhar	NOUN	-
buharlaş	VERB	-
buharlaşabil	VERB	-
buharlaşabilme	NOUN	-
buharlaştır	VERB	-
buharlaşıver	VERB	-
buharlaşıverme	NOUN	-
buhran	NOUN	-
buhur	NOUN	-
buhurdan	NOUN	-
buhurumeryem	NOUN	-
buji	NOUN	-
bukalemun	NOUN	-
bukalemungiller	NOUN	-
bukalemunlaş	VERB	-
bukanak	NOUN	VOICING
bukağı	NOUN	-
bukağıla	VERB	-
bukağılama	NOUN	-
bukağılan	VERB	-
bukağılayabil	VERB	-
bukağılayabilme	NOUN	-
buke	NOUN	-
buket	NOUN	-
bukle	NOUN	-
buklet	ADJ	-
buklet	NOUN	-
bukran	NOUN	-
bul	NOUN	-
bul	VERB	-
bula	NOUN	-
bula	VERB	-
bulabil	VERB	-
bulabilme	NOUN	-
bulada	NOUN	-
bulak	NOUN	VOICING
bulama	NOUN	-
bulamaç	ADJ	VOICING
bulamaç	NOUN	VOICING
bulan	VERB	-
bulanabil	VERB	-
bulanabilme	NOUN	-
bulancak	NOUN	VOICING
bulandır	VERB	-
bulandırabil	VERB	-
bulandırabilme	NOUN	-
bulandırıl	VERB	-
bulandırılabil	VERB	-
bulandırılabilme	NOUN	-
bulandırılma	NOUN	-
bulandırıver	VERB	-
bulandırıverme	NOUN	-
bulantı	NOUN	-
bulanık	ADJ	-
bulanık	ADV	-
bulanık	NOUN	-
bulanıklaş	VERB	-
bulanıklaştır	VERB	-
bulanıklaştırıl	VERB	-
bulanıklaştırılma	NOUN	-
bulanıksı	ADJ	-
bulanıkça	ADJ	-
bulanıver	VERB	-
bulanıverme	NOUN	-
bulanış	NOUN	-
bulat	VERB	-
bulatma	NOUN	-
bulayabil	VERB	-
bulayabilme	NOUN	-
bulaş	NOUN	-
bulaş	VERB	-
bulaşabil	VERB	-
bulaşabilme	NOUN	-
bulaşkan	ADJ	-
bulaşkan	NOUN	-
bulaştır	VERB	-
bulaştırabil	VERB	-
bulaştırabilme	NOUN	-
bulaştırıl	VERB	-
bulaştırılma	NOUN	-
bulaştırıver	VERB	-
bulaştırıverme	NOUN	-
bulaşı	NOUN	-
bulaşık	ADJ	VOICING
bulaşık	NOUN	VOICING
bulaşıkhane	NOUN	-
bulaşıkçı	ADJ	-
bulaşıl	VERB	-
bulaşılma	NOUN	-
bulaşıver	VERB	-
bulaşıverme	NOUN	-
buldok	NOUN	VOICING
buldozer	NOUN	-
buldumcuk	ADJ	-
buldur	VERB	-
buldurabil	VERB	-
buldurabilme	NOUN	-
buldurma	NOUN	-
buldurt	VERB	-
buldurtma	NOUN	-
bulgari	NOUN	-
bulgu	NOUN	-
bulgula	VERB	-
bulgulama	NOUN	-
bulgulan	VERB	-
bulgulanabil	VERB	-
bulgulanabilme	NOUN	-
bulgulanış	NOUN	-
bulgulayabil	VERB	-
bulgulayabilme	NOUN	-
bulgulayış	NOUN	-
bulgur	NOUN	-
bulgurcuk	NOUN	VOICING
bulgurla	VERB	-
bulgurlama	NOUN	-
bulgurlan	VERB	-
bulgursu	ADJ	-
bulgurumsu	ADJ	-
bulgusal	ADJ	-
bulma	NOUN	-
bulmaca	NOUN	-
bultak	NOUN	VOICING
bulun	VERB	-
bulunabil	VERB	-
bulunabilme	NOUN	-
bulunak	NOUN	VOICING
bulundur	VERB	-
bulundurabil	VERB	-
bulundurabilme	NOUN	-
bulundurma	NOUN	-
bulundurul	VERB	-
bulundurulabil	VERB	-
bulundurulabilme	NOUN	-
bulundurulma	NOUN	-
bulunduruş	NOUN	-
bulunma	NOUN	-
bulunmaz	ADJ	-
buluntu	NOUN	-
bulunuver	VERB	-
bulunuverme	NOUN	-
bulunuş	NOUN	-
bulut	NOUN	-
bulutlan	VERB	-
bulutlanabil	VERB	-
bulutlanabilme	NOUN	-
bulutlanıver	VERB	-
bulutlanıverme	NOUN	-
bulutsu	NOUN	-
bulutçuk	NOUN	VOICING
buluver	VERB	-
buluverme	NOUN	-
buluş	NOUN	-
buluş	VERB	-
buluşabil	VERB	-
buluşabilme	NOUN	-
buluşma	NOUN	-
buluştur	VERB	-
buluşturabil	VERB	-
buluşturabilme	NOUN	-
buluşturma	NOUN	-
buluşturul	VERB	-
buluşturulabil	VERB	-
buluşturulabilme	NOUN	-
buluşturulma	NOUN	-
buluşturuver	VERB	-
buluşturuverme	NOUN	-
buluşul	VERB	-
buluşulabil	VERB	-
buluşulabilme	NOUN	-
buluşulma	NOUN	-
buluşuver	VERB	-
buluşuverme	NOUN	-
bulvar	NOUN	-
bumbar	NOUN	-
bumburuşuk	ADJ	-
bumbuz	ADJ	-
bumerang	NOUN	-
bumla	VERB	-
bumlama	NOUN	-
bun	NOUN	-
bun	VERB	-
buna	VERB	-
bunak	ADJ	VOICING
bunaklaş	VERB	-
bunaklaşabil	VERB	-
bunaklaşabilme	NOUN	-
bunakça	ADV	-
bunal	VERB	-
bunalabil	VERB	-
bunalabilme	NOUN	-
bunalma	NOUN	-
bunalt	VERB	-
bunaltabil	VERB	-
bunaltabilme	NOUN	-
bunaltma	NOUN	-
bunaltı	NOUN	-
bunaltıl	VERB	-
bunaltılma	NOUN	-
bunalım	NOUN	-
bunalıver	VERB	-
bunalıverme	NOUN	-
bunalış	NOUN	-
bunama	NOUN	-
bunayabil	VERB	-
bunayabilme	NOUN	-
bunayıver	VERB	-
bunayıverme	NOUN	-
bunayış	NOUN	-
bunca	ADJ	-
buncacık	ADJ	-
buncacık	NOUN	-
buncadır	ADV	-
buncası	PRON	-
buncağız	ADJ	-
buncağız	NOUN	-
bundan	ADV	-
bundan	NOUN	-
bungalov	NOUN	-
bungun	ADJ	-
bungunlaş	VERB	-
bungunlaştır	VERB	-
bunlar	PRON	-
bunma	NOUN	-
bur	VERB	-
bura	NOUN	-
burabil	VERB	-
burabilme	NOUN	-
buracık	NOUN	VOICING
buracıkta	ADV	-
burada	ADV	-
buradan	ADV	-
burası	NOUN	-
burağan	NOUN	-
burcuma	NOUN	-
burdur	VERB	-
burdurabil	VERB	-
burdurabilme	NOUN	-
burdurma	NOUN	-
burdurul	VERB	-
burdurulma	NOUN	-
burgata	NOUN	-
burgaç	NOUN	VOICING
burgu	NOUN	-
burgula	VERB	-
burgulama	NOUN	-
burgulan	VERB	-
burhan	NOUN	-
burjuva	ADJ	-
burjuva	NOUN	-
burjuvaca	ADJ	-
burjuvaca	ADV	-
burjuvacasına	ADV	-
burjuvazi	NOUN	-
burk	VERB	-
burkabil	VERB	-
burkabilme	NOUN	-
burkma	NOUN	-
burkuk	ADJ	-
burkuk	NOUN	-
burkul	VERB	-
burkulabil	VERB	-
burkulabilme	NOUN	-
burkulma	NOUN	-
burkuluver	VERB	-
burkuluverme	NOUN	-
burkuluş	NOUN	-
burkuntu	NOUN	-
burkuver	VERB	-
burkuverme	NOUN	-
burlesk	NOUN	-
burma	ADJ	-
burma	NOUN	-
burnaz	ADJ	-
burs	NOUN	-
bursiyer	ADJ	-
burtlak	NOUN	VOICING
buru	NOUN	-
buruk	ADJ	VOICING
buruk	NOUN	VOICING
buruklaş	VERB	-
buruksu	ADJ	-
burukça	ADJ	-
burul	VERB	-
burulabil	VERB	-
burulabilme	NOUN	-
burulma	NOUN	-
burun	NOUN	VOWEL_DROP
burunduruk	NOUN	VOICING
burunla	VERB	-
burunlama	NOUN	-
burunlat	VERB	-
burunlatma	NOUN	-
burunsak	NOUN	VOICING
buruntu	NOUN	-
buruş	VERB	-
buruşabil	VERB	-
buruşabilme	NOUN	-
buruşma	NOUN	-
buruştur	VERB	-
buruşturabil	VERB	-
buruşturabilme	NOUN	-
buruşturma	NOUN	-
buruşturul	VERB	-
buruşturulabil	VERB	-
buruşturulabilme	NOUN	-
buruşturulma	NOUN	-
buruşturuver	VERB	-
buruşturuverme	NOUN	-
buruşuk	ADJ	-
buruşukça	ADJ	-
buruşuver	VERB	-
buruşuverme	NOUN	-
burç	NOUN	VOICING
burçak	NOUN	VOICING
busbulanık	ADJ	-
buse	NOUN	-
buselikaşiran	NOUN	-
but	NOUN	VOICING
butafor	NOUN	-
butik	NOUN	VOICING
butikçi	NOUN	-
butlan	NOUN	-
buton	NOUN	-
buut	NOUN	VOICING
buy	VERB	-
buydur	VERB	-
buydurma	NOUN	-
buyma	NOUN	-
buyot	NOUN	-
buyruk	NOUN	VOICING
buyrukçu	NOUN	-
buyrul	VERB	-
buyrulma	NOUN	-
buyrultu	NOUN	-
buyur	VERB	-
buyur!	NOUN	-
buyurabil	VERB	-
buyurabilme	NOUN	-
buyurgan	ADJ	-
buyurgan	NOUN	-
buyurganca	ADV	-
buyurganlaş	VERB	-
buyurma	NOUN	-
buyuru	NOUN	-
buyuruş	NOUN	-
buz	ADJ	-
buz	NOUN	-
buzağı	NOUN	-
buzağıla	VERB	-
buzağılama	NOUN	-
buzağılaş	VERB	-
buzdolabı	NOUN	-
buzhane	NOUN	-
buzkıran	NOUN	-
buzla	NOUN	-
buzlan	VERB	-
buzlanabil	VERB	-
buzlanabilme	NOUN	-
buzlanış	NOUN	-
buzlaş	VERB	-
buzlaşabil	VERB	-
buzlaşabilme	NOUN	-
buzluğan	NOUN	-
buzuki	NOUN	-
buzul	NOUN	-
buzullaş	VERB	-
buzçözer	NOUN	-
buçuk	ADJ	VOICING
buğday	NOUN	-
buğdaycıl	NOUN	-
buğdaygiller	NOUN	-
buğdaysı	ADJ	-
buğdayımsı	ADJ	-
buğra	NOUN	-
buğu	NOUN	-
buğuevi	NOUN	-
buğula	VERB	-
buğulama	NOUN	-
buğulan	VERB	-
buğulanabil	VERB	-
buğulanabilme	NOUN	-
buğulandır	VERB	-
buğulanıver	VERB	-
buğulanıverme	NOUN	-
buğulanış	NOUN	-
buğulaş	VERB	-
buğulaştır	VERB	-
buğur	NOUN	-
buğuz	NOUN	-
buğzet	VERB	-
buğzetme	NOUN	-
buşon	NOUN	-
bâtın	ADJ	-
bâtın	NOUN	-
bâtıni	ADJ	-
bâtıni	NOUN	-
böbrek	NOUN	VOICING
böbreksi	ADJ	-
böbür	NOUN	-
böbürlen	VERB	-
böbürlenebil	VERB	-
böbürlenebilme	NOUN	-
böbürleniş	NOUN	-
böbürtü	NOUN	-
böce	NOUN	-
böcek	NOUN	VOICING
böcekbaşı	NOUN	-
böcekhane	NOUN	-
böcekkabuğu	ADJ	-
böcekkabuğu	NOUN	-
böcekkapan	NOUN	-
böceklen	VERB	-
böceklenebil	VERB	-
böceklenebilme	NOUN	-
böcekler	NOUN	-
böceksavar	NOUN	-
böcekçi	NOUN	-
böcekçil	ADJ	-
böcekçiller	NOUN	-
böcelen	VERB	-
böke	ADJ	-
böke	NOUN	-
böl	VERB	-
böldür	VERB	-
böldürebil	VERB	-
böldürebilme	NOUN	-
böldürme	NOUN	-
böldürt	VERB	-
böldürtme	NOUN	-
böldürül	VERB	-
böldürülme	NOUN	-
böle	NOUN	-
bölebil	VERB	-
bölebilme	NOUN	-
bölen	NOUN	-
bölge	NOUN	-
bölgele	VERB	-
bölgeleme	NOUN	-
bölgesel	ADJ	-
bölgeselleş	VERB	-
bölme	NOUN	-
bölmeç	NOUN	VOICING
bölyönet	NOUN	-
bölükbaşı	NOUN	-
bölüm	NOUN	-
bölümle	VERB	-
bölümleme	NOUN	-
bölümlen	VERB	-
bölümlendir	VERB	-
bölümlendiril	VERB	-
bölümlendiriliş	NOUN	-
bölümlendirilme	NOUN	-
bölümleniş	NOUN	-
bölümleyiş	NOUN	-
bölümsel	ADJ	-
bölün	VERB	-
bölünebil	VERB	-
bölünebilme	NOUN	-
bölünen	NOUN	-
bölüngü	NOUN	-
bölünme	NOUN	-
bölünmez	ADJ	-
bölüntü	NOUN	-
bölünüş	NOUN	-
bölüt	NOUN	-
bölüş	NOUN	-
bölüş	VERB	-
bölüşebil	VERB	-
bölüşebilme	NOUN	-
bölüşme	NOUN	-
bölüştür	VERB	-
bölüştürebil	VERB	-
bölüştürebilme	NOUN	-
bölüştürme	NOUN	-
bölüştürül	VERB	-
bölüştürülebil	VERB	-
bölüştürülebilme	NOUN	-
bölüştürülme	NOUN	-
bölüştürüver	VERB	-
bölüştürüverme	NOUN	-
bölüşül	VERB	-
bölüşülebil	VERB	-
bölüşülebilme	NOUN	-
bölüşülme	NOUN	-
bölüşüm	NOUN	-
bölüşüver	VERB	-
bölüşüverme	NOUN	-
bön	ADJ	-
bönce	ADV	-
böncesine	ADV	-
bönleş	VERB	-
börek	NOUN	VOICING
börekçi	NOUN	-
börk	NOUN	-
börkenek	NOUN	VOICING
bört	VERB	-
börtle	VERB	-
börtleme	NOUN	-
börtlet	VERB	-
börtletme	NOUN	-
börtme	NOUN	-
börttür	VERB	-
börttürme	NOUN	-
börtük	ADJ	-
börtül	VERB	-
börtülme	NOUN	-
börü	NOUN	-
börülce	NOUN	-
böyle	ADJ	-
böyle	ADV	-
böyle	POSTP	-
böylece	ADV	-
böylece	NOUN	-
böylecene	ADV	-
böylelikle	ADV	-
böylesi	ADJ	-
böylesi	PRON	-
böylesine	ADJ	-
böğ	NOUN	-
böğrülce	NOUN	-
böğür	NOUN	VOWEL_DROP
böğür	VERB	-
böğürebil	VERB	-
böğürebilme	NOUN	-
böğürme	NOUN	-
böğürt	VERB	-
böğürtlen	NOUN	-
böğürtme	NOUN	-
böğürtü	NOUN	-
böğürüver	VERB	-
böğürüverme	NOUN	-
böğürüş	NOUN	-
bücür	ADJ	-
bücür	NOUN	-
bücürleş	VERB	-
büfe	NOUN	-
bühtan	NOUN	-
bük	NOUN	-
bük	VERB	-
bükebil	VERB	-
bükebilme	NOUN	-
büken	NOUN	-
büklüm	NOUN	-
bükme	NOUN	-
büktür	VERB	-
büktürebil	VERB	-
büktürebilme	NOUN	-
büktürme	NOUN	-
büktürül	VERB	-
büktürülme	NOUN	-
bükük	ADJ	-
bükül	VERB	-
bükülebil	VERB	-
bükülebilme	NOUN	-
bükülgen	ADJ	-
bükülgen	NOUN	-
bükülme	NOUN	-
bükülüver	VERB	-
bükülüverme	NOUN	-
bükülüş	NOUN	-
büküm	NOUN	-
bükün	NOUN	-
bükün	VERB	-
bükünme	NOUN	-
büküntü	NOUN	-
büküver	VERB	-
büküverme	NOUN	-
büküç	NOUN	VOICING
büküş	NOUN	-
bülbül	NOUN	-
bülbülkonağı	NOUN	-
bülbülleş	VERB	-
bülbülyuvası	NOUN	-
bülten	NOUN	-
büluğ	NOUN	-
bünye	NOUN	-
bünyece	ADV	-
bürgü	NOUN	-
büro	NOUN	-
bürokrasi	NOUN	-
bürokrat	ADJ	-
bürokrat	NOUN	-
bürokratik	ADJ	-
bürokratik	NOUN	-
bürokratlaş	VERB	-
bürudet	NOUN	-
büryan	NOUN	-
bürü	VERB	-
bürük	NOUN	VOICING
bürümcek	NOUN	VOICING
bürümcük	ADJ	VOICING
bürümcük	NOUN	VOICING
bürüme	NOUN	-
bürün	NOUN	-
bürün	VERB	-
büründür	VERB	-
büründürme	NOUN	-
bürünebil	VERB	-
bürünebilme	NOUN	-
bürünme	NOUN	-
bürünüver	VERB	-
bürünüverme	NOUN	-
bürünüş	NOUN	-
bürüyebil	VERB	-
bürüyebilme	NOUN	-
bürüyüş	NOUN	-
büsbütün	ADV	-
büsbütün	NOUN	-
büst	NOUN	-
büstiyer	NOUN	-
bütan	NOUN	-
büten	NOUN	-
bütey	NOUN	-
bütçe	NOUN	-
bütçele	VERB	-
bütçeleme	NOUN	-
bütün	ADJ	-
bütün	NOUN	-
bütünce	NOUN	-
bütüncül	ADJ	-
bütüncül	NOUN	-
bütünle	VERB	-
bütünleme	NOUN	-
bütünlen	VERB	-
bütünlenebil	VERB	-
bütünlenebilme	NOUN	-
bütünleniş	NOUN	-
bütünler	ADJ	-
bütünlet	VERB	-
bütünletebil	VERB	-
bütünletebilme	NOUN	-
bütünletme	NOUN	-
bütünleyebil	VERB	-
bütünleyebilme	NOUN	-
bütünleyen	ADJ	-
bütünleyiş	NOUN	-
bütünleş	VERB	-
bütünleşebil	VERB	-
bütünleşebilme	NOUN	-
bütünleşik	ADJ	-
bütünleştir	VERB	-
bütünleştirebil	VERB	-
bütünleştirebilme	NOUN	-
bütünleştiril	VERB	-
bütünleştirilebil	VERB	-
bütünleştirilebilme	NOUN	-
bütünleştirilme	NOUN	-
bütünsel	ADJ	-
bütünüyle	ADV	-
büve	NOUN	-
büvet	NOUN	-
büyü	NOUN	-
büyü	VERB	-
büyücek	ADJ	-
büyük	ADJ	VOICING
büyük	NOUN	VOICING
büyükana	NOUN	-
büyükanne	NOUN	-
büyükbaba	NOUN	-
büyükbaş	NOUN	-
büyükelçi	NOUN	-
büyüklen	VERB	-
büyüklenebil	VERB	-
büyüklenebilme	NOUN	-
büyükleniş	NOUN	-
büyükpeder	NOUN	-
büyükse	VERB	-
büyükseme	NOUN	-
büyüksü	ADJ	-
büyükçe	ADJ	-
büyükçe	NOUN	-
büyükşehir	NOUN	VOWEL_DROP
büyüle	VERB	-
büyüleme	NOUN	-
büyülen	VERB	-
büyülenebil	VERB	-
büyülenebilme	NOUN	-
büyüleniş	NOUN	-
büyüleyebil	VERB	-
büyüleyebilme	NOUN	-
büyüleyiş	NOUN	-
büyült	VERB	-
büyültebil	VERB	-
büyültebilme	NOUN	-
büyülteç	NOUN	VOICING
büyültme	NOUN	-
büyüme	NOUN	-
büyümse	VERB	-
büyümseme	NOUN	-
büyürek	ADJ	-
büyüsel	ADJ	-
büyüt	VERB	-
büyütebil	VERB	-
büyütebilme	NOUN	-
büyüteç	NOUN	VOICING
büyütken	ADJ	-
büyütme	NOUN	-
büyüttür	VERB	-
büyüttürme	NOUN	-
büyütül	VERB	-
büyütülebil	VERB	-
büyütülebilme	NOUN	-
büyütülme	NOUN	-
büyütülüş	NOUN	-
büyütüş	NOUN	-
büyüyebil	VERB	-
büyüyebilme	NOUN	-
büyüyüver	VERB	-
büyüyüverme	NOUN	-
büyüyüş	NOUN	-
büz	NOUN	-
büz	VERB	-
büzdür	VERB	-
büzdürme	NOUN	-
büzdürül	VERB	-
büzdürülme	NOUN	-
büzebil	VERB	-
büzebilme	NOUN	-
büzgen	NOUN	-
büzgü	NOUN	-
büzgüle	VERB	-
büzgüleme	NOUN	-
büzme	ADJ	-
büzme	NOUN	-
büzük	ADJ	VOICING
büzük	NOUN	VOICING
büzüktaş	NOUN	-
büzül	VERB	-
büzülebil	VERB	-
büzülebilme	NOUN	-
büzülme	NOUN	-
büzülüver	VERB	-
büzülüverme	NOUN	-
büzülüş	NOUN	-
büzüş	VERB	-
büzüşebil	VERB	-
büzüşebilme	NOUN	-
büzüşme	NOUN	-
büzüştür	VERB	-
büzüştürebil	VERB	-
büzüştürebilme	NOUN	-
büzüştürme	NOUN	-
büzüştürül	VERB	-
büzüştürülebil	VERB	-
büzüştürülebilme	NOUN	-
büzüştürülme	NOUN	-
büzüşük	ADJ	-
büzüşük	NOUN	-
büzüşüver	VERB	-
büzüşüverme	NOUN	-
büğe	VERB	-
büğelek	NOUN	VOICING
büğeme	NOUN	-
büğet	NOUN	-
bıcıl	NOUN	-
bıcırgan	NOUN	-
bıcırık	NOUN	VOICING
bıdık	ADJ	-
bık	VERB	-
bıkabil	VERB	-
bıkabilme	NOUN	-
bıkkın	ADJ	-
bıkkıntı	NOUN	-
bıkma	NOUN	-
bıktır	VERB	-
bıktırabil	VERB	-
bıktırabilme	NOUN	-
bıktırma	NOUN	-
bıktırıl	VERB	-
bıktırılabil	VERB	-
bıktırılabilme	NOUN	-
bıktırılma	NOUN	-
bıktırış	NOUN	-
bıkıl	VERB	-
bıkılabil	VERB	-
bıkılabilme	NOUN	-
bıkılma	NOUN	-
bıkıver	VERB	-
bıkıverme	NOUN	-
bıkış	NOUN	-
bıkış	VERB	-
bıkışma	NOUN	-
bıldır	ADV	-
bıldırcın	NOUN	-
bılkı	VERB	-
bılkıma	NOUN	-
bıngılda	VERB	-
bıngıldak	NOUN	VOICING
bıngıldama	NOUN	-
bırak	VERB	-
bırakabil	VERB	-
bırakabilme	NOUN	-
bırakma	NOUN	-
bıraktır	VERB	-
bıraktırabil	VERB	-
bıraktırabilme	NOUN	-
bıraktırma	NOUN	-
bıraktırt	VERB	-
bıraktırtma	NOUN	-
bıraktırıl	VERB	-
bıraktırılabil	VERB	-
bıraktırılabilme	NOUN	-
bıraktırılma	NOUN	-
bırakıl	VERB	-
bırakılabil	VERB	-
bırakılabilme	NOUN	-
bırakılma	NOUN	-
bırakılıver	VERB	-
bırakılıverme	NOUN	-
bırakılış	NOUN	-
bırakım	NOUN	-
bırakıt	NOUN	-
bırakıver	VERB	-
bırakıverme	NOUN	-
bırakış	NOUN	-
bırakış	VERB	-
bırakışma	NOUN	-
bıttım	NOUN	-
bıyık	NOUN	VOICING
bıyıklan	VERB	-
bızbız	NOUN	-
bızdık	NOUN	VOICING
bızır	NOUN	-
bıçak	NOUN	VOICING
bıçakla	VERB	-
bıçaklama	NOUN	-
bıçaklan	VERB	-
bıçaklanış	NOUN	-
bıçaklat	VERB	-
bıçaklatma	NOUN	-
bıçaklayabil	VERB	-
bıçaklayabilme	NOUN	-
bıçaklayıver	VERB	-
bıçaklayıverme	NOUN	-
bıçaklayış	NOUN	-
bıçaksırtı	NOUN	-
bıçakçı	NOUN	-
bıçkı	NOUN	-
bıçkıevi	NOUN	-
bıçkıhane	NOUN	-
bıçkın	ADJ	-
bıçkın	NOUN	-
bıçkınca	ADV	-
bıçkınlaş	VERB	-
bıçık	NOUN	VOICING
bıçılgan	NOUN	-
bıçırgan	NOUN	-
caba	ADV	-
caba	NOUN	-
cabadan	ADV	-
cabadan	NOUN	-
cabası	ADV	-
cacık	NOUN	VOICING
cadaloz	ADJ	-
cadalozlaş	VERB	-
cadde	NOUN	-
cadı	NOUN	-
cadılaş	VERB	-
cadısüpürgesi	NOUN	-
cafcaf	ADJ	-
cafcaf	NOUN	-
cahil	ADJ	-
cahil	NOUN	-
cahilane	ADV	-
cahilce	ADV	-
cahilcesine	ADV	-
cahiliyet	NOUN	-
cahilleş	VERB	-
cahilleşebil	VERB	-
cahilleşebilme	NOUN	-
caiz	ADJ	-
caiz	NOUN	-
caize	NOUN	-
caka	NOUN	-
cakalan	VERB	-
calip	ADJ	-
cam	ADJ	-
cam	NOUN	-
camadan	NOUN	-
cambaz	ADJ	-
cambaz	NOUN	-
cambazhane	NOUN	-
cambazvari	ADJ	-
cambultu	NOUN	-
camekân	NOUN	-
camevi	NOUN	-
camgöbeği	ADJ	-
camgöbeği	NOUN	-
camgöz	NOUN	-
cami	ADJ	-
cami	NOUN	-
camia	NOUN	-
camit	ADJ	-
camit	NOUN	-
camla	VERB	-
camlama	NOUN	-
camlan	VERB	-
camlat	VERB	-
camlatma	NOUN	-
camlatıl	VERB	-
camlatılma	NOUN	-
camlaş	VERB	-
camsı	ADJ	-
camsı	NOUN	-
camız	NOUN	-
can	ADJ	-
can	NOUN	-
cana	INTERJ	-
canan	NOUN	-
canavar	ADJ	-
canavar	NOUN	-
canavarca	ADJ	-
canavarca	ADV	-
canavarcasına	ADV	-
canavarlaş	VERB	-
canavarlaşabil	VERB	-
canavarlaşabilme	NOUN	-
canavarlaştır	VERB	-
cancağız	NOUN	-
cancağızım	INTERJ	-
canciğer	ADJ	-
candan	ADJ	-
candan	ADV	-
candaş	NOUN	-
canevi	NOUN	-
canfes	ADJ	-
canfes	NOUN	-
canfeza	NOUN	-
cangıl	NOUN	-
canhıraş	ADJ	-
cani	ADJ	-
cani	NOUN	-
canice	ADV	-
canicesine	ADV	-
canip	NOUN	VOICING
caniyane	ADV	-
caniyane	NOUN	-
cankulağı	NOUN	-
cankurtaran	NOUN	-
canlan	VERB	-
canlanabil	VERB	-
canlanabilme	NOUN	-
canlandır	VERB	-
canlandırabil	VERB	-
canlandırabilme	NOUN	-
canlandırıl	VERB	-
canlandırılabil	VERB	-
canlandırılabilme	NOUN	-
canlandırılma	NOUN	-
canlandırılış	NOUN	-
canlandırım	NOUN	-
canlandırıver	VERB	-
canlandırıverme	NOUN	-
canlandırış	NOUN	-
canlanıver	VERB	-
canlanıverme	NOUN	-
canlanış	NOUN	-
canlar	INTERJ	-
canlar!	NOUN	-
cansiparane	ADV	-
cansızca	ADV	-
cansızcasına	ADV	-
cansızlaş	VERB	-
cansızlaşabil	VERB	-
cansızlaşabilme	NOUN	-
cansızlaştır	VERB	-
cansızlaştırıl	VERB	-
cansızlaştırılma	NOUN	-
canıgönülden	ADV	-
canıgönülden	NOUN	-
canım	NOUN	-
canıyürekten	ADV	-
car	NOUN	-
caraskal	NOUN	-
carcar	ADJ	-
carcur	ADV	-
carcur	NOUN	-
cari	ADJ	-
cari	NOUN	-
cariye	NOUN	-
carla	VERB	-
carlama	NOUN	-
cart	ADJ	-
cart	NOUN	-
carta	NOUN	-
cartadak	ADV	-
cartadan	ADV	-
cascavlak	ADJ	-
cascavlak	ADV	-
cascavlak	NOUN	-
casting	NOUN	-
casus	NOUN	-
catering	NOUN	-
cavalacoz	ADJ	-
cavla	VERB	-
cavlak	ADJ	-
cavlak	NOUN	VOICING
cavlama	NOUN	-
cay	VERB	-
cayabil	VERB	-
cayabilme	NOUN	-
caydır	VERB	-
caydırabil	VERB	-
caydırabilme	NOUN	-
caydırma	NOUN	-
caydırıl	VERB	-
caydırılabil	VERB	-
caydırılabilme	NOUN	-
caydırılma	NOUN	-
caydırılış	NOUN	-
caydırış	NOUN	-
caygın	ADJ	-
caygın	NOUN	-
cayma	NOUN	-
cayırda	VERB	-
cayırdama	NOUN	-
cayırdat	VERB	-
cayırdatma	NOUN	-
cayırdayış	NOUN	-
cayırtı	NOUN	-
cayıver	VERB	-
cayıverme	NOUN	-
cayış	NOUN	-
caz	NOUN	-
cazbant	NOUN	VOICING
cazbantçı	NOUN	-
cazgır	NOUN	-
cazibe	NOUN	-
cazibedar	ADJ	-
cazibeleş	VERB	-
cazibeleştir	VERB	-
cazip	ADJ	-
cazipleş	VERB	-
cazipleşebil	VERB	-
cazipleşebilme	NOUN	-
cazipleştir	VERB	-
cazipleştirebil	VERB	-
cazipleştirebilme	NOUN	-
cazipleştiril	VERB	-
cazipleştirilebil	VERB	-
cazipleştirilebilme	NOUN	-
cazipleştirilme	NOUN	-
cazırda	VERB	-
cazırdama	NOUN	-
cazırdat	VERB	-
cazırdatma	NOUN	-
cazırdayış	NOUN	-
cazırtı	NOUN	-
cağ	NOUN	-
cc	NOUN	-
ce	INTERJ	-
ce	NOUN	-
cebbar	ADJ	-
cebbar	NOUN	-
cebe	NOUN	-
cebel	NOUN	-
cebellezi	NOUN	-
cebelleş	VERB	-
ceberut	ADJ	-
ceberut	NOUN	-
cebin	ADJ	-
cebin	NOUN	-
cebir	NOUN	VOWEL_DROP
cebire	NOUN	-
cebirsel	ADJ	-
cebren	ADV	-
cebret	VERB	-
cebretme	NOUN	-
cebrinefis	NOUN	-
cebriye	NOUN	-
cebrî	ADJ	-
cebrî	NOUN	-
cedel	NOUN	-
cedelleş	VERB	-
cedit	ADJ	VOICING
ceditçi	ADJ	-
cedre	NOUN	-
cefa	NOUN	-
cefakeş	ADJ	-
cefakâr	ADJ	-
cefakâr	NOUN	-
ceffelkalem	ADV	-
cehalet	NOUN	-
cehdet	VERB	-
cehdetme	NOUN	-
cehennem	NOUN	-
cehennemleş	VERB	-
cehennemî	ADJ	-
cehennemî	NOUN	-
cehil	NOUN	VOWEL_DROP
cehre	ADJ	-
cehre	NOUN	-
cehri	NOUN	-
ceht	NOUN	-
ceket	NOUN	-
celadet	NOUN	-
celal	NOUN	-
celallen	VERB	-
celallenebil	VERB	-
celallenebilme	NOUN	-
celalleniver	VERB	-
celalleniverme	NOUN	-
celallice	ADJ	-
celbe	NOUN	-
celbet	VERB	-
celbetme	NOUN	-
celep	NOUN	VOICING
celepçi	NOUN	-
celil	ADJ	-
celil	NOUN	-
celiye	NOUN	-
cellat	ADJ	VOICING
cellat	NOUN	VOICING
celp	NOUN	VOICING
celpname	NOUN	-
celse	NOUN	-
cem	NOUN	-
cemaat	NOUN	-
cemaatimüslimin	NOUN	-
cemaatleş	VERB	-
cemaatleştir	VERB	-
cemadat	NOUN	-
cemal	NOUN	-
ceman	ADV	-
ceman	NOUN	-
cemaziyelahir	NOUN	-
cemaziyelevvel	NOUN	-
cembiye	NOUN	-
cemet	VERB	-
cemetme	NOUN	-
cemevi	NOUN	-
cemi	ADJ	-
cemil	ADJ	-
cemil	NOUN	-
cemile	ADJ	-
cemile	NOUN	-
cemiyet	NOUN	-
cemre	NOUN	-
cemse	NOUN	-
cemşat	NOUN	-
cenabet	ADJ	-
cenabet	NOUN	-
cenah	NOUN	-
cenap	NOUN	VOICING
cenapları	NOUN	-
cenaze	NOUN	-
cenazeevi	NOUN	-
cendere	NOUN	-
cendereleş	VERB	-
cengel	NOUN	-
cengâver	ADJ	-
cengâver	NOUN	-
cengâverce	ADV	-
cenin	NOUN	-
ceninisakıt	NOUN	-
cenk	NOUN	VOICING
cenkleş	VERB	-
cenkçi	ADJ	-
cennet	ADJ	-
cennet	NOUN	-
cennetleş	VERB	-
cennetmekân	ADJ	-
center	NOUN	-
centilmen	ADJ	-
centilmence	ADJ	-
centilmence	ADV	-
cenubi	ADJ	-
cenubi	NOUN	-
cenup	NOUN	VOICING
cep	NOUN	VOICING
cephane	NOUN	-
cephe	NOUN	-
cephelen	VERB	-
cepheleş	VERB	-
cepken	NOUN	-
ceple	VERB	-
cepleme	NOUN	-
cepçi	NOUN	-
cer	NOUN	-
cerahat	NOUN	-
cerahatlen	VERB	-
cerbeze	NOUN	-
cereme	NOUN	-
ceren	NOUN	-
cereyan	NOUN	-
cerh	NOUN	-
ceride	NOUN	-
ceriha	NOUN	-
cerrah	NOUN	-
cerrahi	ADJ	-
cerrahi	NOUN	-
cerrar	ADJ	-
cerrar	NOUN	-
cesamet	NOUN	-
cesaret	NOUN	-
cesaretlen	VERB	-
cesaretlendir	VERB	-
cesaretlendirebil	VERB	-
cesaretlendirebilme	NOUN	-
cesaretlendiril	VERB	-
cesaretlendirilme	NOUN	-
cesaretlice	ADV	-
cesaretsizce	ADV	-
cesaretsizlen	VERB	-
ceset	NOUN	VOICING
cesim	ADJ	-
cesim	NOUN	-
cesur	ADJ	-
cesur	ADV	-
cesurane	ADJ	-
cesurane	ADV	-
cesurca	ADJ	-
cesurca	ADV	-
cet	NOUN	VOICING,GEMINATION
cetbecet	ADV	-
cetvel	NOUN	-
cevaben	ADV	-
cevabi	ADJ	-
cevahir	NOUN	-
cevap	NOUN	VOICING
cevapla	VERB	-
cevaplama	NOUN	-
cevaplan	VERB	-
cevaplandır	VERB	-
cevaplandırıl	VERB	-
cevaplandırılma	NOUN	-
cevaplanış	NOUN	-
cevaplayabil	VERB	-
cevaplayabilme	NOUN	-
cevaplayış	NOUN	-
cevaz	NOUN	-
cevelan	NOUN	-
cevher	NOUN	-
cevir	NOUN	VOWEL_DROP
ceviz	ADJ	-
ceviz	NOUN	-
cevizgiller	NOUN	-
cevizimsi	ADJ	-
cevizî	ADJ	-
cevizî	NOUN	-
cevret	VERB	-
cevretme	NOUN	-
cevval	ADJ	-
cevvaliyet	NOUN	-
cevvi	ADJ	-
ceylan	NOUN	-
ceza	NOUN	-
cezaevi	NOUN	-
cezai	ADJ	-
cezalan	VERB	-
cezalandır	VERB	-
cezalandırabil	VERB	-
cezalandırabilme	NOUN	-
cezalandırıl	VERB	-
cezalandırılabil	VERB	-
cezalandırılabilme	NOUN	-
cezalandırılma	NOUN	-
cezalandırılış	NOUN	-
cezalandırış	NOUN	-
cezasızca	ADV	-
cezbe	NOUN	-
cezbediş	NOUN	-
cezbelen	VERB	-
cezbet	VERB	-
cezbetme	NOUN	-
cezerye	NOUN	-
cezir	NOUN	VOWEL_DROP
cezire	NOUN	-
cezp	NOUN	VOICING
cezrî	ADJ	-
cezve	NOUN	-
change	NOUN	-
charter	NOUN	-
chat	NOUN	-
cibilliyet	NOUN	-
cibin	NOUN	-
cibre	NOUN	-
cicianne	NOUN	-
cicibaba	NOUN	-
cicik	NOUN	VOICING
cicim	NOUN	-
cicim!	NOUN	-
cicimama	NOUN	-
cicimayı	NOUN	-
cicoz	INTERJ	-
cicoz	NOUN	-
cicozla	VERB	-
cicozlama	NOUN	-
cidal	NOUN	-
cidar	NOUN	-
cidden	ADV	-
ciddi	ADJ	-
ciddi	ADV	-
ciddi	NOUN	-
ciddileş	VERB	-
ciddileşebil	VERB	-
ciddileşebilme	NOUN	-
ciddileşiver	VERB	-
ciddileşiverme	NOUN	-
ciddiyet	NOUN	-
cife	ADJ	-
cife	NOUN	-
cifeleş	VERB	-
cigabayt	NOUN	-
cigara	NOUN	-
cihan	NOUN	-
cihangir	ADJ	-
cihangir	NOUN	-
cihangirane	ADJ	-
cihangirane	ADV	-
cihannüma	NOUN	-
cihanşinas	ADJ	-
cihanşümul	ADJ	-
cihar	NOUN	-
ciharıdü	NOUN	-
ciharıpenç	NOUN	VOICING
ciharıse	NOUN	-
ciharıyek	NOUN	-
cihat	NOUN	VOICING
cihaz	NOUN	-
cihazlan	VERB	-
cihet	NOUN	-
cihetiyle	POSTP	-
cikcik	ADJ	VOICING
cikcik	NOUN	VOICING
ciklet	NOUN	-
cila	NOUN	-
cilala	VERB	-
cilalama	NOUN	-
cilalan	VERB	-
cilalat	VERB	-
cilalatma	NOUN	-
cilalatıl	VERB	-
cilalatılma	NOUN	-
cilalayabil	VERB	-
cilalayabilme	NOUN	-
cilasun	NOUN	-
cilban	NOUN	-
cilbent	NOUN	VOICING
cildiye	NOUN	-
cillop	ADJ	VOICING
cillop	NOUN	VOICING
cilt	NOUN	VOICING
ciltevi	NOUN	-
ciltle	VERB	-
ciltleme	NOUN	-
ciltlen	VERB	-
ciltlenebil	VERB	-
ciltlenebilme	NOUN	-
ciltlet	VERB	-
ciltletebil	VERB	-
ciltletebilme	NOUN	-
ciltletme	NOUN	-
ciltlettir	VERB	-
ciltlettirme	NOUN	-
ciltleyebil	VERB	-
ciltleyebilme	NOUN	-
ciltçi	NOUN	-
cilve	NOUN	-
cilvebaz	ADJ	-
cilvekâr	ADJ	-
cilvelen	VERB	-
cilveleş	VERB	-
cilveleşebil	VERB	-
cilveleşebilme	NOUN	-
cim	NOUN	-
cima	NOUN	-
cimbakuka	ADJ	-
cimcime	NOUN	-
cimri	ADJ	-
cimrice	ADV	-
cimrileş	VERB	-
cimrileşebil	VERB	-
cimrileşebilme	NOUN	-
cin	NOUN	-
cinai	ADJ	-
cinai	NOUN	-
cinas	NOUN	-
cinayet	NOUN	-
cingöz	ADJ	-
cinlen	VERB	-
cinlendir	VERB	-
cinleş	VERB	-
cinnet	NOUN	-
cins	ADJ	-
cins	NOUN	-
cinsaçı	NOUN	-
cinsel	ADJ	-
cinsilatif	NOUN	-
cinsiyet	NOUN	-
cinsiyetçi	ADJ	-
cinsî	ADJ	-
cip	NOUN	-
cips	NOUN	-
ciranta	NOUN	-
cirim	NOUN	-
cirit	NOUN	VOICING
ciritçi	NOUN	-
ciro	NOUN	-
cisim	NOUN	-
cisimcik	NOUN	VOICING
cisimlen	VERB	-
cisimlendir	VERB	-
cisimleş	VERB	-
cisimleşebil	VERB	-
cisimleşebilme	NOUN	-
cisimleştir	VERB	-
cismani	ADJ	-
cismani	NOUN	-
cismen	ADV	-
civan	ADJ	-
civan	NOUN	-
civankaşı	NOUN	-
civanmert	ADJ	-
civanperçemi	NOUN	-
civanım!	NOUN	-
civar	ADJ	-
civar	NOUN	-
civciv	NOUN	-
civelek	ADJ	VOICING
civelek	NOUN	VOICING
ciyakla	VERB	-
ciyaklama	NOUN	-
ciyaklat	VERB	-
ciyaklatma	NOUN	-
cizvit	NOUN	-
cizye	NOUN	-
ciğer	NOUN	-
ciğerdeldi	NOUN	-
ciğerpare	NOUN	-
clearing	NOUN	-
cohabitation	NOUN	-
condenser	NOUN	-
conta	NOUN	-
contala	VERB	-
contalama	NOUN	-
cop	NOUN	-
copla	VERB	-
coplama	NOUN	-
coplan	VERB	-
coplat	VERB	-
coplatma	NOUN	-
corum	NOUN	-
cozur	NOUN	-
cozurda	VERB	-
cozurdama	NOUN	-
cozurdat	VERB	-
cozurdatma	NOUN	-
cozurt	VERB	-
cozurtma	NOUN	-
cozut	VERB	-
cozutma	NOUN	-
coğrafi	ADJ	-
coğrafya	NOUN	-
coş	VERB	-
coşabil	VERB	-
coşabilme	NOUN	-
coşku	NOUN	-
coşkulan	VERB	-
coşkulanabil	VERB	-
coşkulanabilme	NOUN	-
coşkulandır	VERB	-
coşkulandırabil	VERB	-
coşkulandırabilme	NOUN	-
coşkun	ADJ	-
coşkun	NOUN	-
coşkunca	ADV	-
coşkunlaş	VERB	-
coşkusal	ADJ	-
coşma	NOUN	-
coştur	VERB	-
coşturabil	VERB	-
coşturabilme	NOUN	-
coşturma	NOUN	-
coşturul	VERB	-
coşturulma	NOUN	-
coşum	NOUN	-
coşuntu	NOUN	-
coşuver	VERB	-
coşuverme	NOUN	-
coşuş	NOUN	-
cudam	NOUN	-
cuk	ADV	-
cukka	NOUN	-
cukkala	VERB	-
cukkalama	NOUN	-
cuma	NOUN	-
cumartesi	NOUN	-
cumba	NOUN	-
cumbadak	ADV	-
cumbala	VERB	-
cumbalak	NOUN	VOICING
cumbalama	NOUN	-
cumbalat	VERB	-
cumbalatma	NOUN	-
cumbul	NOUN	-
cumbulda	VERB	-
cumbuldama	NOUN	-
cumbuldat	VERB	-
cumbuldatma	NOUN	-
cumburda	VERB	-
cumburdama	NOUN	-
cumburlop	NOUN	-
cumburtu	NOUN	-
cumhur	NOUN	-
cumhurbaşkanlığı	NOUN	-
cumhurbaşkanı	NOUN	-
cumhurca	ADV	-
cumhuriyet	NOUN	-
cumhuriyetperver	ADJ	-
cumhuriyetçi	ADJ	-
cunda	NOUN	-
cunta	NOUN	-
cup	NOUN	-
cuppadak	ADV	-
cura	ADJ	-
cura	NOUN	-
curcuna	NOUN	-
curnata	NOUN	-
cuşiş	NOUN	-
cuşuhuruş	NOUN	-
cömert	ADJ	-
cömert	NOUN	-
cömertleş	VERB	-
cömertleşebil	VERB	-
cömertleşebilme	NOUN	-
cömertçe	ADV	-
cönk	NOUN	VOICING
cübbe	NOUN	-
cüce	ADJ	-
cüce	NOUN	-
cüceleş	VERB	-
cücük	NOUN	VOICING
cücüklen	VERB	-
cüda	ADJ	-
cühela	NOUN	-
cülus	NOUN	-
cülusiye	NOUN	-
cümbüş	NOUN	-
cümbüşçü	NOUN	-
cümle	ADJ	-
cümle	NOUN	-
cümle	PRON	-
cümlecik	NOUN	VOICING
cümlesi	PRON	-
cümleten	ADV	-
cümudiye	NOUN	-
cünha	NOUN	-
cünun	NOUN	-
cünüp	ADJ	VOICING
cüret	NOUN	-
cüretkâr	ADJ	-
cüretkâr	NOUN	-
cüretlen	VERB	-
cüretlendir	VERB	-
cüretlice	ADV	-
cüretsizce	ADV	-
cürmümeşhut	NOUN	VOICING
cüruf	NOUN	-
cürüm	NOUN	-
cüsse	NOUN	-
cüz	NOUN	-
cüzdan	NOUN	-
cüzi	ADJ	-
cüzi	NOUN	-
cüzzam	NOUN	-
cıbıl	ADJ	-
cıbıl	NOUN	-
cıbıldak	ADJ	-
cıbıldak	ADV	-
cıcık	NOUN	VOICING
cıdağı	NOUN	-
cık	INTERJ	-
cılcıbık	ADJ	-
cılcıbık	ADV	-
cılga	NOUN	-
cılk	ADJ	-
cılk	NOUN	-
cılkava	ADJ	-
cılklaş	VERB	-
cılız	ADJ	-
cılız	ADV	-
cılız	NOUN	-
cılızlaş	VERB	-
cımbar	NOUN	-
cımbarla	VERB	-
cımbarlama	NOUN	-
cımbız	NOUN	-
cımbızla	VERB	-
cımbızlama	NOUN	-
cıncık	NOUN	VOICING
cıngıl	NOUN	-
cırboğa	NOUN	-
cırcır	NOUN	-
cırdaval	NOUN	-
cırla	VERB	-
cırlak	ADJ	VOICING
cırlak	NOUN	VOICING
cırlama	NOUN	-
cırlat	VERB	-
cırlatma	NOUN	-
cırlayık	NOUN	VOICING
cırlayış	NOUN	-
cırmakla	VERB	-
cırmaklama	NOUN	-
cırmala	VERB	-
cırmalama	NOUN	-
cırmık	NOUN	VOICING
cırnak	NOUN	VOICING
cırnakla	VERB	-
cırnaklama	NOUN	-
cırnık	NOUN	VOICING
cırt	NOUN	-
cırtcırt	NOUN	-
cırtla	VERB	-
cırtlak	ADJ	-
cırtlak	NOUN	-
cırtlama	NOUN	-
cırılda	VERB	-
cırıldama	NOUN	-
cırıltı	NOUN	-
cıs	INTERJ	-
cıv	VERB	-
cıva	NOUN	-
cıvadra	NOUN	-
cıvata	NOUN	-
cıvatala	VERB	-
cıvatalama	NOUN	-
cıvma	NOUN	-
cıvı	VERB	-
cıvık	ADJ	-
cıvık	NOUN	-
cıvıklaş	VERB	-
cıvıklaşabil	VERB	-
cıvıklaşabilme	NOUN	-
cıvıklaştır	VERB	-
cıvıklaştırıl	VERB	-
cıvıklaştırılma	NOUN	-
cıvılda	VERB	-
cıvıldama	NOUN	-
cıvıldayış	NOUN	-
cıvıldaş	VERB	-
cıvıldaşma	NOUN	-
cıvıltı	NOUN	-
cıvıma	NOUN	-
cıvıt	VERB	-
cıvıtabil	VERB	-
cıvıtabilme	NOUN	-
cıvıtma	NOUN	-
cıvıtıl	VERB	-
cıvıtılma	NOUN	-
cıvıtıver	VERB	-
cıvıtıverme	NOUN	-
cıyakla	VERB	-
cıyaklama	NOUN	-
cıyaklat	VERB	-
cıyaklatma	NOUN	-
cıyırda	VERB	-
cıyırdama	NOUN	-
cıyırdat	VERB	-
cıyırdatma	NOUN	-
cıyırtı	NOUN	-
cız	NOUN	-
cızbız	ADJ	-
cızgara	NOUN	-
cızla	VERB	-
cızlam	NOUN	-
cızlama	NOUN	-
cızık	NOUN	VOICING
cızıktır	VERB	-
cızıktırma	NOUN	-
cızılda	VERB	-
cızıldama	NOUN	-
cızıldat	VERB	-
cızıldatma	NOUN	-
cızıltı	NOUN	-
cızırda	VERB	-
cızırdama	NOUN	-
cızırdat	VERB	-
cızırdatma	NOUN	-
cızırtı	NOUN	-
da	VERB	VOICING
dadan	VERB	-
dadanabil	VERB	-
dadanabilme	NOUN	-
dadandır	VERB	-
dadandırma	NOUN	-
dadanma	NOUN	-
dadanış	NOUN	-
dadaş	INTERJ	-
dadaş	NOUN	-
dadı	NOUN	-
dah	INTERJ	-
daha	ADV	-
daha	NOUN	-
dahası	NOUN	-
dahi	CONJ	-
dahi	NOUN	-
dahil	NOUN	VOWEL_DROP
dahlet	VERB	-
dahletme	NOUN	-
daim	ADJ	-
daim	ADV	-
daima	ADV	-
daimî	ADJ	-
dair	POSTP	-
daire	NOUN	-
dairesel	ADJ	-
dairesel	NOUN	-
dairevi	ADJ	-
dakik	ADJ	-
dakik	NOUN	-
dakika	NOUN	-
dakikalarca	ADV	-
dakikasına	ADV	-
dakikasında	ADV	-
daksil	NOUN	-
daktilo	NOUN	-
daktilograf	NOUN	-
daktilografi	NOUN	-
daktiloskopi	NOUN	-
daktilotekni	NOUN	-
dal	ADJ	-
dal	NOUN	-
dal	VERB	-
dala	VERB	-
dalabil	VERB	-
dalabilme	NOUN	-
dalak	NOUN	VOICING
dalalet	NOUN	-
dalama	NOUN	-
dalan	NOUN	-
dalan	VERB	-
dalanış	NOUN	-
dalavere	NOUN	-
dalayış	NOUN	-
dalaş	NOUN	-
dalaş	VERB	-
dalaşabil	VERB	-
dalaşabilme	NOUN	-
dalaşkan	ADJ	-
dalaştır	VERB	-
dalbastı	NOUN	-
dalcık	NOUN	VOICING
daldalan	VERB	-
daldır	VERB	-
daldırabil	VERB	-
daldırabilme	NOUN	-
daldırma	NOUN	-
daldırt	VERB	-
daldırtma	NOUN	-
daldırıl	VERB	-
daldırılabil	VERB	-
daldırılabilme	NOUN	-
daldırılma	NOUN	-
daldırılış	NOUN	-
daldırıver	VERB	-
daldırıverme	NOUN	-
daldırış	NOUN	-
daldız	NOUN	-
dalfes	NOUN	-
dalfidan	NOUN	-
dalga	NOUN	-
dalgacık	NOUN	VOICING
dalgakıran	NOUN	-
dalgalan	VERB	-
dalgalanabil	VERB	-
dalgalanabilme	NOUN	-
dalgalandır	VERB	-
dalgalandırabil	VERB	-
dalgalandırabilme	NOUN	-
dalgalandırıl	VERB	-
dalgalandırılma	NOUN	-
dalgalandırış	NOUN	-
dalgalanıver	VERB	-
dalgalanıverme	NOUN	-
dalgalanış	NOUN	-
dalgasızca	ADV	-
dalgaölçer	NOUN	-
dalgündüz	ADV	-
dalgı	NOUN	-
dalgın	ADJ	-
dalgın	ADV	-
dalgın	NOUN	-
dalgınca	ADV	-
dalgınlaş	VERB	-
dalgınlaşabil	VERB	-
dalgınlaşabilme	NOUN	-
dalgınlaştır	VERB	-
dalgır	NOUN	-
dalgıç	NOUN	VOICING
dalkavuk	NOUN	VOICING
dalkavuklaş	VERB	-
dalkavukça	ADJ	-
dalkavukça	ADV	-
dalkurutan	NOUN	-
dalkılıç	ADV	-
dalkıran	NOUN	-
dalla	VERB	-
dallama	ADJ	-
dallama	NOUN	-
dallan	VERB	-
dallanabil	VERB	-
dallanabilme	NOUN	-
dallandır	VERB	-
dallandırıl	VERB	-
dallandırılma	NOUN	-
dallandırış	NOUN	-
dallanıver	VERB	-
dallanıverme	NOUN	-
dallanış	NOUN	-
dalma	NOUN	-
dalsı	ADJ	-
dalsı	NOUN	-
daltaban	ADJ	-
daltaban	NOUN	-
daltonizm	NOUN	-
daluyku	NOUN	-
dalya	INTERJ	-
dalya	NOUN	-
dalyan	NOUN	-
dalyarak	ADJ	-
dalyasan	NOUN	-
dalöğle	ADV	-
dalöğlen	ADV	-
dalınç	NOUN	VOICING
dalıver	VERB	-
dalıverme	NOUN	-
dalız	NOUN	-
dalış	NOUN	-
dam	NOUN	-
dama	NOUN	-
damacana	NOUN	-
damaksı	ADJ	-
damaksıl	ADJ	-
damaksıllaş	VERB	-
damaksıllaştır	VERB	-
damar	NOUN	-
damarcık	NOUN	VOICING
damardaraltan	ADJ	-
damargenişleten	ADJ	-
damarlan	VERB	-
damasko	ADJ	-
damasko	NOUN	-
damat	NOUN	VOICING
dambıl	NOUN	-
damdazlak	ADJ	-
damga	NOUN	-
damgala	VERB	-
damgalama	NOUN	-
damgalan	VERB	-
damgalanabil	VERB	-
damgalanabilme	NOUN	-
damgalanıver	VERB	-
damgalanıverme	NOUN	-
damgalanış	NOUN	-
damgalat	VERB	-
damgalatma	NOUN	-
damgalayabil	VERB	-
damgalayabilme	NOUN	-
damgalayıver	VERB	-
damgalayıverme	NOUN	-
damgalayış	NOUN	-
damla	ADJ	-
damla	NOUN	-
damla	VERB	-
damlacık	NOUN	VOICING
damlama	NOUN	-
damlat	VERB	-
damlatabil	VERB	-
damlatabilme	NOUN	-
damlatma	NOUN	-
damlatıl	VERB	-
damlatılabil	VERB	-
damlatılabilme	NOUN	-
damlatılma	NOUN	-
damlatıver	VERB	-
damlatıverme	NOUN	-
damlatış	NOUN	-
damlayabil	VERB	-
damlayabilme	NOUN	-
damlayıver	VERB	-
damlayıverme	NOUN	-
damlayış	NOUN	-
damper	NOUN	-
damıt	VERB	-
damıtabil	VERB	-
damıtabilme	NOUN	-
damıtma	NOUN	-
damıtık	ADJ	-
damıtıl	VERB	-
damıtılabil	VERB	-
damıtılabilme	NOUN	-
damıtılma	NOUN	-
damıtılış	NOUN	-
damıtım	NOUN	-
damıtımevi	NOUN	-
damıtış	NOUN	-
dana	NOUN	-
danaayağı	NOUN	-
danaburnu	NOUN	-
dancing	NOUN	-
dandik	ADJ	-
dandik	NOUN	-
dandikleş	VERB	-
dandini	ADJ	-
dandini	INTERJ	-
dane	NOUN	-
dang	NOUN	-
dangadak	ADV	-
dangadak	NOUN	-
dangalak	NOUN	-
dangalaklaş	VERB	-
dangalakça	ADJ	-
dangalakça	ADV	-
dangırda	VERB	-
dangırdama	NOUN	-
daniska	ADJ	-
danişment	ADJ	VOICING
danişment	NOUN	VOICING
dank	NOUN	-
dans	NOUN	-
dansimetre	NOUN	-
dansite	NOUN	-
dansçı	NOUN	-
dansör	NOUN	-
dansöz	NOUN	-
dantel	NOUN	-
danış	NOUN	-
danış	VERB	-
danışabil	VERB	-
danışabilme	NOUN	-
danışan	NOUN	-
danışma	NOUN	-
danışman	NOUN	-
danışık	NOUN	VOICING
danışıl	VERB	-
danışılabil	VERB	-
danışılabilme	NOUN	-
danışılma	NOUN	-
dapdar	ADJ	-
dapdaracık	ADJ	-
dar	ADJ	-
dar	ADV	-
dar	NOUN	-
dara	NOUN	-
daraban	NOUN	-
daracık	ADJ	-
daral	NOUN	-
daral	VERB	-
daralabil	VERB	-
daralabilme	NOUN	-
daralma	NOUN	-
daralt	VERB	-
daraltabil	VERB	-
daraltabilme	NOUN	-
daraltma	NOUN	-
daralttır	VERB	-
daralttırma	NOUN	-
daraltı	NOUN	-
daraltıl	VERB	-
daraltılabil	VERB	-
daraltılabilme	NOUN	-
daraltılma	NOUN	-
daraltılış	NOUN	-
daraltıver	VERB	-
daraltıverme	NOUN	-
daraltış	NOUN	-
daralıver	VERB	-
daralıverme	NOUN	-
daralış	NOUN	-
daraç	ADJ	-
daraş	ADJ	-
darbe	NOUN	-
darbecik	NOUN	VOICING
darbele	VERB	-
darbeleme	NOUN	-
darbet	VERB	-
darbetme	NOUN	-
darboğaz	NOUN	-
darbuka	NOUN	-
darbımesel	NOUN	-
darca	ADJ	-
dardağan	NOUN	-
dargın	ADJ	-
dargın	NOUN	-
dargınlaş	VERB	-
darla	VERB	-
darlama	NOUN	-
darlan	VERB	-
darlaş	VERB	-
darlaşabil	VERB	-
darlaşabilme	NOUN	-
darlaştır	VERB	-
darlaştırabil	VERB	-
darlaştırabilme	NOUN	-
darlaştırıl	VERB	-
darlaştırılabil	VERB	-
darlaştırılabilme	NOUN	-
darlaştırılma	NOUN	-
darmadağın	ADJ	-
darmadağınık	ADJ	VOICING
darmaduman	ADJ	-
darmstadtiyum	NOUN	-
darp	NOUN	VOICING
darphane	NOUN	-
dart	NOUN	-
daru	NOUN	-
darülaceze	NOUN	-
darülbedayi	NOUN	-
darüleytam	NOUN	-
darülfünun	NOUN	-
darüşşifa	NOUN	-
darı	NOUN	-
darıdünya	NOUN	-
darıfülfül	NOUN	-
darıl	VERB	-
darılabil	VERB	-
darılabilme	NOUN	-
darılgan	ADJ	-
darılma	NOUN	-
darılmaca	NOUN	-
darılt	VERB	-
darıltma	NOUN	-
darılıver	VERB	-
darılıverme	NOUN	-
darılış	VERB	-
darılışma	NOUN	-
dasdaracık	ADJ	-
dasit	NOUN	-
dasnik	NOUN	VOICING
data	NOUN	-
datif	NOUN	-
dav	NOUN	-
dava	NOUN	-
davadaş	NOUN	-
davalaş	VERB	-
davalaştır	VERB	-
davar	NOUN	-
davet	NOUN	-
davetiye	NOUN	-
davetkâr	ADJ	-
davetname	NOUN	-
davetçi	NOUN	-
davgana	NOUN	-
davlumbaz	NOUN	-
davran	VERB	-
davranabil	VERB	-
davranabilme	NOUN	-
davrandır	VERB	-
davrandırma	NOUN	-
davranma	NOUN	-
davranma!	NOUN	-
davranıl	VERB	-
davranılabil	VERB	-
davranılabilme	NOUN	-
davranılma	NOUN	-
davranım	NOUN	-
davranış	NOUN	-
davranışsal	ADJ	-
davudi	ADJ	-
davul	NOUN	-
davultozu	NOUN	-
davya	NOUN	-
daya	VERB	-
dayak	NOUN	VOICING
dayakla	VERB	-
dayaklama	NOUN	-
dayaklan	VERB	-
dayama	NOUN	-
dayan	VERB	-
dayanabil	VERB	-
dayanabilme	NOUN	-
dayanak	NOUN	VOICING
dayandır	VERB	-
dayandırabil	VERB	-
dayandırabilme	NOUN	-
dayandırma	NOUN	-
dayanma	NOUN	-
dayantı	NOUN	-
dayanç	NOUN	VOICING
dayanıksızlaş	VERB	-
dayanıl	VERB	-
dayanılabil	VERB	-
dayanılabilme	NOUN	-
dayanılma	NOUN	-
dayanılmaz	ADJ	-
dayanılmaz	NOUN	-
dayanılmazlaş	VERB	-
dayanım	NOUN	-
dayanış	NOUN	-
dayanış	VERB	-
dayanışabil	VERB	-
dayanışabilme	NOUN	-
dayanışma	NOUN	-
dayanışık	ADJ	-
dayat	VERB	-
dayatabil	VERB	-
dayatabilme	NOUN	-
dayatma	NOUN	-
dayattır	VERB	-
dayattırma	NOUN	-
dayatıl	VERB	-
dayatılabil	VERB	-
dayatılabilme	NOUN	-
dayatılma	NOUN	-
dayatılış	NOUN	-
dayatıver	VERB	-
dayatıverme	NOUN	-
dayatış	NOUN	-
dayatış	VERB	-
dayatışma	NOUN	-
dayayabil	VERB	-
dayayabilme	NOUN	-
dayayıver	VERB	-
dayayıverme	NOUN	-
dayayış	NOUN	-
daye	NOUN	-
daylak	ADJ	VOICING
daylak	NOUN	VOICING
dayı	ADJ	-
dayı	INTERJ	-
dayı	NOUN	-
dayılan	VERB	-
dayılanabil	VERB	-
dayılanabilme	NOUN	-
dayılanış	NOUN	-
dayızade	NOUN	-
daz	ADJ	-
daz	NOUN	-
dazkır	NOUN	-
dazkırlaş	VERB	-
dazla	VERB	-
dazlak	ADJ	VOICING
dazlaklaş	VERB	-
dazlama	NOUN	-
daüssıla	NOUN	-
dağ	NOUN	-
dağar	NOUN	-
dağarcık	NOUN	VOICING
dağbaşı	NOUN	-
dağcıl	ADJ	-
dağdağa	NOUN	-
daği	NOUN	-
dağla	VERB	-
dağlama	NOUN	-
dağlan	VERB	-
dağlanıver	VERB	-
dağlanıverme	NOUN	-
dağlanış	NOUN	-
dağlat	VERB	-
dağlatma	NOUN	-
dağlatış	NOUN	-
dağlayabil	VERB	-
dağlayabilme	NOUN	-
dağlayıver	VERB	-
dağlayıverme	NOUN	-
dağlayış	NOUN	-
dağlağı	NOUN	-
dağlıç	NOUN	VOICING
dağıl	VERB	-
dağılabil	VERB	-
dağılabilme	NOUN	-
dağılma	NOUN	-
dağılım	NOUN	-
dağılıver	VERB	-
dağılıverme	NOUN	-
dağılış	NOUN	-
dağıntı	NOUN	-
dağınık	ADJ	VOICING
dağınık	NOUN	VOICING
dağınıkça	ADJ	-
dağıt	VERB	-
dağıtabil	VERB	-
dağıtabilme	NOUN	-
dağıtma	NOUN	-
dağıttır	VERB	-
dağıttırma	NOUN	-
dağıtık	ADJ	-
dağıtıl	VERB	-
dağıtılabil	VERB	-
dağıtılabilme	NOUN	-
dağıtılma	NOUN	-
dağıtılıver	VERB	-
dağıtılıverme	NOUN	-
dağıtılış	NOUN	-
dağıtım	NOUN	-
dağıtımevi	NOUN	-
dağıtıver	VERB	-
dağıtıverme	NOUN	-
dağıtış	NOUN	-
de	NOUN	-
de	VERB	-
deadline	NOUN	-
dealer	NOUN	-
dealing	NOUN	-
debagat	NOUN	-
debbağ	NOUN	-
debbe	NOUN	-
debboy	NOUN	-
debdebe	NOUN	-
debelen	VERB	-
debelenebil	VERB	-
debelenebilme	NOUN	-
debeleniş	NOUN	-
debi	NOUN	-
debil	ADJ	-
debimetre	NOUN	-
debriyaj	NOUN	-
deccal	ADJ	-
dedantör	NOUN	-
dede	INTERJ	-
dede	NOUN	-
dedebörkü	NOUN	-
dedektif	NOUN	-
dedektör	NOUN	-
dedekülahı	NOUN	-
dedikodu	NOUN	-
dedindi	NOUN	-
dedir	VERB	-
dedirme	NOUN	-
dedirt	VERB	-
dedirtebil	VERB	-
dedirtebilme	NOUN	-
dedirtme	NOUN	-
dedüksiyon	NOUN	-
def	NOUN	-
defa	NOUN	-
defaat	NOUN	-
defaatle	ADV	-
defakto	ADJ	-
defalarca	ADV	-
defans	NOUN	-
defansif	ADJ	-
defaten	ADV	-
defaten	NOUN	-
defedebil	VERB	-
defedebilme	NOUN	-
defedil	VERB	-
defedilebil	VERB	-
defedilebilme	NOUN	-
defediliş	NOUN	-
defedilme	NOUN	-
defediver	VERB	-
defediverme	NOUN	-
defediş	NOUN	-
defet	VERB	-
defetme	NOUN	-
defi	NOUN	-
defibela	NOUN	-
defibratör	NOUN	-
defigam	NOUN	-
defihacet	NOUN	-
defile	NOUN	-
defin	NOUN	VOWEL_DROP
define	NOUN	-
deflasyon	NOUN	-
deflatör	NOUN	-
defle	VERB	-
defleme	NOUN	-
defleyiş	NOUN	-
defne	NOUN	-
defnedil	VERB	-
defnediliş	NOUN	-
defnedilme	NOUN	-
defnediş	NOUN	-
defnegiller	NOUN	-
defnet	VERB	-
defnetme	NOUN	-
defneyaprağı	NOUN	-
defnolun	VERB	-
defnolunma	NOUN	-
defo	NOUN	-
defol	VERB	-
defol!	NOUN	-
defolma	NOUN	-
defoluş	NOUN	-
deformasyon	NOUN	-
deforme	ADJ	-
defroster	NOUN	-
defter	NOUN	-
defterdar	NOUN	-
defterhane	NOUN	-
defterihakani	NOUN	-
defterikebir	NOUN	-
degaj	NOUN	-
degaje	ADJ	-
degajman	NOUN	-
deh	INTERJ	-
deha	NOUN	-
dehalet	NOUN	-
dehdeh	NOUN	-
dehhaş	ADJ	-
dehle	VERB	-
dehleme	NOUN	-
dehlen	VERB	-
dehlet	VERB	-
dehletme	NOUN	-
dehliz	NOUN	-
dehşet	ADJ	-
dehşet	INTERJ	-
dehşet	NOUN	-
dehşetlen	VERB	-
deist	ADJ	-
deizm	NOUN	-
dejavu	NOUN	-
dejenerasyon	NOUN	-
dejenere	ADJ	-
dejenere	NOUN	-
dejenereleş	VERB	-
dek	NOUN	-
dek	POSTP	-
dekadan	NOUN	-
dekadans	NOUN	-
dekagram	NOUN	-
dekalitre	NOUN	-
dekametre	NOUN	-
dekan	NOUN	-
dekar	NOUN	-
dekaster	NOUN	-
dekatlon	NOUN	-
deklanşör	NOUN	-
deklarasyon	NOUN	-
deklare	ADJ	-
deklare	NOUN	-
dekoder	NOUN	-
dekolte	ADJ	-
dekolte	NOUN	-
dekont	NOUN	-
dekor	NOUN	-
dekorasyon	NOUN	-
dekoratif	ADJ	-
dekoratif	NOUN	-
dekoratör	NOUN	-
dekore	ADJ	-
dekovil	NOUN	-
dekreşendo	ADV	-
dekstrin	NOUN	-
dekstroz	NOUN	-
del	VERB	-
delalet	NOUN	-
deldir	VERB	-
deldirebil	VERB	-
deldirebilme	NOUN	-
deldiril	VERB	-
deldirilme	NOUN	-
deldiriş	NOUN	-
deldirme	NOUN	-
deldirt	VERB	-
deldirtme	NOUN	-
delebil	VERB	-
delebilme	NOUN	-
delecek	NOUN	VOICING
delegasyon	NOUN	-
delege	NOUN	-
delep	VERB	-
delepme	NOUN	-
delgeç	NOUN	VOICING
delgi	NOUN	-
delgiç	NOUN	VOICING
delibaş	NOUN	-
deliboynuz	NOUN	-
delice	ADJ	-
delice	ADV	-
delice	NOUN	-
delicesine	ADV	-
delicoş	ADJ	-
delicoş	NOUN	-
delikanlıca	ADJ	-
delikanlıca	ADV	-
delikanlılaş	VERB	-
delikleş	VERB	-
delikliler	NOUN	-
delil	NOUN	-
delilen	VERB	-
delilendir	VERB	-
delimsirek	ADJ	-
delin	VERB	-
delinebil	VERB	-
delinebilme	NOUN	-
deliniver	VERB	-
deliniverme	NOUN	-
deliniş	NOUN	-
delinme	NOUN	-
delir	VERB	-
delirebil	VERB	-
delirebilme	NOUN	-
deliriver	VERB	-
deliriverme	NOUN	-
deliriş	NOUN	-
delirme	NOUN	-
delirt	VERB	-
delirtebil	VERB	-
delirtebilme	NOUN	-
delirtil	VERB	-
delirtilebil	VERB	-
delirtilebilme	NOUN	-
delirtilme	NOUN	-
delirtme	NOUN	-
deliver	VERB	-
deliverme	NOUN	-
delişmen	ADJ	-
delişmen	NOUN	-
delişmence	ADJ	-
delişmence	ADV	-
delk	NOUN	-
dellen	VERB	-
delme	ADJ	-
delme	NOUN	-
delmece	ADV	-
delta	NOUN	-
dem	NOUN	-
demagog	NOUN	-
demagoji	NOUN	-
demagojik	ADJ	-
demarke	ADJ	-
dembedem	ADV	-
deme	NOUN	-
deme	VERB	-
deme!	NOUN	-
demet	NOUN	-
demetle	VERB	-
demetleme	NOUN	-
demetlen	VERB	-
demetleniş	NOUN	-
demetlet	VERB	-
demetletiş	NOUN	-
demetletme	NOUN	-
demetleyiş	NOUN	-
demetçi	NOUN	-
demetçik	NOUN	VOICING
demevi	ADJ	-
demevi	NOUN	-
demeç	NOUN	VOICING
demin	ADV	-
demincek	ADV	-
deminden	ADV	-
deminki	ADJ	-
demir	ADJ	-
demir	NOUN	-
demirbaş	ADJ	-
demirbaş	NOUN	-
demircik	NOUN	VOICING
demirhindi	ADJ	-
demirhindi	NOUN	-
demirimsi	ADJ	-
demirkapan	NOUN	-
demirle	VERB	-
demirleme	NOUN	-
demirlen	VERB	-
demirlet	VERB	-
demirletil	VERB	-
demirletilme	NOUN	-
demirletme	NOUN	-
demirleyebil	VERB	-
demirleyebilme	NOUN	-
demirleyiş	NOUN	-
demirleş	VERB	-
demirsi	ADJ	-
demirî	ADJ	-
demirî	NOUN	-
demiurgos	NOUN	-
demkeş	ADJ	-
demle	VERB	-
demleme	NOUN	-
demlen	VERB	-
demlendir	VERB	-
demlendiril	VERB	-
demlendiriliş	NOUN	-
demlendirilme	NOUN	-
demlendiriş	NOUN	-
demlenebil	VERB	-
demlenebilme	NOUN	-
demleniş	NOUN	-
demlet	VERB	-
demletebil	VERB	-
demletebilme	NOUN	-
demletme	NOUN	-
demleyebil	VERB	-
demleyebilme	NOUN	-
demleyiver	VERB	-
demleyiverme	NOUN	-
demleyiş	NOUN	-
demo	NOUN	-
demode	ADJ	-
demodeleş	VERB	-
demograf	NOUN	-
demografi	NOUN	-
demografik	ADJ	-
demokrasi	NOUN	-
demokrat	ADJ	-
demokratik	ADJ	-
demokratikleş	VERB	-
demokratikleşebil	VERB	-
demokratikleşebilme	NOUN	-
demokratikleştir	VERB	-
demokratikleştirebil	VERB	-
demokratikleştirebilme	NOUN	-
demokratikleştiril	VERB	-
demokratikleştirilme	NOUN	-
demokratlaş	VERB	-
demokratlaşabil	VERB	-
demokratlaşabilme	NOUN	-
demonstrasyon	NOUN	-
demoralizasyon	NOUN	-
demoralize	ADJ	-
den	VERB	-
denaet	NOUN	-
denden	NOUN	-
dendrolog	NOUN	-
dendroloji	NOUN	-
dendrolojik	ADJ	-
dendrolojist	NOUN	-
dene	VERB	-
denebil	VERB	-
denebilme	NOUN	-
denek	NOUN	VOICING
deneme	ADJ	-
deneme	NOUN	-
denen	VERB	-
denenebil	VERB	-
denenebilme	NOUN	-
denenme	NOUN	-
denet	NOUN	-
denet	VERB	-
denetil	VERB	-
denetilme	NOUN	-
denetim	NOUN	-
denetişim	NOUN	-
denetle	VERB	-
denetleme	NOUN	-
denetlen	VERB	-
denetlenebil	VERB	-
denetlenebilme	NOUN	-
denetlet	VERB	-
denetletebil	VERB	-
denetletebilme	NOUN	-
denetletme	NOUN	-
denetlettir	VERB	-
denetlettirme	NOUN	-
denetleyebil	VERB	-
denetleyebilme	NOUN	-
denetleyiver	VERB	-
denetleyiverme	NOUN	-
denetleyiş	NOUN	-
denetme	NOUN	-
denetmen	NOUN	-
denettir	VERB	-
denettirme	NOUN	-
denetçi	NOUN	-
deney	NOUN	-
deneyebil	VERB	-
deneyebilme	NOUN	-
deneyim	NOUN	-
deneyimle	VERB	-
deneyimleme	NOUN	-
deneyimlen	VERB	-
deneyimsel	NOUN	-
deneyimsizce	ADV	-
deneyiver	VERB	-
deneyiverme	NOUN	-
deneyiş	NOUN	-
deneyle	VERB	-
deneyleme	NOUN	-
deneysel	ADJ	-
deneyüstü	NOUN	-
deneştirme	NOUN	-
denge	NOUN	-
dengele	VERB	-
dengelem	NOUN	-
dengeleme	NOUN	-
dengelen	VERB	-
dengelenebil	VERB	-
dengelenebilme	NOUN	-
dengeleyebil	VERB	-
dengeleyebilme	NOUN	-
dengelice	ADV	-
dengesizce	ADV	-
dengesizleş	VERB	-
dengesizleşebil	VERB	-
dengesizleşebilme	NOUN	-
dengesizleştir	VERB	-
dengesizleştirebil	VERB	-
dengesizleştirebilme	NOUN	-
dengesizleştiril	VERB	-
dengesizleştirilme	NOUN	-
dengeşik	NOUN	VOICING
deni	ADJ	-
denil	VERB	-
denilebil	VERB	-
denilebilme	NOUN	-
denilme	NOUN	-
denim	NOUN	-
deniz	NOUN	-
denizaltı	NOUN	-
denizanası	NOUN	-
denizaslanı	NOUN	-
denizatı	NOUN	-
denizaygırı	NOUN	-
denizayısı	NOUN	-
denizaşırı	ADJ	-
denizaşırı	NOUN	-
denizgergedanı	NOUN	-
denizgülleri	NOUN	-
denizhıyarları	NOUN	-
denizhıyarı	NOUN	-
denizibiği	NOUN	-
denizineği	NOUN	-
deniziğnesi	NOUN	-
denizkadayıfı	NOUN	-
denizkedisi	NOUN	-
denizkestanesi	NOUN	-
denizkozalağı	NOUN	-
denizkulağı	NOUN	-
denizköpüğü	NOUN	-
denizkızı	NOUN	-
denizlaleleri	NOUN	-
denizlalesi	NOUN	-
denizleylakları	NOUN	-
denizleylağı	NOUN	-
denizmaymunu	NOUN	-
denizpalamudu	NOUN	-
denizpatlıcanı	NOUN	-
denizpelidi	NOUN	-
denizpırasası	NOUN	-
deniztarağı	NOUN	-
deniztavşanı	NOUN	-
deniztilkisi	NOUN	-
denizyıldızları	NOUN	-
denizyıldızı	NOUN	-
denizzambakları	NOUN	-
denizzambağı	NOUN	-
denizçakısı	NOUN	-
denizörümceği	NOUN	-
denizüzümü	NOUN	-
denizısırganları	NOUN	-
denizşakayıkları	NOUN	-
denizşakayığı	NOUN	-
denk	ADJ	VOICING
denk	NOUN	VOICING
denkle	VERB	-
denklem	NOUN	-
denkleme	NOUN	-
denklen	VERB	-
denkleş	VERB	-
denkleştir	VERB	-
denkleştirebil	VERB	-
denkleştirebilme	NOUN	-
denkleştiril	VERB	-
denkleştirilebil	VERB	-
denkleştirilebilme	NOUN	-
denkleştirilme	NOUN	-
denkleştiriver	VERB	-
denkleştiriverme	NOUN	-
denktaş	ADJ	-
denkçi	NOUN	-
denme	NOUN	-
densimetre	NOUN	-
densizce	ADJ	-
densizce	ADV	-
densizlen	VERB	-
densizleş	VERB	-
densizleşebil	VERB	-
densizleşebilme	NOUN	-
dentin	NOUN	-
denyo	ADJ	-
denşir	VERB	-
denşirme	NOUN	-
deodorant	NOUN	-
deontoloji	NOUN	-
deontolojik	ADJ	-
depar	NOUN	-
departman	NOUN	-
depderin	ADJ	-
deplase	ADJ	-
deplasman	NOUN	-
depo	NOUN	-
depola	VERB	-
depolama	NOUN	-
depolan	VERB	-
depolanabil	VERB	-
depolanabilme	NOUN	-
depolanış	NOUN	-
depolat	VERB	-
depolatma	NOUN	-
depolatıl	VERB	-
depolatılma	NOUN	-
depolayabil	VERB	-
depolayabilme	NOUN	-
depolayış	NOUN	-
depolitizasyon	NOUN	-
depozit	NOUN	-
depozito	NOUN	-
depre	VERB	-
deprem	NOUN	-
depreme	NOUN	-
depremyazar	NOUN	-
depremzede	NOUN	-
depremçizer	NOUN	-
depremölçer	NOUN	-
depren	VERB	-
deprenebil	VERB	-
deprenebilme	NOUN	-
depreniş	NOUN	-
deprenme	NOUN	-
depresif	ADJ	-
depresyon	NOUN	-
depreş	VERB	-
depreşebil	VERB	-
depreşebilme	NOUN	-
depreşiver	VERB	-
depreşiverme	NOUN	-
depreşme	NOUN	-
depreştir	VERB	-
depreştirebil	VERB	-
depreştirebilme	NOUN	-
depreştirme	NOUN	-
der	VERB	-
derakap	ADV	-
derakap	NOUN	-
derbeder	ADJ	-
derbederce	ADV	-
derbedercesine	ADV	-
derbent	NOUN	VOICING
derbentçi	NOUN	-
derbi	NOUN	-
dercep	NOUN	VOICING
dercet	VERB	-
dercetme	NOUN	-
derdest	ADJ	-
derdest	NOUN	-
dere	NOUN	-
derebeyi	NOUN	-
derebil	VERB	-
derebilme	NOUN	-
derece	NOUN	-
derece	POSTP	-
derecele	VERB	-
dereceleme	NOUN	-
derecelen	VERB	-
derecelendir	VERB	-
derecelendirebil	VERB	-
derecelendirebilme	NOUN	-
derecelendiril	VERB	-
derecelendirilebil	VERB	-
derecelendirilebilme	NOUN	-
derecelendirilme	NOUN	-
dereceleniş	NOUN	-
derecik	NOUN	VOICING
dereke	NOUN	-
dereotu	NOUN	-
dergi	NOUN	-
dergâh	NOUN	-
derhatır	NOUN	-
derhâl	ADV	-
deri	ADJ	-
deri	NOUN	-
deril	VERB	-
derilme	NOUN	-
derimsi	ADJ	-
derin	ADJ	-
derin	NOUN	-
derince	ADJ	-
derinden	ADV	-
derinden	NOUN	-
derinlemesine	ADV	-
derinlet	VERB	-
derinletme	NOUN	-
derinleş	VERB	-
derinleşebil	VERB	-
derinleşebilme	NOUN	-
derinleşiver	VERB	-
derinleşiverme	NOUN	-
derinleştir	VERB	-
derinleştirebil	VERB	-
derinleştirebilme	NOUN	-
derinleştiril	VERB	-
derinleştirilebil	VERB	-
derinleştirilebilme	NOUN	-
derinleştirilme	NOUN	-
derinlikölçer	NOUN	-
derinliğine	ADV	-
derinti	NOUN	-
derivasyon	NOUN	-
deriş	VERB	-
derişik	ADJ	-
derişim	NOUN	-
derişme	NOUN	-
deriştir	VERB	-
deriştirme	NOUN	-
derk	NOUN	-
derken	ADV	-
derken	NOUN	-
derkenar	NOUN	-
derle	VERB	-
derlem	NOUN	-
derleme	ADJ	-
derleme	NOUN	-
derlen	VERB	-
derlendir	VERB	-
derlenebil	VERB	-
derlenebilme	NOUN	-
derleniş	NOUN	-
derlet	VERB	-
derletil	VERB	-
derletilme	NOUN	-
derletme	NOUN	-
derleyebil	VERB	-
derleyebilme	NOUN	-
derleyiver	VERB	-
derleyiverme	NOUN	-
derleyiş	NOUN	-
derman	NOUN	-
dermansızca	ADV	-
dermansızlaş	VERB	-
dermansızlaştır	VERB	-
dermason	NOUN	-
dermatit	NOUN	-
dermatolog	NOUN	-
dermatoloji	NOUN	-
dermatolojik	ADJ	-
derme	NOUN	-
dermeyan	ADJ	-
dermokozmetik	NOUN	VOICING
dernek	NOUN	VOICING
dernekevi	NOUN	-
dernekleş	VERB	-
dernekçi	NOUN	-
derneşik	ADJ	-
derogasyon	NOUN	-
derpiş	NOUN	-
derrace	NOUN	-
ders	NOUN	-
dersbaşı	NOUN	-
dershane	NOUN	-
dersiam	NOUN	-
dert	NOUN	VOICING
dertlen	VERB	-
dertlenebil	VERB	-
dertlenebilme	NOUN	-
dertlenil	VERB	-
dertlenilme	NOUN	-
dertleniş	NOUN	-
dertleş	VERB	-
dertleşebil	VERB	-
dertleşebilme	NOUN	-
dertleşiş	NOUN	-
dertop	ADJ	-
dertop	ADV	-
deruhte	NOUN	-
derun	NOUN	-
deruni	ADJ	-
deruni	NOUN	-
derviş	NOUN	-
dervişane	ADV	-
dervişçe	ADV	-
derya	NOUN	-
deryadil	ADJ	-
derz	NOUN	-
derç	NOUN	VOICING
desen	NOUN	-
desenle	VERB	-
desenleme	NOUN	-
desibel	NOUN	-
designer	NOUN	-
desigram	NOUN	-
desikatör	NOUN	-
desilitre	NOUN	-
desimal	NOUN	-
desimetre	NOUN	-
desinatör	NOUN	-
desise	NOUN	-
desister	NOUN	-
deskriptif	ADJ	-
despot	ADJ	-
despot	NOUN	-
despotik	ADV	-
despotizm	NOUN	-
despotlaş	VERB	-
despotlaşabil	VERB	-
despotlaşabilme	NOUN	-
despotya	NOUN	-
despotça	ADJ	-
despotça	ADV	-
dessas	ADJ	-
dest	NOUN	-
destan	NOUN	-
destani	ADJ	-
destanlaş	VERB	-
destanlaşabil	VERB	-
destanlaşabilme	NOUN	-
destanlaştır	VERB	-
destanlaştırıl	VERB	-
destanlaştırılma	NOUN	-
destansal	ADJ	-
destansal	NOUN	-
destansı	ADJ	-
destanımsı	ADJ	-
destar	NOUN	-
destari	ADJ	-
destari	NOUN	-
deste	NOUN	-
destegül	NOUN	-
destek	NOUN	VOICING
destekle	VERB	-
destekleme	NOUN	-
desteklen	VERB	-
desteklenebil	VERB	-
desteklenebilme	NOUN	-
destekleniş	NOUN	-
desteklet	VERB	-
destekletme	NOUN	-
destekleyebil	VERB	-
destekleyebilme	NOUN	-
destekleyiş	NOUN	-
destekleş	VERB	-
destekçi	NOUN	-
destele	VERB	-
desteleme	NOUN	-
destelen	VERB	-
desteleniş	NOUN	-
destelet	VERB	-
desteletme	NOUN	-
desteleyebil	VERB	-
desteleyebilme	NOUN	-
destiizdivaç	NOUN	VOICING
destinasyon	NOUN	-
destroyer	NOUN	-
destur	INTERJ	-
destur	NOUN	-
desturun	INTERJ	-
detant	NOUN	-
detay	NOUN	-
detaylandır	VERB	-
detaylandırıl	VERB	-
detaylandırılma	NOUN	-
detaysızca	ADV	-
deterjan	NOUN	-
determinant	NOUN	-
determinasyon	NOUN	-
determinist	ADJ	-
determinizm	NOUN	-
detone	ADJ	-
dev	ADJ	-
dev	NOUN	-
deva	NOUN	-
devaimisk	NOUN	-
devalüasyon	NOUN	-
devalüe	ADJ	-
devam	INTERJ	-
devam	NOUN	-
devasa	ADJ	-
devce	ADJ	-
devce	ADV	-
deve	NOUN	-
deveboynu	NOUN	-
deveelması	NOUN	-
devegiller	NOUN	-
devegözü	NOUN	-
developer	NOUN	-
developman	NOUN	-
deveran	NOUN	-
deveranıdem	NOUN	-
devetabanı	NOUN	-
devetüyü	ADJ	-
devetüyü	NOUN	-
devim	NOUN	-
devimsel	ADJ	-
devimsel	NOUN	-
devin	VERB	-
devindir	VERB	-
devindirebil	VERB	-
devindirebilme	NOUN	-
devindiril	VERB	-
devindirilebil	VERB	-
devindirilebilme	NOUN	-
devindiriliş	NOUN	-
devindirilme	NOUN	-
devindirme	NOUN	-
devinebil	VERB	-
devinebilme	NOUN	-
devingen	ADJ	-
devinim	NOUN	-
deviniş	NOUN	-
devinme	NOUN	-
devir	NOUN	VOWEL_DROP
devir	VERB	-
devirebil	VERB	-
devirebilme	NOUN	-
deviriver	VERB	-
deviriverme	NOUN	-
deviriş	NOUN	-
devirme	NOUN	-
devirt	VERB	-
devirtme	NOUN	-
devit	VERB	-
devitken	ADJ	-
devitme	NOUN	-
devlet	NOUN	-
devlethane	NOUN	-
devletle	ADV	-
devletleştir	VERB	-
devletleştirebil	VERB	-
devletleştirebilme	NOUN	-
devletleştiril	VERB	-
devletleştirilme	NOUN	-
devletçe	ADV	-
devletçi	ADJ	-
devletçi	NOUN	-
devleş	VERB	-
devleşebil	VERB	-
devleşebilme	NOUN	-
devleştir	VERB	-
devleştirebil	VERB	-
devleştirebilme	NOUN	-
devoniyen	NOUN	-
devral	VERB	-
devralabil	VERB	-
devralabilme	NOUN	-
devralma	NOUN	-
devralış	NOUN	-
devran	NOUN	-
devre	ADV	-
devre	NOUN	-
devredil	VERB	-
devredilebil	VERB	-
devredilebilme	NOUN	-
devrediliş	NOUN	-
devredilme	NOUN	-
devrediş	NOUN	-
devren	ADV	-
devret	VERB	-
devretme	NOUN	-
devridaim	NOUN	-
devrihindi	NOUN	-
devrik	ADJ	-
devrik	NOUN	-
devrikebir	NOUN	-
devril	VERB	-
devrilebil	VERB	-
devrilebilme	NOUN	-
devrileyaz	VERB	-
devrileyazma	NOUN	-
devriliver	VERB	-
devriliverme	NOUN	-
devriliş	NOUN	-
devrilme	NOUN	-
devrim	NOUN	-
devrirevan	NOUN	-
devrisaadet	NOUN	-
devrisi	ADJ	-
devriye	NOUN	-
devriâlem	NOUN	-
devrol	VERB	-
devrolma	NOUN	-
devrolun	VERB	-
devrolunma	NOUN	-
devrî	ADJ	-
devrî	NOUN	-
devşir	VERB	-
devşirebil	VERB	-
devşirebilme	NOUN	-
devşiril	VERB	-
devşirilebil	VERB	-
devşirilebilme	NOUN	-
devşirilme	NOUN	-
devşirim	NOUN	-
devşiriş	NOUN	-
devşirme	ADJ	-
devşirme	NOUN	-
devşirt	VERB	-
devşirtil	VERB	-
devşirtilme	NOUN	-
devşirtme	NOUN	-
deyi	ADV	-
deyi	NOUN	-
deyim	NOUN	-
deyimleş	VERB	-
deyimleşebil	VERB	-
deyimleşebilme	NOUN	-
deyimleştir	VERB	-
deyiver	VERB	-
deyiverme	NOUN	-
deyiş	NOUN	-
deyişme	NOUN	-
deyyus	ADJ	-
deyyus	NOUN	-
dezavantaj	NOUN	-
dezenfeksiyon	NOUN	-
dezenfektan	ADJ	-
dezenfektan	NOUN	-
dezenfekte	ADJ	-
dezenformasyon	NOUN	-
değ	VERB	-
değdir	VERB	-
değdirebil	VERB	-
değdirebilme	NOUN	-
değdiril	VERB	-
değdirilebil	VERB	-
değdirilebilme	NOUN	-
değdiriliş	NOUN	-
değdirilme	NOUN	-
değdiriver	VERB	-
değdiriverme	NOUN	-
değdiriş	NOUN	-
değdirme	NOUN	-
değebil	VERB	-
değebilme	NOUN	-
değer	ADJ	-
değer	NOUN	-
değerbilir	ADJ	-
değerbilmez	ADJ	-
değerle	VERB	-
değerleme	NOUN	-
değerlen	VERB	-
değerlendir	VERB	-
değerlendirebil	VERB	-
değerlendirebilme	NOUN	-
değerlendiril	VERB	-
değerlendirilebil	VERB	-
değerlendirilebilme	NOUN	-
değerlendiriliş	NOUN	-
değerlendirilme	NOUN	-
değerlendiriver	VERB	-
değerlendiriverme	NOUN	-
değerlenebil	VERB	-
değerlenebilme	NOUN	-
değerleniver	VERB	-
değerleniverme	NOUN	-
değerleniş	NOUN	-
değersizleş	VERB	-
değersizleşebil	VERB	-
değersizleşebilme	NOUN	-
değersizleştir	VERB	-
değersizleştirebil	VERB	-
değersizleştirebilme	NOUN	-
değeç	NOUN	VOICING
değgin	NOUN	-
değgin	POSTP	-
değil	CONJ	-
değil	NOUN	-
değil	POSTP	-
değim	NOUN	-
değin	NOUN	-
değin	POSTP	-
değin	VERB	-
değinebil	VERB	-
değinebilme	NOUN	-
değini	NOUN	-
değinil	VERB	-
değinilebil	VERB	-
değinilebilme	NOUN	-
değiniliş	NOUN	-
değinilme	NOUN	-
değiniver	VERB	-
değiniverme	NOUN	-
değiniş	NOUN	-
değinme	NOUN	-
değinti	NOUN	-
değir	VERB	-
değirme	NOUN	-
değirmen	NOUN	-
değirmi	ADJ	-
değirmi	NOUN	-
değirmile	VERB	-
değirmileme	NOUN	-
değirmileş	VERB	-
değiş	NOUN	-
değiş	VERB	-
değişebil	VERB	-
değişebilme	NOUN	-
değişik	ADJ	VOICING
değişik	NOUN	VOICING
değişim	NOUN	-
değişinim	NOUN	-
değişiver	VERB	-
değişiverme	NOUN	-
değişiş	NOUN	-
değişke	NOUN	-
değişken	ADJ	-
değişken	NOUN	-
değişkin	ADJ	-
değişme	NOUN	-
değişmez	ADJ	-
değiştir	VERB	-
değiştirebil	VERB	-
değiştirebilme	NOUN	-
değiştirge	NOUN	-
değiştirgeç	NOUN	VOICING
değiştiril	VERB	-
değiştirilebil	VERB	-
değiştirilebilme	NOUN	-
değiştiriliver	VERB	-
değiştiriliverme	NOUN	-
değiştiriliş	NOUN	-
değiştirilme	NOUN	-
değiştirim	NOUN	-
değiştiriver	VERB	-
değiştiriverme	NOUN	-
değiştiriş	NOUN	-
değiştirme	NOUN	-
değiştirt	VERB	-
değiştirtme	NOUN	-
değme	ADJ	-
değme	NOUN	-
değnek	NOUN	VOICING
değnekle	VERB	-
değnekleme	NOUN	-
değnekçi	NOUN	-
deş	VERB	-
deşarj	NOUN	-
deşebil	VERB	-
deşebilme	NOUN	-
deşele	VERB	-
deşeleme	NOUN	-
deşeleyiş	NOUN	-
deşifre	ADJ	-
deşik	ADJ	-
deşil	VERB	-
deşilebil	VERB	-
deşilebilme	NOUN	-
deşilme	NOUN	-
deşiver	VERB	-
deşiverme	NOUN	-
deşme	NOUN	-
dialkol	NOUN	-
diaspora	NOUN	-
diba	NOUN	-
dibace	NOUN	-
dibek	NOUN	VOICING
didaktik	ADJ	VOICING
didar	NOUN	-
dide	NOUN	-
dideban	NOUN	-
didikle	VERB	-
didikleme	NOUN	-
didiklen	VERB	-
didikleniş	NOUN	-
didiklet	VERB	-
didikletme	NOUN	-
didikleyebil	VERB	-
didikleyebilme	NOUN	-
didikleyiş	NOUN	-
didil	VERB	-
didilme	NOUN	-
didin	VERB	-
didingen	ADJ	-
didinil	VERB	-
didinilme	NOUN	-
didiniş	NOUN	-
didinme	NOUN	-
didinti	NOUN	-
didiş	VERB	-
didişebil	VERB	-
didişebilme	NOUN	-
didişim	NOUN	-
didişken	ADJ	-
didişme	NOUN	-
didon	ADJ	-
didon	NOUN	-
didona	NOUN	-
difana	NOUN	-
difenbahya	NOUN	-
diferansiyel	NOUN	-
difraksiyon	NOUN	-
difteri	NOUN	-
diftong	NOUN	-
diftonglaş	VERB	-
difüzyon	NOUN	-
dijital	ADJ	-
dijital	NOUN	-
dijitalleş	VERB	-
dijitalleştir	VERB	-
dik	ADJ	-
dik	NOUN	-
dik	VERB	-
dikdörtgen	ADJ	-
dikdörtgen	NOUN	-
dikdörtgensel	ADJ	-
dikebil	VERB	-
dikebilme	NOUN	-
dikel	NOUN	-
dikel	VERB	-
dikelebil	VERB	-
dikelebilme	NOUN	-
dikeliş	NOUN	-
dikelme	NOUN	-
dikelt	VERB	-
dikeltme	NOUN	-
diken	NOUN	-
dikence	NOUN	-
dikencik	NOUN	VOICING
dikenimsi	ADJ	-
dikenleş	VERB	-
dikenlice	ADJ	-
dikensi	ADJ	-
dikey	ADJ	-
dikey	ADV	-
dikeyleş	VERB	-
dikeç	NOUN	VOICING
dikgen	ADJ	-
dikil	VERB	-
dikilebil	VERB	-
dikilebilme	NOUN	-
dikiliver	VERB	-
dikiliverme	NOUN	-
dikiliş	NOUN	-
dikilme	NOUN	-
dikim	NOUN	-
dikimevi	NOUN	-
dikimhane	NOUN	-
dikine	ADV	-
dikine	NOUN	-
dikit	NOUN	-
dikiver	VERB	-
dikiverme	NOUN	-
dikiz	NOUN	-
dikizle	VERB	-
dikizleme	NOUN	-
dikizlen	VERB	-
dikizleniş	NOUN	-
dikizlet	VERB	-
dikizletme	NOUN	-
dikizleyebil	VERB	-
dikizleyebilme	NOUN	-
dikizleyiş	NOUN	-
dikiş	NOUN	-
dikişçi	NOUN	-
dikkat	INTERJ	-
dikkat	NOUN	-
dikkatlice	ADV	-
dikkatsizce	ADV	-
dikkuyruk	NOUN	VOICING
diklemesine	ADV	-
diklen	VERB	-
dikleniş	NOUN	-
dikleş	VERB	-
dikleşebil	VERB	-
dikleşebilme	NOUN	-
dikleştir	VERB	-
dikliğine	ADV	-
dikme	NOUN	-
dikmen	NOUN	-
dikotomi	NOUN	-
dikotomik	ADJ	-
dikse	NOUN	-
diksiyon	NOUN	-
dikta	NOUN	-
diktafon	NOUN	-
diktatorya	NOUN	-
diktatoryal	ADJ	-
diktatoryal	NOUN	-
diktatör	ADJ	-
diktatör	NOUN	-
diktatörce	ADJ	-
diktatörce	ADV	-
dikte	NOUN	-
diktir	VERB	-
diktirebil	VERB	-
diktirebilme	NOUN	-
diktiril	VERB	-
diktirilme	NOUN	-
diktirme	NOUN	-
diktirt	VERB	-
diktirtme	NOUN	-
dikçe	ADV	-
dil	NOUN	-
dil	VERB	-
dilaltı	NOUN	-
dilatometre	NOUN	-
dilaver	NOUN	-
dilbasar	NOUN	-
dilbaz	ADJ	-
dilber	NOUN	-
dilberdudağı	NOUN	-
dilce	ADV	-
dilcik	NOUN	VOICING
dildaş	NOUN	-
dile	VERB	-
dilebil	VERB	-
dilebilme	NOUN	-
dilek	NOUN	VOICING
dilekçe	NOUN	-
dileme	NOUN	-
dilemma	NOUN	-
dilen	VERB	-
dilendir	VERB	-
dilendiril	VERB	-
dilendirilme	NOUN	-
dilenebil	VERB	-
dilenebilme	NOUN	-
dileniş	NOUN	-
dilet	VERB	-
diletme	NOUN	-
dileyebil	VERB	-
dileyebilme	NOUN	-
dileyiş	NOUN	-
dilhun	NOUN	-
dilim	NOUN	-
dilimle	VERB	-
dilimleme	NOUN	-
dilimlen	VERB	-
dilimlenebil	VERB	-
dilimlenebilme	NOUN	-
dilimleniş	NOUN	-
dilimlet	VERB	-
dilimletme	NOUN	-
dilimleyebil	VERB	-
dilimleyebilme	NOUN	-
dilimleyiş	NOUN	-
dilin	VERB	-
dilinim	NOUN	-
diliniş	NOUN	-
dilinme	NOUN	-
diliver	VERB	-
diliverme	NOUN	-
diliş	NOUN	-
dillek	ADJ	-
dillen	VERB	-
dillendir	VERB	-
dillendirebil	VERB	-
dillendirebilme	NOUN	-
dillendiril	VERB	-
dillendiriliş	NOUN	-
dillendirilme	NOUN	-
dillendiriş	NOUN	-
dilleniş	NOUN	-
dilleş	VERB	-
dilmaç	NOUN	VOICING
dilme	NOUN	-
dilotu	NOUN	-
dilsel	ADJ	-
dilsever	ADJ	-
dilsever	NOUN	-
dilsi	ADJ	-
dilüviyum	NOUN	-
dimağ	NOUN	-
dimdik	ADJ	-
dimdik	ADV	-
dimdik	NOUN	-
dimi	NOUN	-
diminuendo	ADV	-
diminuendo	NOUN	-
dimmer	NOUN	-
dimnit	NOUN	-
dimyat	NOUN	-
din	NOUN	-
din	VERB	-
dinamik	ADJ	VOICING
dinamik	NOUN	VOICING
dinamikleş	VERB	-
dinamikleştir	VERB	-
dinamit	ADJ	-
dinamit	NOUN	-
dinamitle	VERB	-
dinamitleme	NOUN	-
dinamitlen	VERB	-
dinamitçi	NOUN	-
dinamizm	NOUN	-
dinamo	NOUN	-
dinamometre	NOUN	-
dinar	NOUN	-
dince	ADV	-
dincel	VERB	-
dincelme	NOUN	-
dincelt	VERB	-
dinceltme	NOUN	-
dindar	ADJ	-
dindarlaş	VERB	-
dindaş	NOUN	-
dindir	VERB	-
dindirebil	VERB	-
dindirebilme	NOUN	-
dindiril	VERB	-
dindirilme	NOUN	-
dindiriver	VERB	-
dindiriverme	NOUN	-
dindiriş	NOUN	-
dindirme	NOUN	-
dindirt	VERB	-
dindirtme	NOUN	-
dine	NOUN	-
dinebil	VERB	-
dinebilme	NOUN	-
dinek	NOUN	VOICING
dinel	VERB	-
dinelme	NOUN	-
dinen	ADV	-
dineri	NOUN	-
dingi	NOUN	-
dingil	ADJ	-
dingil	NOUN	-
dingilde	VERB	-
dingildek	ADJ	-
dingildek	NOUN	-
dingildeme	NOUN	-
dingildet	VERB	-
dingildetme	NOUN	-
dingin	ADJ	-
dingin	NOUN	-
dinginleş	VERB	-
dinginleşebil	VERB	-
dinginleşebilme	NOUN	-
dinginleştir	VERB	-
diniver	VERB	-
diniverme	NOUN	-
diniş	NOUN	-
dink	NOUN	VOICING
dinle	VERB	-
dinleme	NOUN	-
dinlen	VERB	-
dinlence	NOUN	-
dinlendir	VERB	-
dinlendirebil	VERB	-
dinlendirebilme	NOUN	-
dinlendiril	VERB	-
dinlendirilme	NOUN	-
dinlenebil	VERB	-
dinlenebilme	NOUN	-
dinlenil	VERB	-
dinlenilme	NOUN	-
dinleniş	NOUN	-
dinlet	VERB	-
dinletebil	VERB	-
dinletebilme	NOUN	-
dinleti	NOUN	-
dinletil	VERB	-
dinletilme	NOUN	-
dinletiş	NOUN	-
dinletme	NOUN	-
dinleyebil	VERB	-
dinleyebilme	NOUN	-
dinleyiver	VERB	-
dinleyiverme	NOUN	-
dinleyiş	NOUN	-
dinme	NOUN	-
dinozor	NOUN	-
dinozorlar	NOUN	-
dinozorlaş	VERB	-
dinsel	ADJ	-
dinsizleş	VERB	-
dinsizleşebil	VERB	-
dinsizleşebilme	NOUN	-
dinsizleştir	VERB	-
dinsizleştiril	VERB	-
dinsizleştirilme	NOUN	-
dinç	ADJ	VOICING
dinç	ADV	VOICING
dinçlen	VERB	-
dinçleş	VERB	-
dinçleşebil	VERB	-
dinçleşebilme	NOUN	-
dinçleştir	VERB	-
dinçleştirebil	VERB	-
dinçleştirebilme	NOUN	-
dinî	ADJ	-
dip	NOUN	VOICING
dipdam	NOUN	-
dipdinç	ADJ	-
dipdiri	ADJ	-
dipfriz	NOUN	-
diplarya	NOUN	-
diple	VERB	-
dipleme	NOUN	-
diploit	NOUN	VOICING
diploma	NOUN	-
diplomasi	NOUN	-
diplomat	NOUN	-
diplomatik	ADJ	-
diplomatça	ADJ	-
diplomatça	ADV	-
dipnot	NOUN	-
dipçik	NOUN	VOICING
dipçikle	VERB	-
dipçikleme	NOUN	-
dipçiklen	VERB	-
dipçikleniş	NOUN	-
dipçiklet	VERB	-
dipçikletme	NOUN	-
dipçikleyiş	NOUN	-
dirayet	NOUN	-
dire	VERB	-
direk	NOUN	VOICING
direksiyon	NOUN	-
direkt	ADJ	-
direkt	ADV	-
direktif	NOUN	-
direktör	NOUN	-
direkçi	NOUN	-
direme	NOUN	-
diren	NOUN	-
diren	VERB	-
direnebil	VERB	-
direnebilme	NOUN	-
direngen	ADJ	-
direnil	VERB	-
direnilebil	VERB	-
direnilebilme	NOUN	-
direnilme	NOUN	-
direnim	NOUN	-
direniş	NOUN	-
direnişçi	NOUN	-
direnle	VERB	-
direnleme	NOUN	-
direnme	NOUN	-
direnç	NOUN	VOICING
dirençsizleş	VERB	-
diret	VERB	-
diretebil	VERB	-
diretebilme	NOUN	-
diretiş	NOUN	-
diretken	ADJ	-
diretme	NOUN	-
direy	NOUN	-
direş	VERB	-
direşken	ADJ	-
direşme	NOUN	-
dirgen	NOUN	-
dirgenle	VERB	-
dirgenleme	NOUN	-
dirhem	NOUN	-
diri	ADJ	-
diri	NOUN	-
dirice	ADJ	-
dirijabl	NOUN	-
diriksel	ADJ	-
diril	ADJ	-
diril	NOUN	-
diril	VERB	-
dirilebil	VERB	-
dirilebilme	NOUN	-
dirileş	VERB	-
diriliver	VERB	-
diriliverme	NOUN	-
diriliş	NOUN	-
dirilme	NOUN	-
dirilt	VERB	-
diriltebil	VERB	-
diriltebilme	NOUN	-
diriltiver	VERB	-
diriltiverme	NOUN	-
diriltiş	NOUN	-
diriltme	NOUN	-
dirim	NOUN	-
dirimsel	ADJ	-
diriğ	NOUN	-
dirlikçi	NOUN	-
dirsek	NOUN	VOICING
dirsekle	VERB	-
dirsekleme	NOUN	-
dirseklen	VERB	-
disfazi	NOUN	-
disimilasyon	NOUN	-
disiplin	NOUN	-
disipline	ADJ	-
disiplinsizce	ADV	-
disk	NOUN	-
diskalifiye	ADJ	-
disket	NOUN	-
diskjokey	NOUN	-
disko	NOUN	-
diskotek	NOUN	VOICING
diskur	NOUN	-
diskçalar	NOUN	-
diskçi	NOUN	-
disleksi	NOUN	-
dispanser	NOUN	-
dispeç	NOUN	VOICING
dispeççi	NOUN	-
disponibilite	NOUN	-
disprosyum	NOUN	-
distribütör	NOUN	-
dit	VERB	-
ditil	VERB	-
ditilme	NOUN	-
ditiramp	NOUN	VOICING
ditme	NOUN	-
diva	NOUN	-
dival	NOUN	-
divan	NOUN	-
divane	ADJ	-
divane	NOUN	-
divaneleş	VERB	-
divaneleştir	VERB	-
divanhane	NOUN	-
divani	NOUN	-
divançe	NOUN	-
divanıharp	NOUN	VOICING
divik	NOUN	VOICING
divit	NOUN	-
divitin	NOUN	-
divlek	NOUN	VOICING
diya	NOUN	-
diyabaz	NOUN	-
diyabet	NOUN	-
diyabetik	ADJ	-
diyabetolog	NOUN	-
diyabetoloji	NOUN	-
diyafon	NOUN	-
diyafram	NOUN	-
diyagonal	NOUN	-
diyagram	NOUN	-
diyaklaz	NOUN	-
diyakoz	NOUN	-
diyakroni	NOUN	-
diyakronik	ADJ	-
diyalaj	NOUN	-
diyalekt	NOUN	-
diyalektik	NOUN	VOICING
diyalektikçi	NOUN	-
diyalektolog	NOUN	-
diyalektoloji	NOUN	-
diyalektolojik	ADJ	-
diyalel	NOUN	-
diyaliz	NOUN	-
diyalog	NOUN	-
diyanet	NOUN	-
diyapazon	NOUN	-
diyapozitif	NOUN	-
diyar	NOUN	-
diyarıgurbet	NOUN	-
diyastaz	NOUN	-
diyastol	NOUN	-
diyatome	NOUN	-
diye	NOUN	-
diye	POSTP	-
diyebil	VERB	-
diyebilme	NOUN	-
diyet	NOUN	-
diyetetik	NOUN	VOICING
diyetisyen	NOUN	-
diyez	ADJ	-
diyez	NOUN	-
diyoptri	NOUN	-
diyorit	NOUN	-
diyot	NOUN	VOICING
diz	NOUN	-
diz	VERB	-
dizanteri	NOUN	-
dizayn	NOUN	-
dizdar	NOUN	-
dizdir	VERB	-
dizdirebil	VERB	-
dizdirebilme	NOUN	-
dizdiril	VERB	-
dizdirilebil	VERB	-
dizdirilebilme	NOUN	-
dizdirilme	NOUN	-
dizdirme	NOUN	-
dize	NOUN	-
dizebil	VERB	-
dizebilme	NOUN	-
dizek	NOUN	VOICING
dizel	NOUN	-
dizele	VERB	-
dizeleme	NOUN	-
dizeleş	VERB	-
dizeleştir	VERB	-
dizeleştirebil	VERB	-
dizeleştirebilme	NOUN	-
dizelge	NOUN	-
dizem	NOUN	-
dizey	NOUN	-
dizge	NOUN	-
dizgeleş	VERB	-
dizgeleştir	VERB	-
dizgeleştiriş	NOUN	-
dizgesel	ADJ	-
dizgi	NOUN	-
dizgin	NOUN	-
dizginle	VERB	-
dizginleme	NOUN	-
dizginlen	VERB	-
dizginlenebil	VERB	-
dizginlenebilme	NOUN	-
dizginleniş	NOUN	-
dizginlet	VERB	-
dizginletme	NOUN	-
dizginleyebil	VERB	-
dizginleyebilme	NOUN	-
dizginleyiş	NOUN	-
dizi	NOUN	-
dizil	VERB	-
dizile	VERB	-
dizilebil	VERB	-
dizilebilme	NOUN	-
dizileme	NOUN	-
diziliver	VERB	-
diziliverme	NOUN	-
diziliş	NOUN	-
dizilme	NOUN	-
dizim	NOUN	-
dizin	NOUN	-
dizinle	VERB	-
dizinleme	NOUN	-
dizinlen	VERB	-
diziver	VERB	-
diziverme	NOUN	-
diziş	NOUN	-
dizle	VERB	-
dizleme	NOUN	-
dizme	NOUN	-
dizmen	NOUN	-
dizyem	NOUN	-
dizüstü	NOUN	-
diğer	ADJ	-
diğer	NOUN	-
diğeri	PRON	-
diğerkâm	ADJ	-
diş	NOUN	-
dişbudak	ADJ	VOICING
dişbudak	NOUN	VOICING
dişe	VERB	-
dişeme	NOUN	-
dişeği	NOUN	-
dişeğile	VERB	-
dişeğileme	NOUN	-
dişi	ADJ	-
dişi	NOUN	-
dişil	ADJ	-
dişileş	VERB	-
dişileştir	VERB	-
dişilleştir	VERB	-
dişindirik	NOUN	VOICING
dişisel	ADJ	-
dişle	VERB	-
dişlek	ADJ	-
dişlek	NOUN	-
dişleme	NOUN	-
dişlen	VERB	-
dişlenebil	VERB	-
dişlenebilme	NOUN	-
dişleniş	NOUN	-
dişlet	VERB	-
dişletme	NOUN	-
dişleyebil	VERB	-
dişleyebilme	NOUN	-
dişleyiver	VERB	-
dişleyiverme	NOUN	-
dişleyiş	NOUN	-
dişçi	NOUN	-
dişçik	NOUN	VOICING
do	NOUN	-
dobra	ADJ	-
dobra	NOUN	-
dogma	NOUN	-
dogmalaş	VERB	-
dogmalaştır	VERB	-
dogmalaştırabil	VERB	-
dogmalaştırabilme	NOUN	-
dogmalaştırıl	VERB	-
dogmalaştırılabil	VERB	-
dogmalaştırılabilme	NOUN	-
dogmalaştırılma	NOUN	-
dogmatik	ADJ	VOICING
dogmatik	NOUN	VOICING
dogmatizm	NOUN	-
dok	NOUN	-
doksan	ADJ	-
doksan	NOUN	-
doksanar	ADJ	-
doksanar	NOUN	-
doktor	NOUN	-
doktora	NOUN	-
doktrin	NOUN	-
doku	NOUN	-
doku	VERB	-
dokuma	ADJ	-
dokuma	NOUN	-
dokumahane	NOUN	-
dokun	VERB	-
dokunabil	VERB	-
dokunabilme	NOUN	-
dokunaç	NOUN	VOICING
dokunca	NOUN	-
dokundur	VERB	-
dokundurabil	VERB	-
dokundurabilme	NOUN	-
dokundurma	NOUN	-
dokundurt	VERB	-
dokundurtma	NOUN	-
dokunduruş	NOUN	-
dokunma	NOUN	-
dokunmabana	NOUN	-
dokunmatik	ADJ	-
dokunsal	ADJ	-
dokunul	VERB	-
dokunulma	NOUN	-
dokunulmaz	ADJ	-
dokunulmaz	NOUN	-
dokunum	NOUN	-
dokunuver	VERB	-
dokunuverme	NOUN	-
dokunuş	NOUN	-
dokurcuk	NOUN	VOICING
dokurcun	NOUN	-
dokut	VERB	-
dokutma	NOUN	-
dokuyabil	VERB	-
dokuyabilme	NOUN	-
dokuyuş	NOUN	-
dokuz	ADJ	-
dokuz	NOUN	-
dokuzar	ADJ	-
dokuzar	NOUN	-
dokuzgen	ADJ	-
dokuzgen	NOUN	-
dokuztaş	NOUN	-
doküman	NOUN	-
dokümantasyon	NOUN	-
dokümanter	ADJ	-
dol	VERB	-
dola	VERB	-
dolabil	VERB	-
dolabilme	NOUN	-
dolak	NOUN	VOICING
dolam	ADJ	-
dolam	NOUN	-
dolama	NOUN	-
dolamaç	NOUN	VOICING
dolambaç	NOUN	VOICING
dolamık	NOUN	VOICING
dolan	VERB	-
dolanabil	VERB	-
dolanabilme	NOUN	-
dolandır	VERB	-
dolandırabil	VERB	-
dolandırabilme	NOUN	-
dolandırıl	VERB	-
dolandırılma	NOUN	-
dolandırılış	NOUN	-
dolandırış	NOUN	-
dolantı	NOUN	-
dolanık	ADJ	-
dolanım	NOUN	-
dolanıver	VERB	-
dolanıverme	NOUN	-
dolanış	NOUN	-
dolap	NOUN	VOICING
dolapla	VERB	-
dolaplama	NOUN	-
dolaplan	VERB	-
dolaplat	VERB	-
dolaplatma	NOUN	-
dolapçı	NOUN	-
dolar	NOUN	-
dolay	NOUN	-
dolayabil	VERB	-
dolayabilme	NOUN	-
dolaylama	NOUN	-
dolayı	ADJ	-
dolayı	POSTP	-
dolayısıyla	ADV	-
dolayısıyla	POSTP	-
dolayış	NOUN	-
dolaş	VERB	-
dolaşabil	VERB	-
dolaşabilme	NOUN	-
dolaştır	VERB	-
dolaştırabil	VERB	-
dolaştırabilme	NOUN	-
dolaştırıl	VERB	-
dolaştırılma	NOUN	-
dolaşık	ADJ	-
dolaşık	NOUN	-
dolaşıl	VERB	-
dolaşılma	NOUN	-
dolaşım	NOUN	-
dolaşıver	VERB	-
dolaşıverme	NOUN	-
doldur	VERB	-
doldurabil	VERB	-
doldurabilme	NOUN	-
doldurboşalt	NOUN	-
doldurma	NOUN	-
doldurt	VERB	-
doldurtabil	VERB	-
doldurtabilme	NOUN	-
doldurtma	NOUN	-
doldurul	VERB	-
doldurulma	NOUN	-
dolduruver	VERB	-
dolduruverme	NOUN	-
dolduruş	NOUN	-
dolduruşçu	NOUN	-
dolgu	NOUN	-
dolgun	ADJ	-
dolgun	NOUN	-
dolgunca	ADJ	-
dolgunca	NOUN	-
dolgunlaş	VERB	-
dolgunlaştır	VERB	-
dolikosefal	ADJ	-
dolma	ADJ	-
dolma	NOUN	-
dolmen	NOUN	-
dolmuş	ADJ	-
dolmuş	NOUN	-
dolmuşçu	NOUN	-
dolomit	NOUN	-
doludizgin	ADV	-
doludizgin	NOUN	-
dolukma	NOUN	-
dolum	NOUN	-
dolun	VERB	-
dolunay	NOUN	-
dolunma	NOUN	-
dolusu	ADJ	-
doluver	VERB	-
doluverme	NOUN	-
doluş	NOUN	-
doluş	VERB	-
doluşma	NOUN	-
doluşul	VERB	-
doluşulma	NOUN	-
domal	VERB	-
domalan	NOUN	-
domalma	NOUN	-
domalt	VERB	-
domaltma	NOUN	-
domalış	NOUN	-
domates	NOUN	-
dombay	NOUN	-
dombra	NOUN	-
domdom	NOUN	-
domestik	ADJ	VOICING
dominant	ADJ	-
domine	ADJ	-
domino	NOUN	-
dominyon	NOUN	-
domur	NOUN	-
domuz	NOUN	-
domuzayağı	NOUN	-
domuzbağı	NOUN	-
domuzdamı	NOUN	-
domuzgiller	NOUN	-
domuzlan	NOUN	-
domuzlaş	VERB	-
domuztırnağı	NOUN	-
domuzuna	ADV	-
domuzuna	NOUN	-
don	NOUN	-
don	VERB	-
dona	VERB	-
donabil	VERB	-
donabilme	NOUN	-
donakal	VERB	-
donakalma	NOUN	-
donam	NOUN	-
donama	NOUN	-
donan	VERB	-
donanabil	VERB	-
donanabilme	NOUN	-
donanma	NOUN	-
donanım	NOUN	-
donanış	NOUN	-
donat	VERB	-
donatabil	VERB	-
donatabilme	NOUN	-
donatan	NOUN	-
donatma	NOUN	-
donattır	VERB	-
donattırma	NOUN	-
donatı	NOUN	-
donatıl	VERB	-
donatılma	NOUN	-
donatım	NOUN	-
donatış	NOUN	-
donayaz	VERB	-
donayazma	NOUN	-
dondur	VERB	-
dondurabil	VERB	-
dondurabilme	NOUN	-
donduraç	NOUN	VOICING
dondurma	NOUN	-
dondurmaz	NOUN	-
dondurul	VERB	-
dondurulma	NOUN	-
dondurulmuş	ADJ	-
dondurulmuş	NOUN	-
done	NOUN	-
donma	NOUN	-
donra	NOUN	-
donuk	ADJ	VOICING
donuk	NOUN	VOICING
donuklaş	VERB	-
donuklaştır	VERB	-
donut	NOUN	-
donuver	VERB	-
donuverme	NOUN	-
donör	NOUN	-
doping	NOUN	-
dopingle	VERB	-
dopingleme	NOUN	-
dore	ADJ	-
dore	NOUN	-
dorse	NOUN	-
doru	ADJ	-
doru	NOUN	-
doruk	NOUN	VOICING
dorukla	VERB	-
doruklama	ADV	-
doruklama	NOUN	-
dorum	NOUN	-
dosdoğru	ADJ	-
dosdoğru	ADV	-
dost	ADJ	-
dost	NOUN	-
dostane	ADV	-
dostlaş	VERB	-
dostça	ADJ	-
dostça	ADV	-
dostça	NOUN	-
dosya	NOUN	-
dosyala	VERB	-
dosyalama	NOUN	-
dosyalan	VERB	-
doy	VERB	-
doyabil	VERB	-
doyabilme	NOUN	-
doyasıya	ADV	-
doyasıya	NOUN	-
doygu	NOUN	-
doygun	ADJ	-
doygun	NOUN	-
doygunlaş	VERB	-
doyma	NOUN	-
doymaz	ADJ	-
doymuş	ADJ	-
doymuş	NOUN	-
doyul	VERB	-
doyulma	NOUN	-
doyum	NOUN	-
doyumevi	NOUN	-
doyumsuzca	ADV	-
doyun	VERB	-
doyunma	NOUN	-
doyur	VERB	-
doyurabil	VERB	-
doyurabilme	NOUN	-
doyuran	ADJ	-
doyuran	NOUN	-
doyurma	NOUN	-
doyurul	VERB	-
doyurulma	NOUN	-
doyuruş	NOUN	-
doyuver	VERB	-
doyuverme	NOUN	-
doyuş	NOUN	-
doz	NOUN	-
dozaj	NOUN	-
dozer	NOUN	-
doçent	NOUN	-
doğ	VERB	-
doğa	NOUN	-
doğabil	VERB	-
doğabilme	NOUN	-
doğal	ADJ	-
doğal	NOUN	-
doğallaş	VERB	-
doğallaştır	VERB	-
doğallıkla	ADV	-
doğan	NOUN	-
doğancıbaşı	NOUN	-
doğasever	ADJ	-
doğayaz	VERB	-
doğayazma	NOUN	-
doğaç	NOUN	VOICING
doğaçla	VERB	-
doğaçlama	ADV	-
doğaçlama	NOUN	-
doğaçtan	ADV	-
doğaötesi	ADJ	-
doğaötesi	NOUN	-
doğaüstü	ADJ	-
doğdur	VERB	-
doğdurma	NOUN	-
doğma	ADJ	-
doğma	NOUN	-
doğmaca	ADV	-
doğra	VERB	-
doğram	NOUN	-
doğrama	NOUN	-
doğran	VERB	-
doğranma	NOUN	-
doğranış	NOUN	-
doğrat	VERB	-
doğratma	NOUN	-
doğrayabil	VERB	-
doğrayabilme	NOUN	-
doğrayış	NOUN	-
doğru	ADJ	-
doğru	ADV	-
doğru	INTERJ	-
doğru	NOUN	-
doğru	POSTP	-
doğruca	ADJ	-
doğruca	ADV	-
doğrudan	ADJ	-
doğrudan	ADV	-
doğrul	VERB	-
doğrula	VERB	-
doğrulabil	VERB	-
doğrulabilme	NOUN	-
doğrulama	NOUN	-
doğrulan	VERB	-
doğrulat	VERB	-
doğrulatabil	VERB	-
doğrulatabilme	NOUN	-
doğrulatma	NOUN	-
doğrulayabil	VERB	-
doğrulayabilme	NOUN	-
doğrulayış	NOUN	-
doğrulma	NOUN	-
doğrult	VERB	-
doğrultabil	VERB	-
doğrultabilme	NOUN	-
doğrultma	NOUN	-
doğrultman	NOUN	-
doğrultmaç	NOUN	VOICING
doğrultu	NOUN	-
doğrultuş	NOUN	-
doğrulum	NOUN	-
doğruluver	VERB	-
doğruluverme	NOUN	-
doğruluş	NOUN	-
doğrusal	ADJ	-
doğrusal	NOUN	-
doğrusu	ADV	-
doğu	ADJ	-
doğu	NOUN	-
doğum	NOUN	-
doğumevi	NOUN	-
doğumhane	NOUN	-
doğumsal	ADJ	-
doğur	VERB	-
doğurabil	VERB	-
doğurabilme	NOUN	-
doğuranlar	NOUN	-
doğurgan	ADJ	-
doğurgan	NOUN	-
doğurganlaş	VERB	-
doğurganlaştır	VERB	-
doğurgu	NOUN	-
doğurma	NOUN	-
doğurt	VERB	-
doğurtabil	VERB	-
doğurtabilme	NOUN	-
doğurtma	NOUN	-
doğuruver	VERB	-
doğuruverme	NOUN	-
doğuruş	NOUN	-
doğuver	VERB	-
doğuverme	NOUN	-
doğuş	NOUN	-
doğuştan	ADJ	-
doğuştan	ADV	-
dragoman	NOUN	-
dragon	NOUN	-
drahmi	NOUN	-
drahoma	NOUN	-
draje	NOUN	-
dram	NOUN	-
drama	NOUN	-
dramatik	ADJ	-
dramatik	NOUN	-
dramatikleş	VERB	-
dramatikleştir	VERB	-
dramatize	ADJ	-
dramatize	NOUN	-
dramaturg	NOUN	-
dramaturji	NOUN	-
dren	NOUN	-
drenaj	NOUN	-
dretnot	NOUN	-
drezin	NOUN	-
dreç	NOUN	VOICING
dribbling	NOUN	-
drift	NOUN	-
drog	NOUN	-
drosera	NOUN	-
droseragiller	NOUN	-
dua	NOUN	-
duahan	NOUN	-
duayen	NOUN	-
duba	NOUN	-
dubar	NOUN	-
dubara	NOUN	-
dublaj	NOUN	-
duble	ADJ	-
duble	NOUN	-
dubleks	ADJ	-
dublör	NOUN	-
dubniyum	NOUN	-
dudak	NOUN	VOICING
dudakdeğmez	NOUN	-
dudaksıl	ADJ	-
dudu	NOUN	-
duetto	NOUN	-
duhul	NOUN	VOWEL_DROP
duhuliye	NOUN	-
duka	NOUN	-
dul	NOUN	-
dulda	NOUN	-
duldala	VERB	-
duldalama	NOUN	-
duldalan	VERB	-
duman	NOUN	-
dumanla	VERB	-
dumanlama	NOUN	-
dumanlan	VERB	-
dumağı	NOUN	-
dumping	NOUN	-
dumur	NOUN	-
dun	ADJ	-
dun	NOUN	-
dupduru	ADJ	-
dur	VERB	-
durabil	VERB	-
durabilme	NOUN	-
duradur	ADJ	-
durak	NOUN	VOICING
durakal	VERB	-
durakalma	NOUN	-
durakla	VERB	-
duraklama	NOUN	-
duraklat	VERB	-
duraklatma	NOUN	-
duraklatış	NOUN	-
duraklayış	NOUN	-
duraksa	VERB	-
duraksama	NOUN	-
duraksat	VERB	-
duraksatma	NOUN	-
duraksayış	NOUN	-
dural	ADJ	-
durala	VERB	-
duralama	NOUN	-
duralat	VERB	-
duralatma	NOUN	-
duralayış	NOUN	-
durayaz	VERB	-
durayazma	NOUN	-
duraç	NOUN	VOICING
durağan	ADJ	-
durağan	NOUN	-
durağanlaş	VERB	-
durdur	VERB	-
durdurabil	VERB	-
durdurabilme	NOUN	-
durdurma	NOUN	-
durdurt	VERB	-
durdurtma	NOUN	-
durdurul	VERB	-
durdurulma	NOUN	-
durduruver	VERB	-
durduruverme	NOUN	-
durduruş	NOUN	-
durgu	NOUN	-
durgun	ADJ	-
durgun	NOUN	-
durgunlaş	VERB	-
durgunlaştır	VERB	-
durma	NOUN	-
durmadan	ADV	-
durmaksızın	ADV	-
durmaksızın	NOUN	-
duru	ADJ	-
duru	NOUN	-
duruk	ADJ	VOICING
duruk	NOUN	VOICING
duruksun	ADJ	-
durul	VERB	-
durula	VERB	-
durulama	NOUN	-
durulan	VERB	-
durulaş	VERB	-
durulaştır	VERB	-
durulma	NOUN	-
durult	VERB	-
durultma	NOUN	-
duruluver	VERB	-
duruluverme	NOUN	-
durum	NOUN	-
duruver	VERB	-
duruverme	NOUN	-
duruş	NOUN	-
duruşma	NOUN	-
dut	NOUN	-
dutgiller	NOUN	-
dutçu	NOUN	-
duvak	NOUN	VOICING
duvakla	VERB	-
duvaklama	NOUN	-
duvaklan	VERB	-
duvaklıca	NOUN	-
duvakçı	NOUN	-
duvar	NOUN	-
duvarsedefi	NOUN	-
duy	NOUN	-
duy	VERB	-
duyabil	VERB	-
duyabilme	NOUN	-
duyar	ADJ	-
duyar	NOUN	-
duyarga	NOUN	-
duyargalılar	NOUN	-
duyarlılaş	VERB	-
duyarsızca	ADV	-
duyarsızlaş	VERB	-
duyarsızlaştır	VERB	-
duygan	ADJ	-
duygu	NOUN	-
duyguca	ADV	-
duygudaş	NOUN	-
duygulan	VERB	-
duygulandır	VERB	-
duygulanım	NOUN	-
duygulanıver	VERB	-
duygulanıverme	NOUN	-
duygulanış	NOUN	-
duygun	ADJ	-
duygusal	ADJ	-
duygusal	NOUN	-
duyma	NOUN	-
duymazlan	VERB	-
duysal	ADJ	-
duyu	NOUN	-
duyul	VERB	-
duyulabil	VERB	-
duyulabilme	NOUN	-
duyulma	NOUN	-
duyulmamış	ADJ	-
duyultu	NOUN	-
duyuluş	NOUN	-
duyum	NOUN	-
duyumsa	VERB	-
duyumsal	ADJ	-
duyumsal	NOUN	-
duyumsama	NOUN	-
duyumsat	VERB	-
duyumsatma	NOUN	-
duyumsayış	NOUN	-
duyumölçer	NOUN	-
duyur	VERB	-
duyurabil	VERB	-
duyurabilme	NOUN	-
duyurma	NOUN	-
duyurt	VERB	-
duyurtma	NOUN	-
duyuru	NOUN	-
duyurul	VERB	-
duyurulma	NOUN	-
duyurum	NOUN	-
duyuruş	NOUN	-
duyusal	ADJ	-
duyusal	NOUN	-
duyuver	VERB	-
duyuverme	NOUN	-
duyuüstü	ADJ	-
duyuüstü	NOUN	-
duyuş	NOUN	-
duş	NOUN	-
duşak	NOUN	VOICING
duşakla	VERB	-
duşaklama	NOUN	-
dâhi	NOUN	-
dâhice	ADJ	-
dâhice	ADV	-
dâhil	ADV	-
dâhil	NOUN	-
dâhilen	ADV	-
dâhilen	NOUN	-
dâhiliye	NOUN	-
dâhilî	ADJ	-
dâhiyane	ADV	-
dök	VERB	-
dökebil	VERB	-
dökebilme	NOUN	-
dökme	ADJ	-
dökme	NOUN	-
döktür	VERB	-
döktürebil	VERB	-
döktürebilme	NOUN	-
döktürme	NOUN	-
döktürt	VERB	-
döktürtme	NOUN	-
döktürüş	NOUN	-
dökük	ADJ	-
dökük	NOUN	-
dökül	VERB	-
dökülebil	VERB	-
dökülebilme	NOUN	-
dökülgen	ADJ	-
dökülgen	NOUN	-
dökülme	NOUN	-
dökülüver	VERB	-
dökülüverme	NOUN	-
dökülüş	NOUN	-
döküm	ADJ	-
döküm	NOUN	-
dökümevi	NOUN	-
dökümhane	NOUN	-
dökümle	VERB	-
dökümleme	NOUN	-
dökün	VERB	-
dökünme	NOUN	-
döküntü	ADJ	-
döküntü	NOUN	-
dökünüş	NOUN	-
döküver	VERB	-
döküverme	NOUN	-
döküş	NOUN	-
döl	NOUN	-
dölek	ADJ	-
dölek	NOUN	-
dölle	VERB	-
dölleme	NOUN	-
döllen	VERB	-
döllendir	VERB	-
dölleniş	NOUN	-
dölleyebil	VERB	-
dölleyebilme	NOUN	-
dölüt	NOUN	-
dömifinal	NOUN	-
dömivole	NOUN	-
dön	VERB	-
dönbaba	NOUN	-
döndür	VERB	-
döndürebil	VERB	-
döndürebilme	NOUN	-
döndürme	NOUN	-
döndürt	VERB	-
döndürtme	NOUN	-
döndürül	VERB	-
döndürülme	NOUN	-
döndürüş	NOUN	-
dönebil	VERB	-
dönebilme	NOUN	-
dönek	ADJ	VOICING
dönekçe	ADJ	-
dönekçe	ADV	-
dönel	ADJ	-
dönel	VERB	-
dönele	VERB	-
döneleme	NOUN	-
dönelme	NOUN	-
dönem	NOUN	-
dönemeç	NOUN	VOICING
dönen	VERB	-
dönence	NOUN	-
dönencel	ADJ	-
dönenme	NOUN	-
döner	ADJ	-
döner	NOUN	-
döneç	NOUN	VOICING
döngel	NOUN	-
döngü	NOUN	-
dönme	ADJ	-
dönme	NOUN	-
dönük	ADJ	-
dönük	NOUN	-
dönül	VERB	-
dönülme	NOUN	-
dönüm	NOUN	-
dönümlerce	ADJ	-
dönüt	NOUN	-
dönüver	VERB	-
dönüverme	NOUN	-
dönüş	NOUN	-
dönüş	VERB	-
dönüşebil	VERB	-
dönüşebilme	NOUN	-
dönüşme	NOUN	-
dönüştür	VERB	-
dönüştürme	NOUN	-
dönüştürül	VERB	-
dönüştürülebil	VERB	-
dönüştürülebilme	NOUN	-
dönüştürülme	NOUN	-
dönüştürüm	NOUN	-
dönüşüm	NOUN	-
dönüşüver	VERB	-
dönüşüverme	NOUN	-
döper	NOUN	-
döpiyes	NOUN	-
dörder	ADJ	-
dörder	NOUN	-
dördül	NOUN	-
dördün	NOUN	-
dördüz	ADJ	-
dördüz	NOUN	-
dördüzleme	NOUN	-
dört	ADJ	VOICING
dört	NOUN	VOICING
dörtcihar	NOUN	-
dörtgen	ADJ	-
dörtgen	NOUN	-
dörtkenar	NOUN	-
dörtköşe	ADJ	-
dörtle	VERB	-
dörtleme	NOUN	-
dörtnal	NOUN	-
dörtnala	ADV	-
dörtnala	NOUN	-
dörttek	NOUN	-
dörtçeker	NOUN	-
dörtçifte	NOUN	-
döteryum	NOUN	-
döv	VERB	-
dövdür	VERB	-
dövdürme	NOUN	-
dövdürt	VERB	-
dövdürtme	NOUN	-
dövdürtül	VERB	-
dövdürtülme	NOUN	-
dövdürül	VERB	-
dövdürülme	NOUN	-
dövebil	VERB	-
dövebilme	NOUN	-
döveç	NOUN	VOICING
döviz	NOUN	-
dövizzede	NOUN	-
dövme	ADJ	-
dövme	NOUN	-
dövül	VERB	-
dövülgen	ADJ	-
dövülme	NOUN	-
dövülüş	NOUN	-
dövün	VERB	-
dövünme	NOUN	-
dövünüş	NOUN	-
dövüş	NOUN	-
dövüş	VERB	-
dövüşebil	VERB	-
dövüşebilme	NOUN	-
dövüşken	ADJ	-
dövüşme	NOUN	-
dövüştür	VERB	-
dövüştürebil	VERB	-
dövüştürebilme	NOUN	-
dövüştürme	NOUN	-
dövüşçü	NOUN	-
döş	NOUN	-
döşe	VERB	-
döşek	NOUN	VOICING
döşem	NOUN	-
döşeme	NOUN	-
döşen	VERB	-
döşenebil	VERB	-
döşenebilme	NOUN	-
döşeniş	NOUN	-
döşenme	NOUN	-
döşet	VERB	-
döşetebil	VERB	-
döşetebilme	NOUN	-
döşetil	VERB	-
döşetilme	NOUN	-
döşetme	NOUN	-
döşeyebil	VERB	-
döşeyebilme	NOUN	-
döşeyiş	NOUN	-
döşgömü	NOUN	-
dü	NOUN	-
düalist	ADJ	-
düalizm	NOUN	-
dübel	NOUN	-
dübeş	NOUN	-
düden	NOUN	-
düdük	ADJ	VOICING
düdük	NOUN	VOICING
düdükle	VERB	-
düdükleme	NOUN	-
düdükçü	NOUN	-
düello	NOUN	-
düet	NOUN	-
dügâh	NOUN	-
dük	NOUN	-
dükkân	NOUN	-
düldül	NOUN	-
dülek	NOUN	VOICING
dülger	NOUN	-
dümbelek	ADJ	VOICING
dümbelek	NOUN	VOICING
dümbelekçi	NOUN	-
dümbük	NOUN	VOICING
dümbüldek	NOUN	VOICING
dümdar	NOUN	-
dümdüz	ADJ	-
dümdüz	NOUN	-
dümen	NOUN	-
dümenden	ADV	-
dümenevi	NOUN	-
dümtek	NOUN	-
dün	ADV	-
dün	NOUN	-
dünden	ADV	-
dünit	NOUN	-
dünkü	ADJ	-
dünkü	NOUN	-
dünya	NOUN	-
dünya	PRON	-
dünyada	ADV	-
dünyaevi	NOUN	-
dünyasal	ADJ	-
dünyasallaş	VERB	-
dünyevi	ADJ	-
dünyevileş	VERB	-
dünür	NOUN	-
düpedüz	ADV	-
düpedüz	NOUN	-
dür	VERB	-
dürbün	NOUN	-
dürebil	VERB	-
dürebilme	NOUN	-
dürme	NOUN	-
dürmece	NOUN	-
dürt	VERB	-
dürtele	VERB	-
dürteleme	NOUN	-
dürtme	NOUN	-
dürtü	NOUN	-
dürtükle	VERB	-
dürtükleme	NOUN	-
dürtül	VERB	-
dürtülme	NOUN	-
dürtüş	NOUN	-
dürtüş	VERB	-
dürtüşle	VERB	-
dürtüşleme	NOUN	-
dürtüşme	NOUN	-
dürtüştür	VERB	-
dürtüştürme	NOUN	-
dürzü	INTERJ	-
dürü	NOUN	-
dürül	VERB	-
dürülme	NOUN	-
dürülüş	NOUN	-
dürüm	NOUN	-
dürümle	VERB	-
dürümleme	NOUN	-
dürüst	ADJ	-
dürüst	NOUN	-
dürüşt	ADJ	-
düse	NOUN	-
düstur	NOUN	-
düttürü	ADJ	-
düttürü	NOUN	-
düve	NOUN	-
düvel	NOUN	-
düven	NOUN	-
düver	NOUN	-
düvesi	VERB	-
düvesime	NOUN	-
düyek	NOUN	-
düyun	NOUN	-
düz	ADJ	-
düz	NOUN	-
düz	VERB	-
düzayak	ADJ	VOICING
düzayak	NOUN	VOICING
düzce	ADJ	-
düzdür	VERB	-
düzdürme	NOUN	-
düze	NOUN	-
düze	VERB	-
düzebil	VERB	-
düzebilme	NOUN	-
düzel	VERB	-
düzelebil	VERB	-
düzelebilme	NOUN	-
düzeliş	NOUN	-
düzelme	NOUN	-
düzelt	VERB	-
düzeltebil	VERB	-
düzeltebilme	NOUN	-
düzelti	NOUN	-
düzeltil	VERB	-
düzeltilebil	VERB	-
düzeltilebilme	NOUN	-
düzeltilme	NOUN	-
düzeltim	NOUN	-
düzeltiş	NOUN	-
düzeltme	NOUN	-
düzeltmen	NOUN	-
düzelttir	VERB	-
düzelttirme	NOUN	-
düzem	NOUN	-
düzeme	NOUN	-
düzen	NOUN	-
düzenbaz	ADJ	-
düzence	NOUN	-
düzenek	NOUN	VOICING
düzenle	VERB	-
düzenleme	NOUN	-
düzenlen	VERB	-
düzenlenebil	VERB	-
düzenlenebilme	NOUN	-
düzenleniş	NOUN	-
düzenlet	VERB	-
düzenletebil	VERB	-
düzenletebilme	NOUN	-
düzenletme	NOUN	-
düzenlettir	VERB	-
düzenlettirme	NOUN	-
düzenleyebil	VERB	-
düzenleyebilme	NOUN	-
düzenleyim	NOUN	-
düzenleyiş	NOUN	-
düzenleşik	ADJ	-
düzenleşik	NOUN	-
düzenleşim	NOUN	-
düzenti	NOUN	-
düzentileme	NOUN	-
düzey	NOUN	-
düzeysizce	ADV	-
düzeç	NOUN	VOICING
düzeçleme	NOUN	-
düzgü	NOUN	-
düzgün	ADJ	-
düzgün	ADV	-
düzgün	NOUN	-
düzgünce	ADJ	-
düzgünce	ADV	-
düzgüsel	ADJ	-
düzgüsel	NOUN	-
düziko	NOUN	-
düzine	ADJ	-
düzine	NOUN	-
düzle	VERB	-
düzlem	ADJ	-
düzlem	NOUN	-
düzleme	NOUN	-
düzlemleştir	VERB	-
düzlemsel	ADJ	-
düzlen	VERB	-
düzlet	VERB	-
düzletme	NOUN	-
düzleş	VERB	-
düzleştir	VERB	-
düzme	ADJ	-
düzme	NOUN	-
düzmece	ADJ	-
düztaban	ADJ	-
düztaban	NOUN	-
düzyazı	NOUN	-
düzül	VERB	-
düzülme	NOUN	-
düçar	ADJ	-
düğ	VERB	-
düğme	NOUN	-
düğmele	VERB	-
düğmeleme	NOUN	-
düğmelen	VERB	-
düğmük	NOUN	VOICING
düğü	NOUN	-
düğüm	NOUN	-
düğümcük	NOUN	VOICING
düğümle	VERB	-
düğümleme	NOUN	-
düğümlen	VERB	-
düğümleyebil	VERB	-
düğümleyebilme	NOUN	-
düğün	NOUN	-
düğüncübaşı	NOUN	-
düğünevi	NOUN	-
düğürcük	NOUN	VOICING
düş	NOUN	-
düş	VERB	-
düşebil	VERB	-
düşebilme	NOUN	-
düşes	NOUN	-
düşey	ADJ	-
düşeyaz	VERB	-
düşeyazma	NOUN	-
düşeş	NOUN	-
düşkü	NOUN	-
düşkün	ADJ	-
düşkün	NOUN	-
düşkünlerevi	NOUN	-
düşkünleş	VERB	-
düşle	VERB	-
düşlem	NOUN	-
düşleme	NOUN	-
düşlemsel	ADJ	-
düşleyebil	VERB	-
düşleyebilme	NOUN	-
düşleyiş	NOUN	-
düşman	ADJ	-
düşman	NOUN	-
düşmanca	ADJ	-
düşmanca	ADV	-
düşmancasına	ADV	-
düşmanlaş	VERB	-
düşmanlaştır	VERB	-
düşme	NOUN	-
düşsel	ADJ	-
düşçü	ADJ	-
düşük	ADJ	VOICING
düşük	NOUN	VOICING
düşün	NOUN	-
düşün	VERB	-
düşünce	NOUN	-
düşüncel	ADJ	-
düşüncel	NOUN	-
düşüncelen	VERB	-
düşüncesizce	ADV	-
düşündeş	NOUN	-
düşündür	VERB	-
düşündürebil	VERB	-
düşündürebilme	NOUN	-
düşündürme	NOUN	-
düşündürt	VERB	-
düşündürtme	NOUN	-
düşünebil	VERB	-
düşünebilme	NOUN	-
düşünme	NOUN	-
düşünsel	ADJ	-
düşünül	VERB	-
düşünülebil	VERB	-
düşünülebilme	NOUN	-
düşünülme	NOUN	-
düşünüm	NOUN	-
düşünür	NOUN	-
düşünüver	VERB	-
düşünüverme	NOUN	-
düşünüş	NOUN	-
düşür	VERB	-
düşürebil	VERB	-
düşürebilme	NOUN	-
düşürme	NOUN	-
düşürt	VERB	-
düşürtme	NOUN	-
düşürttür	VERB	-
düşürttürme	NOUN	-
düşürül	VERB	-
düşürülme	NOUN	-
düşürüm	NOUN	-
düşürüver	VERB	-
düşürüverme	NOUN	-
düşürüş	NOUN	-
düşüt	NOUN	-
düşüver	VERB	-
düşüverme	NOUN	-
düşüş	NOUN	-
dılak	NOUN	VOICING
dımbırdat	VERB	-
dımbırdatma	NOUN	-
dımdızlak	ADJ	-
dımdızlak	NOUN	-
dımışki	NOUN	-
dıramudana	NOUN	-
dırdır	NOUN	-
dırdırlan	VERB	-
dırlan	VERB	-
dırlaş	VERB	-
dırıltı	NOUN	-
dızdık	NOUN	VOICING
dızdız	NOUN	-
dızla	VERB	-
dızlama	NOUN	-
dızman	ADJ	-
dığan	NOUN	-
dığdık	NOUN	VOICING
dığdığı	ADJ	-
dış	ADJ	-
dış	NOUN	-
dışarı	ADV	-
dışarı	NOUN	-
dışbeslenen	ADJ	-
dışbükey	ADJ	-
dışkı	NOUN	-
dışkıla	VERB	-
dışkılama	NOUN	-
dışkılayabil	VERB	-
dışkılayabilme	NOUN	-
dışkısever	NOUN	-
dışla	VERB	-
dışlama	NOUN	-
dışlan	VERB	-
dışlanabil	VERB	-
dışlanabilme	NOUN	-
dışlanış	NOUN	-
dışlayabil	VERB	-
dışlayabilme	NOUN	-
dışlayıver	VERB	-
dışlayıverme	NOUN	-
dışlayış	NOUN	-
dışlaştır	VERB	-
dışlaştırt	VERB	-
dışlaştırtma	NOUN	-
dışrak	ADJ	-
dışrakçı	ADJ	-
dışsal	ADJ	-
dışsallaş	VERB	-
dıştan	ADJ	-
dışık	NOUN	VOICING
dışında	NOUN	-
e	VERB	VOICING
ebabil	NOUN	-
ebat	NOUN	VOICING
ebcet	NOUN	VOICING
ebe	NOUN	-
ebebulguru	NOUN	-
ebediyen	ADV	-
ebediyen	NOUN	-
ebediyet	NOUN	-
ebedî	ADJ	-
ebedî	NOUN	-
ebedîleş	VERB	-
ebedîleştir	VERB	-
ebedîleştirebil	VERB	-
ebedîleştirebilme	NOUN	-
ebedîleştiril	VERB	-
ebedîleştirilme	NOUN	-
ebegümecigiller	NOUN	-
ebekuşağı	NOUN	-
ebele	VERB	-
ebeleme	NOUN	-
ebeleyiş	NOUN	-
ebemkuşağı	NOUN	-
ebet	NOUN	VOICING
ebeveyn	NOUN	-
ebişke	NOUN	-
ebleh	ADJ	-
eblehleş	VERB	-
ebonit	NOUN	-
ebru	NOUN	-
ebrula	VERB	-
ebrulama	NOUN	-
ebrulan	VERB	-
ebülyoskop	NOUN	VOICING
ecdat	NOUN	VOICING
ece	NOUN	-
ecel	NOUN	-
ecinni	NOUN	-
ecir	NOUN	VOWEL_DROP
ecnebi	ADJ	-
ecrimisil	NOUN	-
ecza	NOUN	-
eczane	NOUN	-
eda	NOUN	-
edat	NOUN	-
ede	NOUN	-
edeben	ADV	-
edebikelam	NOUN	-
edebil	VERB	-
edebilme	NOUN	-
edebiyat	NOUN	-
edebiyatsever	ADJ	-
edebiyatça	ADJ	-
edebiyatçı	NOUN	-
edebî	ADJ	-
edebî	NOUN	-
edeme	VERB	-
edep	NOUN	VOICING
edeplen	VERB	-
edeplendir	VERB	-
edepleniş	NOUN	-
edepsizce	ADJ	-
edepsizce	ADV	-
edepsizcesine	ADV	-
edepsizleş	VERB	-
eder	NOUN	-
edevat	NOUN	-
edi	NOUN	-
edibane	ADJ	-
edibane	ADV	-
edibe	NOUN	-
edik	NOUN	VOICING
edil	VERB	-
edilebil	VERB	-
edilebilme	NOUN	-
edilgen	ADJ	-
edilgen	NOUN	-
edilgenleş	VERB	-
edilgenleştir	VERB	-
edilgenleştirt	VERB	-
edilgenleştirtme	NOUN	-
edilgi	NOUN	-
edilgin	ADJ	-
edilgin	NOUN	-
edilme	NOUN	-
edim	NOUN	-
edimsel	ADJ	-
edin	VERB	-
edindir	VERB	-
edindirme	NOUN	-
edinebil	VERB	-
edinebilme	NOUN	-
edinil	VERB	-
edinilebil	VERB	-
edinilebilme	NOUN	-
edinilme	NOUN	-
edinim	NOUN	-
ediniver	VERB	-
ediniverme	NOUN	-
edinme	NOUN	-
edinti	NOUN	-
edinç	NOUN	VOICING
edip	NOUN	VOICING
edisyon	NOUN	-
editör	NOUN	-
ediver	VERB	-
ediverme	NOUN	-
edna	ADJ	-
edvar	NOUN	-
efdal	ADJ	-
efdal	NOUN	-
efe	NOUN	-
efece	ADJ	-
efece	ADV	-
efekt	NOUN	-
efektif	NOUN	-
efelek	NOUN	VOICING
efelen	VERB	-
efeleniş	NOUN	-
efeleş	VERB	-
efemine	ADJ	-
efendi	ADJ	-
efendi	INTERJ	-
efendi	NOUN	-
efendibaba	NOUN	-
efendibabacık	NOUN	VOICING
efendice	ADJ	-
efendice	ADV	-
efendicesine	ADV	-
efendicik	NOUN	VOICING
efendileş	VERB	-
efendim	INTERJ	-
efendim	NOUN	-
efilde	VERB	-
efildeme	NOUN	-
efile	VERB	-
efileme	NOUN	-
efkâr	NOUN	-
efkârlan	VERB	-
efkârlanış	NOUN	-
efkârıumumiye	NOUN	-
eflak	NOUN	-
eflatun	ADJ	-
eflatun	NOUN	-
eflatuni	ADJ	-
eflatuni	NOUN	-
eflatunsu	ADJ	-
eflatunumsu	ADJ	-
efor	NOUN	-
efrat	NOUN	VOICING
efriz	NOUN	-
efsane	NOUN	-
efsaneleş	VERB	-
efsaneleştir	VERB	-
efsaneleştiril	VERB	-
efsaneleştirilme	NOUN	-
efsanevi	ADJ	-
efsun	NOUN	-
efsunkâr	ADJ	-
efsunla	VERB	-
efsunlama	NOUN	-
efsunlan	VERB	-
efsus	INTERJ	-
egale	NOUN	-
egavla	VERB	-
egavlama	NOUN	-
ege	NOUN	-
egemen	ADJ	-
egemen	NOUN	-
eglog	NOUN	-
ego	NOUN	-
egoist	ADJ	-
egoizm	NOUN	-
egosantrik	ADJ	-
egosantrist	ADJ	-
egosantrizm	NOUN	-
egotizm	NOUN	-
egzama	NOUN	-
egzistansiyalist	ADJ	-
egzistansiyalizm	NOUN	-
egzogami	NOUN	-
egzomorfizm	NOUN	-
egzotik	ADJ	-
egzotizm	NOUN	-
egzoz	NOUN	-
eh	INTERJ	-
eh	NOUN	-
ehem	ADJ	-
ehemmiyet	NOUN	-
ehil	NOUN	VOWEL_DROP
ehlibeyit	NOUN	-
ehlidil	NOUN	-
ehlihibre	NOUN	-
ehlikeyif	NOUN	-
ehlikitap	ADJ	VOICING
ehlisalip	NOUN	VOICING
ehlisünnet	ADJ	-
ehlivukuf	NOUN	-
ehliyet	NOUN	-
ehliyetname	NOUN	-
ehlizevk	ADJ	-
ehlî	ADJ	-
ehlîleş	VERB	-
ehlîleştir	VERB	-
ehlîleştiril	VERB	-
ehlîleştirilme	NOUN	-
ehram	NOUN	-
ehven	ADJ	-
ehven	NOUN	-
ehveniyet	NOUN	-
ehvenişer	NOUN	-
ejder	NOUN	-
ejderha	NOUN	-
ejektör	NOUN	-
ek	ADJ	-
ek	NOUN	-
ek	VERB	-
ekalliyet	NOUN	-
ekarte	ADJ	-
eke	ADJ	-
eke	NOUN	-
ekebil	VERB	-
ekebilme	NOUN	-
ekecek	NOUN	VOICING
ekenek	NOUN	VOICING
ekil	VERB	-
ekiliş	NOUN	-
ekilme	NOUN	-
ekim	NOUN	-
ekin	NOUN	-
ekinezya	NOUN	-
ekinokok	NOUN	-
ekinoks	NOUN	-
ekinsel	ADJ	-
ekinti	NOUN	-
ekip	NOUN	VOICING
ekipman	NOUN	-
ekit	NOUN	-
ekle	VERB	-
eklektik	ADJ	-
eklektizm	NOUN	-
eklem	NOUN	-
ekleme	ADJ	-
ekleme	NOUN	-
eklemle	VERB	-
eklemleme	NOUN	-
eklemlen	VERB	-
eklemlendir	VERB	-
eklemliler	NOUN	-
eklemsizler	NOUN	-
eklen	VERB	-
eklenebil	VERB	-
eklenebilme	NOUN	-
ekleniver	VERB	-
ekleniverme	NOUN	-
ekleniş	NOUN	-
eklenti	NOUN	-
eklentiler	NOUN	-
ekler	NOUN	-
eklesil	NOUN	-
eklet	VERB	-
ekletebil	VERB	-
ekletebilme	NOUN	-
ekletme	NOUN	-
ekleyebil	VERB	-
ekleyebilme	NOUN	-
ekleyiver	VERB	-
ekleyiverme	NOUN	-
ekleyiş	NOUN	-
ekleş	VERB	-
ekleştir	VERB	-
ekliptik	NOUN	VOICING
ekme	NOUN	-
ekmek	NOUN	VOICING
ekmeksi	ADJ	-
ekmekçi	NOUN	-
ekmeğimsi	ADJ	-
eko	NOUN	-
ekol	NOUN	-
ekolog	NOUN	-
ekoloji	NOUN	-
ekolojik	ADJ	-
ekolojist	NOUN	-
ekolojizm	NOUN	-
ekonometri	NOUN	-
ekonomi	NOUN	-
ekonomik	ADJ	-
ekonomik	NOUN	-
ekonomist	NOUN	-
ekonomizm	NOUN	-
ekopraksi	NOUN	-
ekose	ADJ	-
ekosistem	NOUN	-
ekran	NOUN	-
ekru	ADJ	-
ekru	NOUN	-
eksantrik	ADJ	-
eksantrik	NOUN	-
eksaserbasyon	NOUN	-
ekselans	NOUN	-
eksen	NOUN	-
ekser	NOUN	-
ekseri	ADV	-
ekseriya	ADV	-
ekseriyet	NOUN	-
ekseriyetle	ADV	-
ekseriyetle	NOUN	-
eksi	ADJ	-
eksi	NOUN	-
eksibe	NOUN	-
eksibisyonizm	NOUN	-
eksik	ADJ	VOICING
eksik	NOUN	VOICING
eksiklen	VERB	-
eksiksizce	ADV	-
eksil	VERB	-
eksilen	NOUN	-
eksiliş	NOUN	-
eksilme	NOUN	-
eksilt	VERB	-
eksiltebil	VERB	-
eksiltebilme	NOUN	-
eksilti	NOUN	-
eksiltil	VERB	-
eksiltilme	NOUN	-
eksiltim	NOUN	-
eksiltme	NOUN	-
eksin	NOUN	-
ekskavatör	NOUN	-
eksper	NOUN	-
eksperimantalist	ADJ	-
eksperimantalizm	NOUN	-
ekspertiz	NOUN	-
eksperyans	NOUN	-
ekspoze	NOUN	-
ekspozisyon	NOUN	-
ekspres	ADJ	-
ekspres	NOUN	-
ekspresyonist	ADJ	-
ekspresyonizm	NOUN	-
ekstra	ADJ	-
ekstra	ADV	-
ekstrafor	NOUN	-
ekstrasistol	NOUN	-
ekstre	NOUN	-
ekstrem	ADJ	-
ekstrem	NOUN	-
ekti	ADJ	-
ekti	NOUN	-
ektir	VERB	-
ektirme	NOUN	-
ektoderm	NOUN	-
ekvator	NOUN	-
ekvatoral	NOUN	-
ekzotermik	ADJ	-
ekâbir	NOUN	-
ekü	NOUN	-
eküri	NOUN	-
ekşi	ADJ	-
ekşi	NOUN	-
ekşi	VERB	-
ekşikulak	NOUN	VOICING
ekşime	NOUN	-
ekşimik	NOUN	VOICING
ekşimsi	ADJ	-
ekşimsi	NOUN	-
ekşimtırak	ADJ	-
ekşit	VERB	-
ekşitil	VERB	-
ekşitilme	NOUN	-
ekşitme	NOUN	-
el	NOUN	-
el	VERB	VOICING
ela	ADJ	-
ela	NOUN	-
elaman	INTERJ	-
elan	ADV	-
elastik	ADJ	-
elastiki	ADJ	-
elastikiyet	NOUN	-
elbet	ADV	-
elbet	NOUN	-
elbette	ADV	-
elbette	NOUN	-
elbise	NOUN	-
elcik	NOUN	VOICING
elde	NOUN	-
elden	ADV	-
elden	NOUN	-
eldiven	NOUN	-
ele	VERB	-
elebaşı	NOUN	-
eleji	NOUN	-
elek	NOUN	VOICING
elekle	VERB	-
elekleme	NOUN	-
elektrifikasyon	NOUN	-
elektrik	NOUN	VOICING
elektrikle	VERB	-
elektrikleme	NOUN	-
elektriklen	VERB	-
elektriklendir	VERB	-
elektrikçi	NOUN	-
elektro	NOUN	-
elektrobiyoloji	NOUN	-
elektrobiyolojik	ADJ	-
elektrodinamik	ADJ	VOICING
elektrodinamik	NOUN	VOICING
elektrodinamometre	NOUN	-
elektrodiyaliz	NOUN	-
elektroensefalograf	NOUN	-
elektroensefalografi	NOUN	-
elektroensefalogram	NOUN	-
elektrofil	NOUN	-
elektrofon	NOUN	-
elektrogitar	NOUN	-
elektrojen	ADJ	-
elektrokaplama	NOUN	-
elektrokardiyograf	NOUN	-
elektrokardiyografi	NOUN	-
elektrokardiyogram	NOUN	-
elektrokimya	NOUN	-
elektrolit	NOUN	-
elektroliz	NOUN	-
elektromanyetik	ADJ	-
elektromanyetizma	NOUN	-
elektromekanik	NOUN	VOICING
elektrometalürji	NOUN	-
elektrometre	NOUN	-
elektromobil	NOUN	-
elektromotor	NOUN	-
elektromıknatıs	NOUN	-
elektron	NOUN	-
elektronegatif	ADJ	-
elektronik	ADJ	VOICING
elektronik	NOUN	VOICING
elektronikçi	NOUN	-
elektropozitif	ADJ	-
elektroradyoloji	NOUN	-
elektrosaz	NOUN	-
elektroskop	NOUN	-
elektrostatik	ADJ	VOICING
elektrostatik	NOUN	VOICING
elektrot	NOUN	VOICING
elektroteknik	ADJ	-
elektroşok	NOUN	-
elekçi	NOUN	-
elem	NOUN	-
eleman	NOUN	-
eleme	NOUN	-
element	NOUN	-
elemge	NOUN	-
elen	VERB	-
eleniş	NOUN	-
elenme	NOUN	-
elense	NOUN	-
elenti	NOUN	-
elet	VERB	-
eletme	NOUN	-
eleyebil	VERB	-
eleyebilme	NOUN	-
eleyiş	NOUN	-
elezer	ADJ	-
eleğimsağma	NOUN	-
eleştir	VERB	-
eleştirel	ADJ	-
eleştirel	NOUN	-
eleştiri	NOUN	-
eleştiril	VERB	-
eleştirilebil	VERB	-
eleştirilebilme	NOUN	-
eleştiriliş	NOUN	-
eleştirilme	NOUN	-
eleştirim	NOUN	-
eleştirisel	ADJ	-
eleştiriyel	ADJ	-
eleştiriş	NOUN	-
eleştirme	NOUN	-
eleştirmen	NOUN	-
elgin	ADJ	-
elhak	ADV	-
elhamdülillah	INTERJ	-
elhasıl	ADV	-
elibelinde	NOUN	-
eliböğründe	NOUN	-
elif	NOUN	-
elifba	NOUN	-
elifbe	NOUN	-
elifî	ADJ	-
elik	NOUN	VOICING
elim	ADJ	-
eliminasyon	NOUN	-
elimine	ADJ	-
elimsende	NOUN	-
elinden	NOUN	-
elips	NOUN	-
elipsoidal	ADJ	-
elipsoit	ADJ	VOICING
elipsoit	NOUN	VOICING
eliptik	ADJ	-
eliptik	NOUN	-
elit	ADJ	-
eliyle	ADV	-
elk	NOUN	-
elkızı	NOUN	-
elle	VERB	-
elleme	ADJ	-
elleme	NOUN	-
ellen	VERB	-
ellenebil	VERB	-
ellenebilme	NOUN	-
ellet	VERB	-
elletme	NOUN	-
ellettir	VERB	-
ellettirme	NOUN	-
elleyebil	VERB	-
elleyebilme	NOUN	-
elleyiş	NOUN	-
elleçle	VERB	-
elleçleme	NOUN	-
elleçlen	VERB	-
elleş	VERB	-
ellibir	NOUN	-
ellişer	ADJ	-
ellişer	NOUN	-
elma	NOUN	-
elmabaş	NOUN	-
elmacık	NOUN	VOICING
elmamsı	ADJ	-
elmas	ADJ	-
elmas	NOUN	-
elmasiye	NOUN	-
elmastıraş	ADJ	-
elmastıraş	NOUN	-
elmasımsı	ADJ	-
elti	NOUN	-
eltieltiyeküstü	NOUN	-
elvan	ADJ	-
elvan	NOUN	-
elveda	INTERJ	-
elveda	NOUN	-
elver	VERB	-
elverdiğince	ADV	-
elverme	NOUN	-
elyaf	ADJ	-
elyaf	NOUN	-
elzem	ADJ	-
elçek	NOUN	VOICING
elçi	NOUN	-
elçim	NOUN	-
elöpen	NOUN	-
em	NOUN	-
em	VERB	-
eman	NOUN	-
emanet	NOUN	-
emaneten	ADV	-
emanetçi	NOUN	-
emare	NOUN	-
emarecik	NOUN	VOICING
emaret	NOUN	-
emay	NOUN	-
emaye	ADJ	-
emaye	NOUN	-
emayla	VERB	-
emaylama	NOUN	-
embesil	ADJ	-
embriyo	NOUN	-
embriyolog	NOUN	-
embriyoloji	NOUN	-
embriyolojik	ADJ	-
emcek	NOUN	VOICING
emcik	NOUN	VOICING
emdir	VERB	-
emdirebil	VERB	-
emdirebilme	NOUN	-
emdirme	NOUN	-
emdirt	VERB	-
emdirtme	NOUN	-
emebil	VERB	-
emebilme	NOUN	-
emekle	VERB	-
emekleme	NOUN	-
emektar	ADJ	-
emektar	NOUN	-
emekçi	NOUN	-
emel	NOUN	-
emen	NOUN	-
emeç	NOUN	VOICING
emik	NOUN	VOICING
emil	VERB	-
emilebil	VERB	-
emilebilme	NOUN	-
emilme	NOUN	-
emin	ADJ	-
emin	NOUN	-
emir	NOUN	VOWEL_DROP
emirber	NOUN	-
emircik	NOUN	VOICING
emirname	NOUN	-
emisyon	NOUN	-
emiş	NOUN	-
emiş	VERB	-
emişme	NOUN	-
emiştir	VERB	-
emiştirme	NOUN	-
emlak	NOUN	-
emlakçı	NOUN	-
emle	VERB	-
emleme	NOUN	-
emme	NOUN	-
emmeç	NOUN	VOICING
emmi	NOUN	-
emniyet	NOUN	-
emoji	NOUN	-
empati	NOUN	-
empermeabl	ADJ	-
empermeabl	NOUN	-
emperyalist	ADJ	-
emperyalizm	NOUN	-
empirme	ADJ	-
empirme	NOUN	-
empoze	ADJ	-
empresyonist	ADJ	-
empresyonizm	NOUN	-
emprezaryo	NOUN	-
emprime	ADJ	-
emprime	NOUN	-
emprovizasyon	NOUN	-
emprovize	ADV	-
emraz	NOUN	-
emredebil	VERB	-
emredebilme	NOUN	-
emredil	VERB	-
emredilme	NOUN	-
emrediş	NOUN	-
emret	VERB	-
emretme	NOUN	-
emreyle	VERB	-
emreyleme	NOUN	-
emrihak	NOUN	-
emrivaki	NOUN	-
emrolun	VERB	-
emrolunma	NOUN	-
emsal	NOUN	-
emtia	NOUN	-
emval	NOUN	-
emzik	NOUN	VOICING
emzir	VERB	-
emzirebil	VERB	-
emzirebilme	NOUN	-
emziril	VERB	-
emzirilme	NOUN	-
emziriş	NOUN	-
emzirme	NOUN	-
emzirt	VERB	-
emzirtme	NOUN	-
emîr	NOUN	-
en	ADV	-
en	NOUN	-
enam	NOUN	-
enaniyet	NOUN	-
enayi	ADJ	-
enayi	NOUN	-
enayice	ADV	-
enayicesine	ADV	-
enayileş	VERB	-
enberi	NOUN	-
enbiya	NOUN	-
encam	NOUN	-
encümen	NOUN	-
endam	NOUN	-
endaze	NOUN	-
endazele	VERB	-
endazeleme	NOUN	-
endeks	NOUN	-
endeksle	VERB	-
endeksleme	NOUN	-
endekslen	VERB	-
endekslet	VERB	-
endeksletme	NOUN	-
endemik	ADJ	-
endemik	NOUN	-
ender	ADJ	-
ender	ADV	-
enderun	NOUN	-
endirekt	ADJ	-
endişe	NOUN	-
endişelen	VERB	-
endişelendir	VERB	-
endişelenebil	VERB	-
endişelenebilme	NOUN	-
endişelice	ADV	-
endişesizce	ADV	-
endoderm	NOUN	-
endogami	NOUN	-
endokrin	NOUN	-
endokrinoloji	NOUN	-
endokrinolojik	ADJ	-
endoskop	NOUN	-
endoskopi	NOUN	-
endoskopik	ADJ	-
endotermik	ADJ	-
endüksiyon	NOUN	-
endüstri	NOUN	-
endüstrileş	VERB	-
endüstriyalizm	NOUN	-
endüstriyel	ADJ	-
ene	VERB	-
enek	ADJ	-
enek	NOUN	-
eneme	NOUN	-
enen	VERB	-
enenme	NOUN	-
enerji	NOUN	-
enerjik	ADJ	-
enerjik	NOUN	-
enez	ADJ	-
eneze	ADJ	-
enfarktüs	NOUN	-
enfeksiyon	NOUN	-
enfekte	ADJ	-
enfes	ADJ	-
enfiye	NOUN	-
enflamasyon	NOUN	-
enflasyon	NOUN	-
enflasyonist	ADJ	-
enflüanza	NOUN	-
enformasyon	NOUN	-
enformatik	NOUN	VOICING
enfraruj	NOUN	-
enfrastrüktür	NOUN	-
enfüsi	NOUN	-
engebe	NOUN	-
engel	NOUN	-
engelle	VERB	-
engelleme	NOUN	-
engellen	VERB	-
engelleniş	NOUN	-
engellet	VERB	-
engelletme	NOUN	-
engelleyebil	VERB	-
engelleyebilme	NOUN	-
engelleyim	NOUN	-
engelleyiş	NOUN	-
engerek	NOUN	VOICING
engerekgiller	NOUN	-
engin	ADJ	-
engin	NOUN	-
enginar	NOUN	-
enginleş	VERB	-
engizisyon	NOUN	-
enik	NOUN	VOICING
enikle	VERB	-
enikleme	NOUN	-
enikonu	ADV	-
enin	NOUN	-
enir	NOUN	-
enişte	NOUN	-
enjeksiyon	NOUN	-
enjekte	ADJ	-
enjektör	NOUN	-
enkaz	NOUN	-
enlem	NOUN	-
enlemesine	ADV	-
enlice	ADJ	-
ensar	NOUN	-
ense	NOUN	-
ensefal	NOUN	-
ensefalit	NOUN	-
ensele	VERB	-
enseleme	NOUN	-
enselen	VERB	-
enselet	VERB	-
enseletme	NOUN	-
enseleyebil	VERB	-
enseleyebilme	NOUN	-
ensest	NOUN	-
enstantane	ADJ	-
enstantane	NOUN	-
enstitü	NOUN	-
enstrüman	NOUN	-
enstrümantal	ADJ	-
enstrümantal	NOUN	-
enstrümantalizm	NOUN	-
entari	NOUN	-
entegrasyon	NOUN	-
entegre	ADJ	-
entel	ADJ	-
entel	NOUN	-
entelekt	NOUN	-
entelektüalizm	NOUN	-
entelektüel	ADJ	-
entelektüel	NOUN	-
entelekya	NOUN	-
enteresan	ADJ	-
enterfon	NOUN	-
enterit	NOUN	-
enternasyonal	NOUN	-
enternasyonalist	ADJ	-
enternasyonalizm	NOUN	-
enterne	ADJ	-
enterograf	NOUN	-
enterosel	NOUN	-
enterostomi	NOUN	-
entertip	NOUN	-
entimem	NOUN	-
entipüften	ADJ	-
entipüften	NOUN	-
entomolog	NOUN	-
entomoloji	NOUN	-
entomolojik	ADJ	-
entomolojist	NOUN	-
entrika	NOUN	-
entropi	NOUN	-
entübasyon	NOUN	-
entübe	ADJ	-
enva	NOUN	-
envaiçeşit	ADJ	VOICING
envanter	NOUN	-
envestisman	NOUN	-
enzim	NOUN	-
enöte	NOUN	-
eosen	NOUN	-
epe	NOUN	-
eper	NOUN	-
epey	ADV	-
epeyce	ADV	-
epeyi	ADV	-
epeyice	ADV	-
epidemi	NOUN	-
epidemik	ADJ	-
epidemiyoloji	NOUN	-
epidemiyolojik	ADJ	-
epiderm	NOUN	-
epifit	NOUN	-
epigenez	NOUN	-
epigrafi	NOUN	-
epigram	NOUN	-
epik	ADJ	-
epikerem	NOUN	-
epikriz	NOUN	-
epilasyon	NOUN	-
epilepsi	NOUN	-
epileptik	ADJ	-
epilog	NOUN	-
episantır	NOUN	-
epistemoloji	NOUN	-
epistemolojik	ADJ	-
epitel	NOUN	-
epitelyum	NOUN	-
epizot	NOUN	-
epope	NOUN	-
epri	VERB	-
eprime	NOUN	-
epsem	ADJ	-
epsilon	NOUN	-
er	ADJ	-
er	ADV	-
er	NOUN	-
er	VERB	-
eradikasyon	NOUN	-
erat	NOUN	-
erbain	NOUN	-
erbap	NOUN	VOICING
erbaş	NOUN	-
erbin	NOUN	-
erbiyum	NOUN	-
erce	ADV	-
ercecik	ADV	-
ercik	NOUN	VOICING
erdem	NOUN	-
erden	ADJ	-
erden	ADV	-
erdir	VERB	-
erdirebil	VERB	-
erdirebilme	NOUN	-
erdirme	NOUN	-
erdişi	ADJ	-
erdişi	NOUN	-
erebil	VERB	-
erebilme	NOUN	-
erek	NOUN	VOICING
ereksel	ADJ	-
ereksiyon	NOUN	-
erekçi	ADJ	-
eren	NOUN	-
erg	NOUN	-
erganun	NOUN	-
ergen	ADJ	-
ergen	NOUN	-
ergene	NOUN	-
ergenleş	VERB	-
ergi	NOUN	-
ergi	VERB	-
ergime	NOUN	-
ergin	ADJ	-
ergin	NOUN	-
erginle	VERB	-
erginleme	NOUN	-
erginlen	VERB	-
erginleş	VERB	-
ergit	VERB	-
ergitme	NOUN	-
ergonomi	NOUN	-
ergonomik	ADJ	-
ergonomik	NOUN	-
erguvan	NOUN	-
erguvangiller	NOUN	-
erguvani	ADJ	-
erguvani	NOUN	-
ergür	VERB	-
ergürme	NOUN	-
eri	VERB	-
erigen	ADJ	-
erik	NOUN	VOICING
erika	NOUN	-
eriksi	ADJ	-
eril	ADJ	-
erim	NOUN	-
erime	NOUN	-
erin	ADJ	-
erin	VERB	-
erincek	ADJ	-
erinleş	VERB	-
erinme	NOUN	-
erinç	NOUN	VOICING
eristik	NOUN	VOICING
erit	VERB	-
eritebil	VERB	-
eritebilme	NOUN	-
eriten	ADJ	-
eritil	VERB	-
eritilme	NOUN	-
eritiver	VERB	-
eritiverme	NOUN	-
eritiş	NOUN	-
eritme	ADJ	-
eritme	NOUN	-
eritrosit	NOUN	-
eriyebil	VERB	-
eriyebilme	NOUN	-
eriyik	NOUN	VOICING
eriyiver	VERB	-
eriyiverme	NOUN	-
eriyiş	NOUN	-
eriş	NOUN	-
eriş	VERB	-
erişebil	VERB	-
erişebilme	NOUN	-
erişil	VERB	-
erişilebil	VERB	-
erişilebilme	NOUN	-
erişilme	NOUN	-
erişim	NOUN	-
erişkin	ADJ	-
erişme	NOUN	-
erişte	NOUN	-
eriştir	VERB	-
eriştirebil	VERB	-
eriştirebilme	NOUN	-
eriştiril	VERB	-
eriştirilme	NOUN	-
eriştirme	NOUN	-
erk	NOUN	-
erke	NOUN	-
erkek	ADJ	VOICING
erkek	NOUN	VOICING
erkekevi	NOUN	-
erkeklen	VERB	-
erkekleş	VERB	-
erkekleştir	VERB	-
erkeksi	ADJ	-
erkeksileş	VERB	-
erkekçe	ADV	-
erkekçil	ADJ	-
erken	ADV	-
erken	NOUN	-
erkence	ADV	-
erkenden	ADV	-
erkendoğan	ADJ	-
erkete	NOUN	-
erkeç	NOUN	VOICING
erkeğimsi	ADJ	-
erkin	ADJ	-
erkân	NOUN	-
erkânıharbiyeiumumiye	NOUN	-
erkânıharp	NOUN	VOICING
erme	NOUN	-
ermin	NOUN	-
ermiş	NOUN	-
eroin	NOUN	-
eroinman	NOUN	-
eros	NOUN	-
erosal	ADJ	-
erosçu	NOUN	-
erotik	ADJ	-
erotizm	NOUN	-
erozyon	NOUN	-
erse	VERB	-
erseme	NOUN	-
ertele	VERB	-
erteleme	NOUN	-
ertelen	VERB	-
ertelenebil	VERB	-
ertelenebilme	NOUN	-
erteleniş	NOUN	-
ertelet	VERB	-
erteletebil	VERB	-
erteletebilme	NOUN	-
erteletim	NOUN	-
erteletme	NOUN	-
ertelettir	VERB	-
ertelettirme	NOUN	-
erteleyebil	VERB	-
erteleyebilme	NOUN	-
erteleyiş	NOUN	-
ertesi	ADJ	-
erupsiyon	NOUN	-
ervah	NOUN	-
erzak	NOUN	-
erzel	ADJ	-
erzel	NOUN	-
es	NOUN	-
es	VERB	-
esame	NOUN	-
esami	NOUN	-
esans	NOUN	-
esaret	NOUN	-
esas	NOUN	-
esasen	ADV	-
esasen	NOUN	-
esasi	ADJ	-
esaskız	NOUN	-
esaslan	VERB	-
esaslandır	VERB	-
esasoğlan	NOUN	-
esasta	ADV	-
esastan	ADV	-
esatir	NOUN	-
esatirî	ADJ	-
esbabımucibe	NOUN	-
esbak	ADJ	-
esbap	NOUN	VOICING
esebil	VERB	-
esebilme	NOUN	-
esef	NOUN	-
eseflen	VERB	-
eseme	NOUN	-
esen	ADJ	-
esenle	VERB	-
esenleme	NOUN	-
esenleş	VERB	-
eser	NOUN	-
eser	VERB	-
esericedit	NOUN	VOICING
eserme	NOUN	-
esham	NOUN	-
esik	NOUN	VOICING
esim	NOUN	-
esin	NOUN	-
esindir	VERB	-
esindirme	NOUN	-
esinle	VERB	-
esinleme	NOUN	-
esinlen	VERB	-
esinlendir	VERB	-
esinti	NOUN	-
esir	NOUN	-
esir	VERB	-
esire	NOUN	-
esirge	VERB	-
esirgeme	NOUN	-
esirgeme	VERB	-
esirgen	VERB	-
esirgeniş	NOUN	-
esirgenme	NOUN	-
esirgeyebil	VERB	-
esirgeyebilme	NOUN	-
esirgeyiş	NOUN	-
esirme	NOUN	-
esiş	NOUN	-
eskalasyon	NOUN	-
eskalop	NOUN	-
eskatologya	NOUN	-
eski	ADJ	-
eski	NOUN	-
eski	VERB	-
eskice	ADJ	-
eskicil	ADJ	-
eskiden	ADV	-
eskiler	NOUN	-
eskileş	VERB	-
eskime	NOUN	-
eskimsi	ADJ	-
eskit	VERB	-
eskitebil	VERB	-
eskitebilme	NOUN	-
eskitil	VERB	-
eskitilme	NOUN	-
eskitme	ADJ	-
eskitme	NOUN	-
eskiyebil	VERB	-
eskiyebilme	NOUN	-
eskiyiş	NOUN	-
eskiz	NOUN	-
eskort	NOUN	-
eskrim	NOUN	-
eskülabi	ADJ	-
eslaf	NOUN	-
esle	VERB	-
eslek	ADJ	-
esleme	NOUN	-
esma	NOUN	-
esmayıhüsna	NOUN	-
esmayışerife	NOUN	-
esme	NOUN	-
esmer	ADJ	-
esmer	NOUN	-
esmerce	ADJ	-
esmerimsi	ADJ	-
esmerleş	VERB	-
esmerleştir	VERB	-
esna	NOUN	-
esnaf	NOUN	-
esnasında	ADV	-
esne	VERB	-
esnek	ADJ	-
esnek	NOUN	-
esnekleş	VERB	-
esnekleştir	VERB	-
esneme	NOUN	-
esnet	VERB	-
esnetebil	VERB	-
esnetebilme	NOUN	-
esnetme	NOUN	-
esneyebil	VERB	-
esneyebilme	NOUN	-
esneyiş	NOUN	-
espadril	NOUN	-
espas	NOUN	-
esperi	NOUN	-
espiyonaj	NOUN	-
espressivo	ADJ	-
espresso	NOUN	-
espri	NOUN	-
espritüel	ADJ	-
esrar	NOUN	-
esrarengiz	ADJ	-
esrarkeş	NOUN	-
esre	NOUN	-
esri	VERB	-
esrik	ADJ	VOICING
esrime	NOUN	-
esrit	VERB	-
esritme	NOUN	-
essah	ADJ	-
estamp	NOUN	-
estampaj	NOUN	-
estağfurullah	INTERJ	-
ester	NOUN	-
estet	NOUN	-
estetik	ADJ	VOICING
estetik	NOUN	VOICING
estetikçi	ADJ	-
estetikçi	NOUN	-
estetizm	NOUN	-
estir	VERB	-
estiril	VERB	-
estirilme	NOUN	-
estirme	NOUN	-
estomp	NOUN	-
esvap	NOUN	VOICING
et	NOUN	-
et	VERB	-
etajer	NOUN	-
etalon	NOUN	-
etamin	NOUN	-
etanol	NOUN	-
etap	NOUN	VOICING
etek	NOUN	VOICING
etekle	VERB	-
etekleme	NOUN	-
etekleyiş	NOUN	-
etekserpen	ADJ	-
eten	NOUN	-
etene	NOUN	-
etenelen	VERB	-
eteneliler	NOUN	-
etenesizler	NOUN	-
eter	NOUN	-
eterle	VERB	-
eterleme	NOUN	-
eterleş	VERB	-
eterleştir	VERB	-
etfal	NOUN	-
etibba	NOUN	-
etik	ADJ	VOICING
etik	NOUN	VOICING
etiket	NOUN	-
etiketle	VERB	-
etiketleme	NOUN	-
etiketlen	VERB	-
etiketleniş	NOUN	-
etiketlet	VERB	-
etiketletme	NOUN	-
etiketçi	NOUN	-
etil	NOUN	-
etilen	NOUN	-
etimolog	NOUN	-
etimoloji	NOUN	-
etimolojik	ADJ	-
etiyoloji	NOUN	-
etiyolojik	ADJ	-
etken	NOUN	-
etki	NOUN	-
etki	VERB	-
etkile	VERB	-
etkileme	NOUN	-
etkilen	VERB	-
etkilenebil	VERB	-
etkilenebilme	NOUN	-
etkileniş	NOUN	-
etkileyebil	VERB	-
etkileyebilme	NOUN	-
etkileyiş	NOUN	-
etkileş	VERB	-
etkileşebil	VERB	-
etkileşebilme	NOUN	-
etkileşim	NOUN	-
etkileştir	VERB	-
etkime	NOUN	-
etkin	ADJ	-
etkin	NOUN	-
etkinleş	VERB	-
etkinleşebil	VERB	-
etkinleşebilme	NOUN	-
etkinleştir	VERB	-
etkisizce	ADV	-
etkisizleş	VERB	-
etkisizleştir	VERB	-
etkisizleştirebil	VERB	-
etkisizleştirebilme	NOUN	-
etlen	VERB	-
etme	NOUN	-
etmen	NOUN	-
etnik	ADJ	-
etnik	NOUN	-
etnisite	NOUN	-
etnograf	NOUN	-
etnografik	ADJ	-
etnografya	NOUN	-
etnolog	NOUN	-
etnoloji	NOUN	-
etnolojik	ADJ	-
etobur	ADJ	-
etoburlar	NOUN	-
etokrasi	NOUN	-
etol	NOUN	-
etoloji	NOUN	-
etolojik	ADJ	-
etraf	NOUN	-
etraflıca	ADV	-
etriye	NOUN	-
etsel	ADJ	-
etsel	NOUN	-
ettir	VERB	-
ettirebil	VERB	-
ettirebilme	NOUN	-
ettirgen	ADJ	-
ettiril	VERB	-
ettirilme	NOUN	-
ettirme	NOUN	-
ettirt	VERB	-
ettirtme	NOUN	-
etyaran	NOUN	-
etyemez	NOUN	-
etçi	NOUN	-
etçik	NOUN	VOICING
etçil	ADJ	-
etçiller	NOUN	-
etüt	NOUN	VOICING
etüv	NOUN	-
eurobond	NOUN	-
ev	NOUN	-
evaze	ADJ	-
evcara	NOUN	-
evce	ADV	-
evcek	ADV	-
evcik	NOUN	VOICING
evcikkıran	NOUN	-
evcil	ADJ	-
evcil	NOUN	-
evcilleş	VERB	-
evcilleştir	VERB	-
evcilleştirebil	VERB	-
evcilleştirebilme	NOUN	-
evcilleştiril	VERB	-
evcilleştirilme	NOUN	-
evcimen	ADJ	-
evcimen	NOUN	-
evdemonist	ADJ	-
evdemonizm	NOUN	-
evdeş	NOUN	-
evelallah	ADV	-
evelallah	NOUN	-
ever	VERB	-
everme	NOUN	-
evet	INTERJ	-
evet	NOUN	-
evetle	VERB	-
evetleme	NOUN	-
evgin	ADJ	-
evgin	NOUN	-
evham	NOUN	-
evhamlan	VERB	-
evin	NOUN	-
evinlen	VERB	-
evir	VERB	-
evirebil	VERB	-
evirebilme	NOUN	-
evirgen	ADJ	-
evirme	NOUN	-
evirt	VERB	-
evirtik	ADJ	-
evirtim	NOUN	-
evirtme	NOUN	-
eviye	NOUN	-
eviç	NOUN	-
evkaf	NOUN	-
evla	ADJ	-
evladüiyal	NOUN	-
evlat	INTERJ	VOICING
evlat	NOUN	VOICING
evlek	NOUN	VOICING
evlekle	VERB	-
evlekleme	NOUN	-
evlen	VERB	-
evlendir	VERB	-
evlendirebil	VERB	-
evlendirebilme	NOUN	-
evlendiril	VERB	-
evlendirilme	NOUN	-
evlenebil	VERB	-
evlenebilme	NOUN	-
evlenil	VERB	-
evlenilme	NOUN	-
evleniş	NOUN	-
evliya	NOUN	-
evolüsyon	NOUN	-
evrak	NOUN	-
evrat	NOUN	VOICING
evre	NOUN	-
evrele	VERB	-
evreleme	NOUN	-
evrelen	VERB	-
evrelendir	VERB	-
evren	NOUN	-
evrensel	ADJ	-
evrensel	ADV	-
evrensel	NOUN	-
evrenselleş	VERB	-
evrenselleşebil	VERB	-
evrenselleşebilme	NOUN	-
evrenselleştir	VERB	-
evrenselleştirebil	VERB	-
evrenselleştirebilme	NOUN	-
evrenselleştiril	VERB	-
evrenselleştirilme	NOUN	-
evrik	ADJ	-
evril	VERB	-
evrilim	NOUN	-
evrilir	ADJ	-
evrilir	NOUN	-
evrilme	NOUN	-
evrim	NOUN	-
evrimleş	VERB	-
evrişik	ADJ	-
evropiyum	NOUN	-
evsaf	NOUN	-
evse	VERB	-
evseme	NOUN	-
evsin	NOUN	-
evvel	ADJ	-
evvel	ADV	-
evvela	ADV	-
evvelallah	ADV	-
evvelce	ADV	-
evvelden	ADV	-
evvelemirde	ADV	-
evveliyat	NOUN	-
evvelki	ADJ	-
evvelki	NOUN	-
evvelleri	ADV	-
evvelsi	ADJ	-
evç	NOUN	VOICING
ey	INTERJ	-
ey	NOUN	-
eyalet	NOUN	-
eyer	NOUN	-
eyerle	VERB	-
eyerleme	NOUN	-
eyerlen	VERB	-
eyerlet	VERB	-
eyerletme	NOUN	-
eyerleyiş	NOUN	-
eyit	VERB	-
eyitme	NOUN	-
eyle	VERB	-
eylem	NOUN	-
eyleme	NOUN	-
eylemsel	ADJ	-
eylemsi	NOUN	-
eyleyebil	VERB	-
eyleyebilme	NOUN	-
eylül	NOUN	-
eytam	NOUN	-
eytişim	NOUN	-
eytişimsel	ADJ	-
eyvah	INTERJ	-
eyvallah	NOUN	-
eyvan	NOUN	-
eyyam	NOUN	-
ez	VERB	-
eza	NOUN	-
ezan	NOUN	-
ezani	ADJ	-
ezber	NOUN	-
ezberden	ADV	-
ezberden	NOUN	-
ezbere	ADV	-
ezbere	NOUN	-
ezberle	VERB	-
ezberleme	NOUN	-
ezberlen	VERB	-
ezberlet	VERB	-
ezberletebil	VERB	-
ezberletebilme	NOUN	-
ezberletme	NOUN	-
ezberlettir	VERB	-
ezberlettirme	NOUN	-
ezberleyebil	VERB	-
ezberleyebilme	NOUN	-
ezberleyiş	NOUN	-
ezcümle	ADV	-
ezcümle	NOUN	-
ezdir	VERB	-
ezdirme	NOUN	-
ezdirt	VERB	-
ezdirtme	NOUN	-
ezebil	VERB	-
ezebilme	NOUN	-
ezel	NOUN	-
ezeliyet	NOUN	-
ezelî	ADJ	-
ezelî	NOUN	-
ezercesine	ADV	-
ezgi	NOUN	-
ezgilen	VERB	-
ezgileş	VERB	-
ezgileştir	VERB	-
ezgin	ADJ	-
ezgin	NOUN	-
ezgince	ADJ	-
ezgince	ADV	-
ezgisel	ADJ	-
ezgiç	NOUN	VOICING
ezik	ADJ	VOICING
ezik	ADV	VOICING
ezik	NOUN	VOICING
ezil	VERB	-
ezilebil	VERB	-
ezilebilme	NOUN	-
ezilgen	ADJ	-
eziliver	VERB	-
eziliverme	NOUN	-
eziliş	NOUN	-
ezilme	NOUN	-
ezilmiş	ADJ	-
ezilmiş	NOUN	-
ezimevi	NOUN	-
ezinti	NOUN	-
ezinç	NOUN	VOICING
eziver	VERB	-
eziverme	NOUN	-
eziyet	NOUN	-
ezkaza	ADV	-
ezme	NOUN	-
ezofori	NOUN	-
ezoterik	ADJ	-
ezoterizm	NOUN	-
eçhel	ADJ	-
eğ	VERB	-
eğdir	VERB	-
eğdirebil	VERB	-
eğdirebilme	NOUN	-
eğdiriş	NOUN	-
eğdirme	NOUN	-
eğdirt	VERB	-
eğdirtme	NOUN	-
eğe	NOUN	-
eğebil	VERB	-
eğebilme	NOUN	-
eğele	VERB	-
eğeleme	NOUN	-
eğelen	VERB	-
eğer	CONJ	-
eğik	ADJ	VOICING
eğik	NOUN	VOICING
eğil	VERB	-
eğilebil	VERB	-
eğilebilme	NOUN	-
eğilim	NOUN	-
eğilin	VERB	-
eğilinme	NOUN	-
eğiliş	NOUN	-
eğilme	NOUN	-
eğim	NOUN	-
eğimölçer	NOUN	-
eğin	NOUN	VOWEL_DROP
eğin	VERB	-
eğinik	ADJ	-
eğinik	NOUN	-
eğinme	NOUN	-
eğinti	NOUN	-
eğir	NOUN	-
eğir	VERB	-
eğirme	NOUN	-
eğirmen	NOUN	-
eğirt	VERB	-
eğirtme	NOUN	-
eğit	VERB	-
eğitebil	VERB	-
eğitebilme	NOUN	-
eğitil	VERB	-
eğitilebil	VERB	-
eğitilebilme	NOUN	-
eğitiliş	NOUN	-
eğitilme	NOUN	-
eğitim	NOUN	-
eğitimsel	ADJ	-
eğitiş	NOUN	-
eğitme	NOUN	-
eğitmen	NOUN	-
eğitsel	ADJ	-
eğiç	NOUN	VOICING
eğiş	NOUN	-
eğle	VERB	-
eğlek	NOUN	VOICING
eğleme	NOUN	-
eğlen	VERB	-
eğlence	NOUN	-
eğlendir	VERB	-
eğlendirebil	VERB	-
eğlendirebilme	NOUN	-
eğlendiri	NOUN	-
eğlendiriş	NOUN	-
eğlenebil	VERB	-
eğlenebilme	NOUN	-
eğlenil	VERB	-
eğlenilme	NOUN	-
eğleniş	NOUN	-
eğlenti	NOUN	-
eğleş	VERB	-
eğme	NOUN	-
eğmeç	NOUN	VOICING
eğrelti	NOUN	-
eğreti	ADJ	-
eğreti	ADV	-
eğreti	NOUN	-
eğretile	VERB	-
eğretileme	NOUN	-
eğrez	NOUN	-
eğri	ADJ	-
eğri	ADV	-
eğri	NOUN	-
eğrice	ADJ	-
eğrice	NOUN	-
eğril	VERB	-
eğriliş	NOUN	-
eğrilme	NOUN	-
eğrilt	VERB	-
eğriltme	NOUN	-
eğrim	ADJ	-
eğrim	NOUN	-
eğrit	VERB	-
eğritme	NOUN	-
eğsi	NOUN	-
eş	NOUN	-
eş	VERB	-
eşantiyon	NOUN	-
eşarp	NOUN	VOICING
eşek	NOUN	VOICING
eşekbaşı	NOUN	-
eşekkulağı	NOUN	-
eşekleş	VERB	-
eşekoğlueşek	INTERJ	VOICING
eşekoğlueşek	NOUN	VOICING
eşeksi	ADJ	-
eşeksırtı	NOUN	-
eşekçe	ADJ	-
eşekçe	ADV	-
eşekçi	NOUN	-
eşele	VERB	-
eşelek	NOUN	VOICING
eşeleme	NOUN	-
eşelen	VERB	-
eşelet	VERB	-
eşeletme	NOUN	-
eşelettir	VERB	-
eşelettirme	NOUN	-
eşelmobil	NOUN	-
eşey	NOUN	-
eşeysel	ADJ	-
eşeğimsi	ADJ	-
eşhas	NOUN	-
eşik	NOUN	VOICING
eşil	VERB	-
eşilme	NOUN	-
eşin	VERB	-
eşinme	NOUN	-
eşit	ADJ	-
eşit	NOUN	-
eşitle	VERB	-
eşitleme	NOUN	-
eşitlen	VERB	-
eşitleniş	NOUN	-
eşitleyebil	VERB	-
eşitleyebilme	NOUN	-
eşitleş	VERB	-
eşitleştir	VERB	-
eşitçi	ADJ	-
eşiver	VERB	-
eşiverme	NOUN	-
eşkenar	ADJ	-
eşkin	ADJ	-
eşkin	ADV	-
eşkin	NOUN	-
eşkâl	NOUN	-
eşkıya	NOUN	-
eşkıyaca	ADJ	-
eşkıyaca	ADV	-
eşle	VERB	-
eşlek	NOUN	VOICING
eşleksel	ADJ	-
eşlem	NOUN	-
eşleme	NOUN	-
eşlen	VERB	-
eşlenik	ADJ	-
eşleş	VERB	-
eşleşebil	VERB	-
eşleşebilme	NOUN	-
eşleştir	VERB	-
eşleştirebil	VERB	-
eşleştirebilme	NOUN	-
eşlikçi	ADJ	-
eşlikçi	NOUN	-
eşme	NOUN	-
eşofman	NOUN	-
eşraf	NOUN	-
eşref	ADJ	-
eştir	VERB	-
eştirme	NOUN	-
eşya	NOUN	-
fa	NOUN	-
faal	ADJ	-
faaliyet	NOUN	-
fabl	NOUN	-
fabrika	NOUN	-
fabrikasyon	ADJ	-
fabrikasyon	NOUN	-
fabrikatör	NOUN	-
facia	NOUN	-
facialaş	VERB	-
facialaştır	VERB	-
factor	NOUN	-
factoring	NOUN	-
fagosit	NOUN	-
fagositoz	NOUN	-
fagot	NOUN	-
fahiş	ADJ	-
fahiş	NOUN	-
fahişe	NOUN	-
fahrenhayt	NOUN	-
fahri	ADJ	-
fahri	NOUN	-
fahriye	NOUN	-
fahte	NOUN	-
fahur	ADJ	-
faik	ADJ	-
faikiyet	NOUN	-
fail	ADJ	-
fail	NOUN	-
failimuhtar	ADJ	-
failimuhtar	NOUN	-
faiz	NOUN	-
faizlendir	VERB	-
fak	NOUN	-
fakat	CONJ	-
fakfon	ADJ	-
fakfon	NOUN	-
fakih	NOUN	-
fakir	ADJ	-
fakir	NOUN	-
fakirane	ADJ	-
fakirce	ADJ	-
fakirce	ADV	-
fakirhane	NOUN	-
fakirizm	NOUN	-
fakirleş	VERB	-
fakirleştir	VERB	-
fakr	NOUN	-
fakruzaruret	NOUN	-
faks	NOUN	-
faksimile	NOUN	-
faksla	VERB	-
fakslama	NOUN	-
fakslat	VERB	-
fakslatma	NOUN	-
faktitif	NOUN	-
faktör	NOUN	-
fakül	NOUN	-
fakülte	NOUN	-
fal	NOUN	-
falaka	NOUN	-
falan	ADJ	-
falan	NOUN	-
falan	PRON	-
falanca	PRON	-
falanj	NOUN	-
falanjist	NOUN	-
falez	NOUN	-
fallus	NOUN	-
falname	NOUN	-
falso	NOUN	-
falya	NOUN	-
falyanos	NOUN	-
falçata	NOUN	-
familya	NOUN	-
fan	ADJ	-
fan	NOUN	-
fanatik	ADJ	-
fanatik	NOUN	-
fanatikleş	VERB	-
fanatizm	NOUN	-
fanfan	ADJ	-
fanfar	NOUN	-
fanfin	NOUN	-
fangri	NOUN	-
fani	NOUN	-
fanila	ADJ	-
fanila	NOUN	-
fanta	NOUN	-
fantasma	NOUN	-
fantastik	ADJ	VOICING
fantastik	NOUN	VOICING
fantazya	NOUN	-
fantezi	ADJ	-
fantezi	NOUN	-
fantezist	NOUN	-
fanti	NOUN	-
fantom	NOUN	-
fanus	NOUN	-
fanya	NOUN	-
fanyol	NOUN	-
far	NOUN	-
farad	NOUN	-
faraza	ADV	-
farazi	ADJ	-
faraziye	NOUN	-
faraş	NOUN	-
farba	NOUN	-
farbala	NOUN	-
fare	NOUN	-
faredişi	NOUN	-
farekulağı	NOUN	-
farekuyruğu	NOUN	-
farenjit	NOUN	-
farfara	ADJ	-
farfara	NOUN	-
farika	NOUN	-
faril	NOUN	-
fariza	NOUN	-
fariğ	ADJ	-
fariğ	NOUN	-
fark	NOUN	-
farklıca	ADJ	-
farklıca	ADV	-
farklılaş	VERB	-
farklılaştır	VERB	-
farksızca	ADV	-
farksızlaş	VERB	-
farmakodinami	NOUN	-
farmakodinamik	NOUN	VOICING
farmakognozi	NOUN	-
farmakolog	NOUN	-
farmakoloji	NOUN	-
farmakolojik	ADJ	-
farmakope	NOUN	-
farmason	ADJ	-
farmason	NOUN	-
fars	NOUN	-
farz	NOUN	-
farzımuhal	ADV	-
farzımuhal	NOUN	-
farı	VERB	-
farıma	NOUN	-
fasarya	ADJ	-
fasarya	NOUN	-
faset	NOUN	-
fasih	ADJ	-
fasih	ADV	-
fasih	NOUN	-
fasikül	NOUN	-
fasile	NOUN	-
fasit	ADJ	-
fasit	NOUN	-
faska	NOUN	-
faslet	VERB	-
fasletme	NOUN	-
fason	NOUN	-
fasone	NOUN	-
fassal	ADJ	-
fasulye	NOUN	-
fasulyegiller	NOUN	-
fasulyemsi	ADJ	-
fasık	ADJ	-
fasık	NOUN	-
fasıl	NOUN	VOWEL_DROP
fasıla	NOUN	-
fatalist	ADJ	-
fatalite	NOUN	-
fatalizm	NOUN	-
fatih	ADJ	-
fatih	NOUN	-
fatihane	ADV	-
fatura	NOUN	-
faturala	VERB	-
faturalama	NOUN	-
faturalandır	VERB	-
faturalandırıl	VERB	-
faturalandırılma	NOUN	-
faturalat	VERB	-
faturalatma	NOUN	-
faul	NOUN	VOWEL_DROP
fauna	NOUN	-
fava	NOUN	-
favori	ADJ	-
favori	NOUN	-
fay	NOUN	-
fayans	NOUN	-
fayansçı	NOUN	-
fayda	NOUN	-
faydalan	VERB	-
faydalanabil	VERB	-
faydalanabilme	NOUN	-
faydalandır	VERB	-
faydalandırıl	VERB	-
faydalandırılma	NOUN	-
faydalanıl	VERB	-
faydalanılabil	VERB	-
faydalanılabilme	NOUN	-
faydalanılma	NOUN	-
faydalanış	NOUN	-
faydasızca	ADV	-
fayrap	INTERJ	VOICING
fayrap	NOUN	VOICING
fayton	NOUN	-
faz	NOUN	-
fazilet	NOUN	-
faziletkâr	ADJ	-
fazla	ADJ	-
fazla	ADV	-
fazla	NOUN	-
fazlaca	ADV	-
fazladan	ADV	-
fazlalaş	VERB	-
fazlalaştır	VERB	-
fazlasıyla	ADV	-
fazıl	ADJ	-
fazıla	ADJ	-
faça	NOUN	-
façeta	NOUN	-
façuna	NOUN	-
fağfur	NOUN	-
fağfuri	ADJ	-
faş	NOUN	-
faşing	NOUN	-
faşist	ADJ	-
faşist	NOUN	-
faşistleş	VERB	-
faşistleştir	VERB	-
faşizan	ADJ	-
faşizm	NOUN	-
fe	NOUN	-
fecaat	NOUN	-
fecir	NOUN	VOWEL_DROP
fecrikâzip	NOUN	VOICING
fecrisadık	NOUN	VOICING
feda	NOUN	-
fedai	NOUN	-
fedaice	ADV	-
fedakâr	ADJ	-
fedakârca	ADV	-
fedakârcasına	ADV	-
federal	ADJ	-
federalist	NOUN	-
federalizm	NOUN	-
federalleş	VERB	-
federasyon	NOUN	-
federatif	ADJ	-
federe	ADJ	-
federe	NOUN	-
fehamet	NOUN	-
fehim	NOUN	-
fehmet	VERB	-
fehmetme	NOUN	-
fehva	NOUN	-
fehvasınca	ADV	-
fek	NOUN	-
fekül	NOUN	-
fel	NOUN	-
felah	NOUN	-
felaket	ADJ	-
felaket	NOUN	-
felaketzede	ADJ	-
feldmareşal	NOUN	-
feldspat	NOUN	-
felek	NOUN	VOICING
felekiyat	NOUN	-
felfelek	NOUN	VOICING
felfelle	VERB	-
felfelleme	NOUN	-
feliks	NOUN	-
fellah	NOUN	-
felsefe	NOUN	-
felsefi	ADJ	-
felç	NOUN	VOICING
feminen	ADJ	-
feminenleş	VERB	-
feminist	NOUN	-
feminizm	NOUN	-
femur	NOUN	-
fen	NOUN	-
fena	ADJ	-
fena	ADV	-
fena	NOUN	-
fenafillah	NOUN	-
fenalaş	VERB	-
fenalaştır	VERB	-
fener	NOUN	-
fenik	NOUN	VOICING
fenlen	VERB	-
fennen	ADV	-
fennî	ADJ	-
fennî	NOUN	-
fenol	NOUN	-
fenoloji	NOUN	-
fenolojik	ADJ	-
fenomen	NOUN	-
fenomenal	ADJ	-
fenomenal	NOUN	-
fenomenist	ADJ	-
fenomenizm	NOUN	-
fenomenoloji	NOUN	-
fenomenolojik	ADJ	-
fent	NOUN	VOICING
feodal	ADJ	-
feodalite	NOUN	-
feodalizm	NOUN	-
fer	NOUN	-
ferace	NOUN	-
feragat	NOUN	-
ferah	ADJ	-
ferah	NOUN	-
ferahfeza	NOUN	-
ferahi	NOUN	-
ferahla	VERB	-
ferahlama	NOUN	-
ferahlan	VERB	-
ferahlandır	VERB	-
ferahlat	VERB	-
ferahlatma	NOUN	-
ferahlayıver	VERB	-
ferahlayıverme	NOUN	-
ferahnak	NOUN	-
ferahnakaşiran	NOUN	-
ferahnüma	NOUN	-
feraset	NOUN	-
ferağ	NOUN	-
ferda	NOUN	-
ferdası	ADJ	-
ferdiyet	NOUN	-
ferdiyetçi	ADJ	-
ferdî	ADJ	-
ferforje	ADJ	-
ferforje	NOUN	-
ferhane	NOUN	-
feribot	NOUN	-
ferih	ADJ	-
ferik	NOUN	VOICING
feriştah	ADJ	-
ferişte	NOUN	-
ferma	NOUN	-
ferman	NOUN	-
fermantasyon	NOUN	-
fermejüp	NOUN	-
fermene	NOUN	-
ferment	NOUN	-
fermiyum	NOUN	-
fermuar	NOUN	-
fernez	NOUN	-
fersah	NOUN	-
fersizleş	VERB	-
fersude	ADJ	-
fert	NOUN	VOICING
fertik	INTERJ	-
feryat	NOUN	VOICING
ferz	NOUN	-
ferç	NOUN	VOICING
ferî	ADJ	-
ferî	NOUN	-
fes	NOUN	-
fesahat	NOUN	-
fesat	ADJ	VOICING
fesat	NOUN	VOICING
fesatçı	NOUN	-
feshedebil	VERB	-
feshedebilme	NOUN	-
feshedil	VERB	-
feshediliş	NOUN	-
feshedilme	NOUN	-
feshet	VERB	-
feshetme	NOUN	-
feshol	VERB	-
fesholma	NOUN	-
fesholun	VERB	-
fesholunma	NOUN	-
fesih	NOUN	-
fesleğen	NOUN	-
festival	NOUN	-
fesüphanallah	INTERJ	-
fetha	NOUN	-
fethedebil	VERB	-
fethedebilme	NOUN	-
fethediş	NOUN	-
fethet	VERB	-
fethetme	NOUN	-
fethettir	VERB	-
fethettirme	NOUN	-
fetih	NOUN	-
fetihname	NOUN	-
fetiş	NOUN	-
fetişist	NOUN	-
fetişizm	NOUN	-
fetret	NOUN	-
fettan	ADJ	-
fettan	NOUN	-
fettanca	ADJ	-
fettanca	ADV	-
fettane	ADJ	-
fettanlaş	VERB	-
fetva	NOUN	-
fetvahane	NOUN	-
fetvayişerife	NOUN	-
fetüs	NOUN	-
feveran	NOUN	-
fevk	NOUN	-
fevkalade	ADJ	-
fevkalade	ADV	-
fevkalade	INTERJ	-
fevkalade	NOUN	-
fevkalbeşer	ADJ	-
fevkalbeşer	NOUN	-
fevkani	ADJ	-
fevri	ADJ	-
fevt	NOUN	-
fevvare	NOUN	-
fevç	NOUN	VOICING
feyezan	NOUN	-
feyiz	NOUN	-
feyizlen	VERB	-
feyizlendir	VERB	-
feylesof	NOUN	-
feylesofça	ADJ	-
feyyaz	ADJ	-
feyzal	VERB	-
feyzalma	NOUN	-
feza	NOUN	-
fezleke	NOUN	-
fiber	NOUN	-
fiberglas	NOUN	-
fibrin	NOUN	-
fibrinojen	NOUN	-
fibula	NOUN	-
fiction	NOUN	-
fidan	NOUN	-
fidanca	ADJ	-
fidancık	NOUN	VOICING
fide	NOUN	-
fideist	ADJ	-
fideizm	NOUN	-
fidele	VERB	-
fideleme	NOUN	-
fidelen	VERB	-
fidye	NOUN	-
fidyeinecat	NOUN	-
fifre	NOUN	-
figan	NOUN	-
figür	NOUN	-
figüran	NOUN	-
figürasyon	NOUN	-
figüratif	ADJ	-
fihrist	NOUN	-
fihristle	VERB	-
fihristleme	NOUN	-
fiil	NOUN	-
fiilen	ADV	-
fiilen	NOUN	-
fiilimsi	NOUN	-
fiiliyat	NOUN	-
fiilî	ADJ	-
fiilî	NOUN	-
fikir	NOUN	VOWEL_DROP
fikirdeş	NOUN	-
fikirleş	VERB	-
fikirleştir	VERB	-
fikren	ADV	-
fikrisabit	NOUN	-
fikriyat	NOUN	-
fikrî	ADJ	-
fikstür	NOUN	-
fiktif	NOUN	-
fil	NOUN	-
filaman	NOUN	-
filan	PRON	-
filantrop	ADJ	-
filar	NOUN	-
filariz	NOUN	-
filarizle	VERB	-
filarizleme	NOUN	-
filarmoni	NOUN	-
filarmonik	ADJ	VOICING
filarmonik	NOUN	VOICING
filatelist	NOUN	-
filato	NOUN	-
filbahri	NOUN	-
fildekoz	ADJ	-
fildekoz	NOUN	-
fildişi	ADJ	-
fildişi	NOUN	-
file	NOUN	-
filenk	NOUN	VOICING
filet	NOUN	-
fileto	NOUN	-
filgiller	NOUN	-
filhakika	ADV	-
filigran	NOUN	-
filika	NOUN	-
filinta	ADJ	-
filinta	NOUN	-
filiskin	NOUN	-
filiz	NOUN	-
filizcik	NOUN	VOICING
filizkıran	NOUN	-
filizle	VERB	-
filizleme	NOUN	-
filizlen	VERB	-
filizlendir	VERB	-
filizî	ADJ	-
filizî	NOUN	-
filkulağı	NOUN	-
film	NOUN	-
filmleştir	VERB	-
filmleştiril	VERB	-
filmleştirilme	NOUN	-
filo	NOUN	-
filogenez	NOUN	-
filoksera	NOUN	-
filolog	NOUN	-
filoloji	NOUN	-
filolojik	ADJ	-
filotilla	NOUN	-
filoz	NOUN	-
filozof	NOUN	-
filozofik	ADJ	-
filozoflaş	VERB	-
filozofça	ADJ	-
filozofça	ADV	-
filsi	ADJ	-
filtre	NOUN	-
filum	NOUN	-
filvaki	ADV	-
filyasyon	NOUN	-
final	NOUN	-
finalist	ADJ	-
finalist	NOUN	-
finalizm	NOUN	-
finans	NOUN	-
finansal	ADJ	-
finanse	ADJ	-
finansman	NOUN	-
fincan	NOUN	-
fincandibi	NOUN	-
fingirde	VERB	-
fingirdek	ADJ	-
fingirdeme	NOUN	-
fingirdeş	VERB	-
fingirdeşme	NOUN	-
finiş	NOUN	-
fink	NOUN	-
fino	NOUN	-
fintek	ADJ	-
fintek	NOUN	-
firak	NOUN	-
firar	NOUN	-
firari	ADJ	-
firavun	NOUN	-
firavunlaş	VERB	-
fire	ADJ	-
fire	NOUN	-
firez	NOUN	-
firfiri	ADJ	-
firfiri	NOUN	-
firik	NOUN	VOICING
firkat	NOUN	-
firkete	NOUN	-
firketele	VERB	-
firketeleme	NOUN	-
firma	NOUN	-
firuze	NOUN	-
fisebilillah	ADV	-
fiskal	ADJ	-
fiskal	NOUN	-
fiske	ADJ	-
fiske	NOUN	-
fiskele	VERB	-
fiskeleme	NOUN	-
fiskos	NOUN	-
fissür	NOUN	-
fistan	NOUN	-
fisto	ADJ	-
fisto	NOUN	-
fistül	NOUN	-
fit	ADJ	-
fit	NOUN	-
fitil	NOUN	-
fitille	VERB	-
fitilleme	NOUN	-
fitillen	VERB	-
fitin	NOUN	-
fitle	VERB	-
fitleme	NOUN	-
fitlen	VERB	-
fitne	ADJ	-
fitne	NOUN	-
fitnele	VERB	-
fitneleme	NOUN	-
fitness	NOUN	-
fitocoğrafya	NOUN	-
fitopatoloji	NOUN	-
fitopatolojik	ADJ	-
fitre	NOUN	-
fitçi	ADJ	-
fiyaka	NOUN	-
fiyasko	NOUN	-
fiyat	NOUN	-
fiyatlan	VERB	-
fiyatlandır	VERB	-
fiyongo	NOUN	-
fiyonk	NOUN	VOICING
fiyort	NOUN	VOICING
fizibilite	NOUN	-
fizik	NOUN	VOICING
fiziken	ADV	-
fiziken	NOUN	-
fiziki	ADJ	-
fizikokimya	NOUN	-
fiziksel	ADJ	-
fiziksel	NOUN	-
fizikçe	ADV	-
fizikçi	NOUN	-
fizikötesi	NOUN	-
fizyokrat	ADJ	-
fizyolog	NOUN	-
fizyoloji	NOUN	-
fizyolojik	ADJ	-
fizyolojik	NOUN	-
fizyolojist	NOUN	-
fizyonomi	NOUN	-
fizyoterapi	NOUN	-
fizyoterapist	NOUN	-
fiğ	NOUN	-
fiş	NOUN	-
fişe	NOUN	-
fişek	NOUN	VOICING
fişekhane	NOUN	-
fişekçi	NOUN	-
fişka	NOUN	-
fişle	VERB	-
fişleme	NOUN	-
fişlen	VERB	-
fişlet	VERB	-
fişletme	NOUN	-
fiştekle	VERB	-
fiştekleme	NOUN	-
flama	NOUN	-
flamangiller	NOUN	-
flamanlar	NOUN	-
flambe	NOUN	-
flamingo	NOUN	-
flandra	NOUN	-
flanel	NOUN	-
flashback	NOUN	-
flavta	NOUN	-
flaş	ADJ	-
flaş	NOUN	-
flaşör	NOUN	-
flebit	NOUN	-
flegmon	NOUN	-
fleol	NOUN	-
flit	NOUN	-
flitle	VERB	-
flitleme	NOUN	-
flok	NOUN	-
flor	NOUN	-
flora	NOUN	-
floresan	NOUN	-
floresans	NOUN	-
flori	NOUN	-
florin	NOUN	-
florit	NOUN	-
florya	NOUN	-
florür	NOUN	-
florışı	NOUN	-
florışıl	NOUN	-
floş	NOUN	-
flu	ADJ	-
flu	NOUN	-
flurcun	NOUN	-
flöre	NOUN	-
flört	NOUN	-
flörtleş	VERB	-
flörtöz	NOUN	-
flüt	NOUN	-
flütçü	NOUN	-
fobi	NOUN	-
fodla	NOUN	-
fodra	NOUN	-
fodul	ADJ	-
fodulca	ADJ	-
fodulca	ADV	-
fok	NOUN	-
fokgiller	NOUN	-
fokstrot	NOUN	-
fokurda	VERB	-
fokurdak	ADJ	-
fokurdama	NOUN	-
fokurdat	VERB	-
fokurdatma	NOUN	-
fokurtu	NOUN	-
fokus	NOUN	-
fokusla	VERB	-
fokuslama	NOUN	-
fokuslan	VERB	-
fol	NOUN	-
folk	NOUN	-
folklor	NOUN	-
folklorik	ADJ	-
folklorist	NOUN	-
folyo	NOUN	-
fon	NOUN	-
fonda	INTERJ	-
fonda	NOUN	-
fondan	NOUN	-
fondip	ADV	-
fondöten	NOUN	-
fondü	NOUN	-
fonem	NOUN	-
fonetik	NOUN	VOICING
fonetikçi	NOUN	-
fonksiyon	NOUN	-
fonksiyonalizm	NOUN	-
fonksiyonel	ADJ	-
fonksiyonel	NOUN	-
fonla	VERB	-
fonlama	NOUN	-
fonograf	NOUN	-
fonografi	NOUN	-
fonojenik	ADJ	-
fonolit	NOUN	-
fonolog	NOUN	-
fonoloji	NOUN	-
fonolojik	ADJ	-
fonotelgraf	NOUN	-
font	NOUN	-
fora	INTERJ	-
fora	NOUN	-
forint	NOUN	-
form	NOUN	-
forma	NOUN	-
formaldehit	NOUN	-
formalist	ADJ	-
formalist	NOUN	-
formalite	NOUN	-
formalizm	NOUN	-
formasyon	NOUN	-
format	NOUN	-
formatla	VERB	-
formatlama	NOUN	-
formatlat	VERB	-
formatlatma	NOUN	-
formatör	NOUN	-
formel	ADJ	-
formel	NOUN	-
formen	NOUN	-
formika	NOUN	-
formol	NOUN	-
formül	NOUN	-
formülasyon	NOUN	-
formüle	ADJ	-
formüler	NOUN	-
formülleş	VERB	-
formülleştir	VERB	-
foroz	NOUN	-
fors	NOUN	-
forsa	NOUN	-
forse	ADJ	-
forseps	NOUN	-
forsmajör	NOUN	-
forte	ADV	-
fortepiano	ADV	-
fortissimo	ADV	-
fortçu	NOUN	-
forum	NOUN	-
forvet	NOUN	-
forza	NOUN	-
fos	ADJ	-
foseptik	NOUN	VOICING
fosfat	NOUN	-
fosfatla	VERB	-
fosfatlama	NOUN	-
fosfatlat	VERB	-
fosfatlatma	NOUN	-
fosfor	NOUN	-
fosforışı	NOUN	-
fosforışıl	ADJ	-
fosgen	NOUN	-
fosil	NOUN	-
fosilleş	VERB	-
fosla	VERB	-
foslama	NOUN	-
foslat	VERB	-
foslatma	NOUN	-
fosnot	NOUN	-
fosurda	VERB	-
fosurdama	NOUN	-
fosurdat	VERB	-
fosurdatma	NOUN	-
fosurtu	NOUN	-
fota	NOUN	-
foto	NOUN	-
fotoakım	NOUN	-
fotoelektrik	NOUN	VOICING
fotofiniş	NOUN	-
fotojen	ADJ	-
fotojenik	ADJ	-
fotojenik	NOUN	-
fotokapan	NOUN	-
fotokimya	NOUN	-
fotokinezi	NOUN	-
fotokopi	NOUN	-
fotolitografi	NOUN	-
fotomekanik	ADJ	-
fotometre	NOUN	-
fotometri	NOUN	-
fotomodel	NOUN	-
fotomontaj	NOUN	-
fotomorfoz	NOUN	-
fotoroman	NOUN	-
fotosentez	NOUN	-
fotosfer	NOUN	-
fotoskop	NOUN	VOICING
fototaksi	NOUN	-
fototaktizm	NOUN	-
fototek	NOUN	-
fototerapi	NOUN	-
fototropizm	NOUN	-
fotoğraf	NOUN	-
fotoğrafhane	NOUN	-
fotoğrafik	ADJ	-
fotoğrafik	NOUN	-
fotoğrafla	VERB	-
fotoğraflama	NOUN	-
fotoğrafçı	NOUN	-
fotoşimi	NOUN	-
foya	NOUN	-
foş	NOUN	-
foşa	NOUN	-
foşurda	VERB	-
foşurdama	NOUN	-
foşurdat	VERB	-
foşurdatma	NOUN	-
fragman	NOUN	-
frak	NOUN	-
fraksiyon	NOUN	-
frambuaz	NOUN	-
francala	NOUN	-
franchising	NOUN	-
frank	NOUN	VOICING
fransiyum	NOUN	-
frapan	ADJ	-
frape	NOUN	-
frekans	NOUN	-
fren	NOUN	-
frengi	NOUN	-
frenle	VERB	-
frenleme	NOUN	-
frenlen	VERB	-
frenleyebil	VERB	-
frenleyebilme	NOUN	-
frenoloji	NOUN	-
frenolojik	ADJ	-
frer	NOUN	-
fresk	NOUN	-
freze	NOUN	-
frezele	VERB	-
frezeleme	NOUN	-
frezya	NOUN	-
frigo	NOUN	-
frigorifik	ADJ	-
frijider	NOUN	-
frijidite	NOUN	-
frijit	ADJ	-
frikik	NOUN	VOICING
friksiyon	NOUN	-
frisa	NOUN	-
fritöz	NOUN	-
friz	NOUN	-
frizbi	NOUN	-
frişka	NOUN	-
fruktoz	NOUN	-
fuar	NOUN	-
fuaye	NOUN	-
fuhuş	NOUN	-
fujer	NOUN	-
fukara	ADJ	-
fukara	NOUN	-
fukuslar	NOUN	-
ful	NOUN	VOWEL_DROP
fular	NOUN	-
fule	NOUN	-
fulya	NOUN	-
funda	NOUN	-
fundagiller	NOUN	-
fundalar	NOUN	-
fundamentalist	ADJ	-
fundamentalizm	NOUN	-
furgon	NOUN	-
furya	NOUN	-
fut	NOUN	-
futa	NOUN	-
futbol	NOUN	-
futsal	NOUN	-
fuzulen	ADV	-
fâni	ADJ	-
fâni	NOUN	-
fön	NOUN	-
fötr	ADJ	-
fötr	NOUN	-
föy	NOUN	-
fücceten	ADV	-
füg	NOUN	-
fülüs	NOUN	-
füme	ADJ	-
füme	NOUN	-
fümerol	NOUN	-
füniküler	NOUN	-
fünye	NOUN	-
füru	NOUN	-
fürumaye	ADJ	-
füsun	NOUN	-
füsunkâr	ADJ	-
fütuhat	NOUN	-
fütuhatçı	NOUN	-
fütur	NOUN	-
fütursuzca	ADV	-
fütursuzcasına	ADV	-
fütürist	ADJ	-
fütürizm	NOUN	-
fütürolog	NOUN	-
fütüroloji	NOUN	-
fütürolojik	ADJ	-
fütüvvet	NOUN	-
füze	NOUN	-
füzeatar	NOUN	-
füzen	NOUN	-
füzesavar	NOUN	-
füzyometre	NOUN	-
füzyon	NOUN	-
fıkdan	NOUN	-
fıkra	NOUN	-
fıkra	VERB	-
fıkrama	NOUN	-
fıkramsı	ADJ	-
fıkıh	NOUN	-
fıkırda	VERB	-
fıkırdak	ADJ	-
fıkırdama	NOUN	-
fıkırdat	VERB	-
fıkırdatma	NOUN	-
fıkırdayış	NOUN	-
fıkırdaş	VERB	-
fıkırdaşma	NOUN	-
fıkırtı	NOUN	-
fıldır	ADJ	-
fındık	NOUN	VOICING
fındıki	NOUN	-
fındıkkabuğu	ADJ	-
fındıkkabuğu	NOUN	-
fındıkkıran	NOUN	-
fındıkçı	NOUN	-
fır	ADV	-
fır	NOUN	-
fırdolayı	ADV	-
fırdöndü	NOUN	-
fırfır	NOUN	-
fırka	NOUN	-
fırkata	NOUN	-
fırkateyn	NOUN	-
fırla	VERB	-
fırlak	ADJ	-
fırlama	NOUN	-
fırlat	VERB	-
fırlatabil	VERB	-
fırlatabilme	NOUN	-
fırlatma	NOUN	-
fırlatıl	VERB	-
fırlatılma	NOUN	-
fırlatıver	VERB	-
fırlatıverme	NOUN	-
fırlatış	NOUN	-
fırlayıver	VERB	-
fırlayıverme	NOUN	-
fırlayış	NOUN	-
fırsat	NOUN	-
fırsatçı	NOUN	-
fırt	NOUN	-
fırtla	VERB	-
fırtlama	NOUN	-
fırtına	NOUN	-
fırtınamsı	ADJ	-
fırça	NOUN	-
fırçala	VERB	-
fırçalama	NOUN	-
fırçalan	VERB	-
fırçalat	VERB	-
fırçalatma	NOUN	-
fırçalayabil	VERB	-
fırçalayabilme	NOUN	-
fırçalayış	NOUN	-
fırıldak	ADJ	VOICING
fırıldak	NOUN	VOICING
fırıldakçı	NOUN	-
fırıldan	VERB	-
fırıldanma	NOUN	-
fırıldat	VERB	-
fırıldatma	NOUN	-
fırın	ADJ	-
fırın	NOUN	-
fırınla	VERB	-
fırınlama	NOUN	-
fırınlan	VERB	-
fırınlat	VERB	-
fırınlatma	NOUN	-
fısfıs	NOUN	-
fısfısla	VERB	-
fısfıslama	NOUN	-
fısfıslan	VERB	-
fısfıslat	VERB	-
fısfıslatma	NOUN	-
fıskiye	NOUN	-
fısla	VERB	-
fıslama	NOUN	-
fıslan	VERB	-
fıslat	VERB	-
fıslatma	NOUN	-
fıstık	ADJ	VOICING
fıstık	NOUN	VOICING
fıstıki	NOUN	-
fıstıkla	VERB	-
fıstıklama	NOUN	-
fıstıkçı	NOUN	-
fısılda	VERB	-
fısıldama	NOUN	-
fısıldan	VERB	-
fısıldanma	NOUN	-
fısıldayabil	VERB	-
fısıldayabilme	NOUN	-
fısıldaş	VERB	-
fısıldaşma	NOUN	-
fısıltı	NOUN	-
fısırtı	NOUN	-
fıtrat	NOUN	-
fıtraten	ADV	-
fıtri	ADJ	-
fıtriye	NOUN	-
fıttır	VERB	-
fıttırma	NOUN	-
fıtık	NOUN	VOICING
fıçı	ADJ	-
fıçı	NOUN	-
fıçıla	VERB	-
fıçılama	NOUN	-
fışkı	NOUN	-
fışkıla	VERB	-
fışkılama	NOUN	-
fışkın	NOUN	-
fışkır	VERB	-
fışkırabil	VERB	-
fışkırabilme	NOUN	-
fışkırdak	NOUN	VOICING
fışkırma	NOUN	-
fışkırt	VERB	-
fışkırtma	NOUN	-
fışkırtı	NOUN	-
fışkırtıl	VERB	-
fışkırtılma	NOUN	-
fışkırık	NOUN	VOICING
fışkırıver	VERB	-
fışkırıverme	NOUN	-
fışkırış	NOUN	-
fışla	VERB	-
fışlama	NOUN	-
fıştakla	VERB	-
fıştaklama	NOUN	-
fışılda	VERB	-
fışıldama	NOUN	-
fışıltı	NOUN	-
fışırda	VERB	-
fışırdama	NOUN	-
fışırdat	VERB	-
fışırdatma	NOUN	-
fışırtı	NOUN	-
gabardin	ADJ	-
gabardin	NOUN	-
gabari	NOUN	-
gabavet	NOUN	-
gabi	ADJ	-
gabin	NOUN	-
gabro	NOUN	-
gabya	NOUN	-
gabyar	NOUN	-
gacırda	VERB	-
gacırdama	NOUN	-
gacırdat	VERB	-
gacırdatma	NOUN	-
gacırtı	NOUN	-
gaddar	ADJ	-
gaddarca	ADJ	-
gaddarca	ADV	-
gaddarcasına	ADV	-
gadir	NOUN	VOWEL_DROP
gadolinyum	NOUN	-
gadret	VERB	-
gadretme	NOUN	-
gadrol	VERB	-
gadrolma	NOUN	-
gadrolun	VERB	-
gadrolunma	NOUN	-
gaf	NOUN	-
gaffar	ADJ	-
gafil	ADJ	-
gafilane	ADV	-
gaflet	NOUN	-
gafur	ADJ	-
gag	NOUN	-
gaga	NOUN	-
gagaburun	NOUN	VOWEL_DROP
gagala	VERB	-
gagalama	NOUN	-
gagalan	VERB	-
gagalaş	VERB	-
gagamsı	ADJ	-
gaile	NOUN	-
gaip	ADJ	VOICING
gaip	NOUN	VOICING
gaita	NOUN	-
gak	NOUN	-
gakla	VERB	-
gaklama	NOUN	-
gala	NOUN	-
galago	NOUN	-
galaksi	NOUN	-
galalit	NOUN	-
galat	NOUN	-
galatıhis	NOUN	-
galatımeşhur	NOUN	-
gale	NOUN	-
galebe	NOUN	-
galenit	NOUN	-
galeri	NOUN	-
galerya	NOUN	-
galeta	NOUN	-
galeyan	NOUN	-
galiba	ADV	-
galibarda	NOUN	-
galibiyet	NOUN	-
galip	ADJ	-
galiz	ADJ	-
galon	NOUN	-
galop	NOUN	VOICING
galoş	NOUN	-
galsame	NOUN	-
galvaniz	NOUN	-
galvanize	ADJ	-
galvanizle	VERB	-
galvanizleme	NOUN	-
galvanizlen	VERB	-
galvanizlet	VERB	-
galvanizletme	NOUN	-
galvanizm	NOUN	-
galvano	NOUN	-
galvanokoter	NOUN	-
galvanometre	NOUN	-
galvanoplasti	NOUN	-
galvanoskop	NOUN	VOICING
galvanotip	NOUN	-
galyot	NOUN	-
galyum	NOUN	-
gam	NOUN	-
gama	NOUN	-
gamaglobülin	NOUN	-
gamba	NOUN	-
gambot	NOUN	-
gamet	NOUN	-
gamlan	VERB	-
gamlandır	VERB	-
gamlıca	ADV	-
gammaz	ADJ	-
gammazla	VERB	-
gammazlama	NOUN	-
gammazlan	VERB	-
gamsele	NOUN	-
gamsızca	ADV	-
gamze	NOUN	-
gang	NOUN	-
gangliyon	NOUN	-
gangster	NOUN	-
gani	ADJ	-
gani	NOUN	-
ganimet	NOUN	-
ganyan	ADJ	-
ganyan	NOUN	-
gar	NOUN	-
garabet	NOUN	-
garaip	NOUN	VOICING
garaj	NOUN	-
garami	ADJ	-
garanti	ADV	-
garanti	NOUN	-
garantile	VERB	-
garantileme	NOUN	-
garantilet	VERB	-
garantiletme	NOUN	-
garantileyebil	VERB	-
garantileyebilme	NOUN	-
garantör	ADJ	-
garantör	NOUN	-
garaz	NOUN	-
garazkâr	ADJ	-
garazkârane	ADV	-
garazsızca	ADV	-
garbi	NOUN	-
gard	NOUN	-
gardenparti	NOUN	-
gardenya	NOUN	-
gardiyan	NOUN	-
gardıfren	NOUN	-
gardırop	NOUN	VOICING
gardıropçu	NOUN	-
gargar	NOUN	-
gargara	NOUN	-
gariban	ADJ	-
garibancık	NOUN	VOICING
garibe	NOUN	-
garip	ADJ	-
garip	INTERJ	-
garip	NOUN	-
garipleş	VERB	-
garipse	VERB	-
garipseme	NOUN	-
garipsen	VERB	-
garipsenme	NOUN	-
gark	NOUN	-
garnitür	NOUN	-
garnizon	NOUN	-
garoz	NOUN	-
garp	NOUN	VOICING
garsiyat	NOUN	-
garson	NOUN	-
garsoniyer	NOUN	-
gasbedil	VERB	-
gasbedilme	NOUN	-
gasbet	VERB	-
gasbetme	NOUN	-
gaseyan	NOUN	-
gasil	NOUN	VOWEL_DROP
gasilhane	NOUN	-
gaslet	VERB	-
gasletme	NOUN	-
gasp	NOUN	VOICING
gaspçı	NOUN	-
gassal	NOUN	-
gastrit	NOUN	-
gastroenterolog	NOUN	-
gastroenteroloji	NOUN	-
gastroenterolojik	ADJ	-
gastronom	NOUN	-
gastronomi	NOUN	-
gastronorm	NOUN	-
gastroskop	NOUN	VOICING
gastroskopi	NOUN	-
gastrula	NOUN	-
gato	NOUN	-
gauss	NOUN	-
gavot	NOUN	-
gayakol	NOUN	-
gaybubet	NOUN	-
gayda	NOUN	-
gaye	NOUN	-
gayet	ADV	-
gayetle	ADV	-
gayr	NOUN	-
gayret	NOUN	-
gayretkeş	ADJ	-
gayretkeş	NOUN	-
gayretlen	VERB	-
gayretlendir	VERB	-
gayri	ADV	-
gayri	POSTP	-
gayriahlaki	ADJ	-
gayriahlaki	NOUN	-
gayriciddi	ADJ	-
gayriihtiyari	ADV	-
gayriinsani	ADJ	-
gayriiradi	ADJ	-
gayrikabil	ADJ	-
gayrikanuni	ADJ	-
gayrimaddi	ADJ	-
gayrimahdut	ADJ	-
gayrimakul	ADJ	-
gayrimemnun	ADJ	-
gayrimenkul	NOUN	VOWEL_DROP
gayrimeskûn	ADJ	-
gayrimeşru	ADJ	-
gayrimeşru	NOUN	-
gayrimillî	ADJ	-
gayrimuayyen	ADJ	-
gayrimuntazam	ADJ	-
gayrimümkün	ADJ	-
gayrimüslim	NOUN	-
gayrinizami	ADJ	-
gayriresmî	ADJ	-
gayrisafi	ADJ	-
gayrisıhhi	ADJ	-
gayritabii	ADJ	-
gayritabii	ADV	-
gayritabii	NOUN	-
gayrişahsi	ADJ	-
gayrişahsi	NOUN	-
gayrı	ADV	-
gayrı	POSTP	-
gayur	ADJ	-
gayya	NOUN	-
gayz	NOUN	-
gayzer	NOUN	-
gayzerit	NOUN	-
gaz	NOUN	-
gaza	NOUN	-
gazal	NOUN	-
gazap	NOUN	VOICING
gazaplan	VERB	-
gazaplandır	VERB	-
gazebo	NOUN	-
gazeki	NOUN	-
gazel	NOUN	-
gazelhan	NOUN	-
gazelimsi	ADJ	-
gazeliyat	NOUN	-
gazellen	VERB	-
gazete	NOUN	-
gazhane	NOUN	-
gazi	NOUN	-
gazino	NOUN	-
gazla	VERB	-
gazla!	NOUN	-
gazlama	NOUN	-
gazlan	VERB	-
gazlayabil	VERB	-
gazlayabilme	NOUN	-
gazlaş	VERB	-
gazlaştır	VERB	-
gazojen	NOUN	-
gazolin	NOUN	-
gazometre	NOUN	-
gazometri	NOUN	-
gazoz	NOUN	-
gazve	NOUN	-
gazölçer	NOUN	-
gazışı	NOUN	-
gazışıl	ADJ	-
gaşiy	NOUN	-
gaşyol	VERB	-
gaşyolma	NOUN	-
ge	NOUN	-
gebe	ADJ	-
gebe	NOUN	-
geber	VERB	-
geberesice	ADJ	-
geberik	ADJ	-
geberme	NOUN	-
gebert	VERB	-
gebertebil	VERB	-
gebertebilme	NOUN	-
gebertil	VERB	-
gebertilme	NOUN	-
gebertme	NOUN	-
gebeş	ADJ	-
gebeş	NOUN	-
gebre	NOUN	-
gebrele	VERB	-
gebreleme	NOUN	-
gebrelen	VERB	-
gece	ADV	-
gece	NOUN	-
gececil	ADJ	-
gececil	NOUN	-
geceki	ADJ	-
gecekondu	NOUN	-
gecekondulaş	VERB	-
gecele	VERB	-
geceleme	NOUN	-
gecelerce	ADV	-
geceleri	ADV	-
geceleri	NOUN	-
geceleyebil	VERB	-
geceleyebilme	NOUN	-
geceleyin	ADV	-
geceleyiş	NOUN	-
gecesefası	NOUN	-
gecesefasıgiller	NOUN	-
gecik	VERB	-
gecikebil	VERB	-
gecikebilme	NOUN	-
gecikil	VERB	-
gecikilme	NOUN	-
gecikiş	NOUN	-
gecikme	NOUN	-
geciktir	VERB	-
geciktirebil	VERB	-
geciktirebilme	NOUN	-
geciktiril	VERB	-
geciktirilme	NOUN	-
geciktirim	NOUN	-
geciktirme	NOUN	-
ged	VERB	-
geda	ADJ	-
geda	NOUN	-
gedik	NOUN	VOICING
gedil	VERB	-
gedilme	NOUN	-
gedme	NOUN	-
gehgeh	NOUN	-
gel	VERB	-
gelberi	NOUN	-
gele	NOUN	-
gelebil	VERB	-
gelebilme	NOUN	-
gelecek	ADJ	VOICING
gelecek	NOUN	VOICING
gelecekçi	ADJ	-
gelembe	NOUN	-
geleme	NOUN	-
gelen	ADJ	-
gelen	NOUN	-
gelenek	NOUN	VOICING
gelenekleş	VERB	-
gelenekleştir	VERB	-
geleneksel	ADJ	-
geleneksel	NOUN	-
gelenekselleş	VERB	-
gelenekçi	ADJ	-
geleni	NOUN	-
geleğen	ADJ	-
gelgel	NOUN	-
gelgelelim	CONJ	-
gelgeç	ADJ	-
gelgeç	NOUN	-
gelgeççi	ADJ	-
gelgit	NOUN	-
gelim	NOUN	-
gelin	NOUN	-
gelin	VERB	-
gelinbaşı	NOUN	-
gelinboğan	NOUN	-
gelincik	NOUN	VOICING
gelincikgiller	NOUN	-
gelinfeneri	NOUN	-
gelinkuşağı	NOUN	-
gelinlikçi	NOUN	-
gelinme	NOUN	-
gelinparmağı	NOUN	-
gelir	NOUN	-
geliver	VERB	-
geliverme	NOUN	-
geliş	NOUN	-
geliş	VERB	-
gelişebil	VERB	-
gelişebilme	NOUN	-
gelişigüzel	ADJ	-
gelişigüzel	ADV	-
gelişim	NOUN	-
gelişimsel	ADJ	-
gelişimsel	NOUN	-
gelişiver	VERB	-
gelişiverme	NOUN	-
gelişkin	ADJ	-
gelişme	NOUN	-
gelişmiş	ADJ	-
geliştir	VERB	-
geliştirebil	VERB	-
geliştirebilme	NOUN	-
geliştiril	VERB	-
geliştirilebil	VERB	-
geliştirilebilme	NOUN	-
geliştirilme	NOUN	-
geliştirim	NOUN	-
geliştirme	NOUN	-
gelme	ADJ	-
gelme	NOUN	-
gelmiç	NOUN	VOICING
gem	NOUN	-
gemi	NOUN	-
gemle	VERB	-
gemleme	NOUN	-
gemlen	VERB	-
gemre	NOUN	-
gen	ADJ	-
gen	NOUN	-
gencecik	ADJ	-
gencel	VERB	-
gencelme	NOUN	-
gene	ADV	-
genel	ADJ	-
genel	NOUN	-
genel	VERB	-
geneleme	NOUN	-
genelev	NOUN	-
genelge	NOUN	-
genelgeçer	ADJ	-
genelkurmay	NOUN	-
genelle	VERB	-
genelleme	NOUN	-
genellen	VERB	-
genelleyebil	VERB	-
genelleyebilme	NOUN	-
genelleş	VERB	-
genelleştir	VERB	-
genelleştirebil	VERB	-
genelleştirebilme	NOUN	-
genelleştiril	VERB	-
genelleştirilme	NOUN	-
genellikle	ADV	-
genelme	NOUN	-
general	NOUN	-
genetik	ADJ	VOICING
genetik	NOUN	VOICING
genitif	NOUN	-
geniz	NOUN	-
genizsil	ADJ	-
geniş	ADJ	-
geniş	NOUN	-
genişle	VERB	-
genişleme	NOUN	-
genişlet	VERB	-
genişletebil	VERB	-
genişletebilme	NOUN	-
genişletil	VERB	-
genişletilme	NOUN	-
genişletiş	NOUN	-
genişletme	NOUN	-
genişlettir	VERB	-
genişlettirme	NOUN	-
genişleyebil	VERB	-
genişleyebilme	NOUN	-
genişleyiş	NOUN	-
genişçe	ADJ	-
genişçe	ADV	-
genleş	VERB	-
genleşmeölçer	NOUN	-
genleştir	VERB	-
genom	NOUN	-
genosit	NOUN	-
genotip	NOUN	-
gensel	ADJ	-
gensoru	NOUN	-
genzek	ADJ	-
genzel	ADJ	-
genç	ADJ	VOICING
genç	NOUN	VOICING
gençleş	VERB	-
gençleştir	VERB	-
gençleştiril	VERB	-
gençleştirilme	NOUN	-
gençten	ADJ	-
geodezi	NOUN	-
geoit	NOUN	VOICING
geometri	NOUN	-
geometrik	ADJ	-
geoteknik	NOUN	VOICING
gepegencecik	ADJ	VOICING
gepegenç	ADJ	VOICING
gepgenç	ADJ	VOICING
gepgenç	ADV	VOICING
ger	VERB	-
gerdan	NOUN	-
gerdaniye	NOUN	-
gerdek	NOUN	VOICING
gerdel	NOUN	-
gerdir	VERB	-
gerdirebil	VERB	-
gerdirebilme	NOUN	-
gerdiril	VERB	-
gerdirilme	NOUN	-
gerdirme	NOUN	-
gerdirt	VERB	-
gerdirtme	NOUN	-
gerebil	VERB	-
gerebilme	NOUN	-
gerek	ADJ	VOICING
gerek	ADV	VOICING
gerek	NOUN	VOICING
gerek	VERB	-
gerekme	NOUN	-
gerekse	VERB	-
gerekseme	NOUN	-
gereksin	VERB	-
gereksinim	NOUN	-
gereksinme	NOUN	-
gereksizce	ADV	-
gereksizleş	VERB	-
gereksizleştir	VERB	-
gerektir	VERB	-
gerektirim	NOUN	-
gerektirme	NOUN	-
gerekçe	NOUN	-
gerekçelendir	VERB	-
gerelti	ADJ	-
gerelti	NOUN	-
geren	NOUN	-
gereç	NOUN	VOICING
gereğince	ADV	-
gereğince	NOUN	-
gergedan	NOUN	-
gergedangiller	NOUN	-
gergef	NOUN	-
gergevşet	NOUN	-
gergi	NOUN	-
gergin	ADJ	-
gergin	NOUN	-
gergince	ADJ	-
gerginleş	VERB	-
gerginleştir	VERB	-
geri	ADJ	-
geri	ADV	-
geri	INTERJ	-
geri	NOUN	-
geriatri	NOUN	-
geril	VERB	-
gerile	VERB	-
gerilek	ADJ	-
gerileme	NOUN	-
gerilet	VERB	-
geriletebil	VERB	-
geriletebilme	NOUN	-
geriletme	NOUN	-
gerileyebil	VERB	-
gerileyebilme	NOUN	-
gerileyiş	NOUN	-
gerilim	NOUN	-
gerilimölçer	NOUN	-
geriliş	NOUN	-
gerilla	NOUN	-
gerillalaş	VERB	-
gerilme	NOUN	-
gerim	NOUN	-
gerin	VERB	-
geriniş	NOUN	-
gerinme	NOUN	-
geriz	NOUN	-
geriş	NOUN	-
germanyum	NOUN	-
germe	NOUN	-
germen	NOUN	-
gerontolog	NOUN	-
gerontoloji	NOUN	-
gerundium	NOUN	-
gerzek	ADJ	-
gerzekleş	VERB	-
gerzekçe	ADV	-
gerçek	ADJ	VOICING
gerçek	NOUN	VOICING
gerçekle	VERB	-
gerçekleme	NOUN	-
gerçeklen	VERB	-
gerçekleş	VERB	-
gerçekleşebil	VERB	-
gerçekleşebilme	NOUN	-
gerçekleştir	VERB	-
gerçekleştirebil	VERB	-
gerçekleştirebilme	NOUN	-
gerçekleştiril	VERB	-
gerçekleştirilebil	VERB	-
gerçekleştirilebilme	NOUN	-
gerçekleştirilme	NOUN	-
gerçekte	ADV	-
gerçekten	ADV	-
gerçekçi	ADJ	-
gerçekçi	NOUN	-
gerçeküstü	NOUN	-
gerçi	ADV	-
gestalt	NOUN	-
gestapo	NOUN	-
getir	VERB	-
getirebil	VERB	-
getirebilme	NOUN	-
getirgötür	ADJ	-
getiri	NOUN	-
getiril	VERB	-
getirilebil	VERB	-
getirilebilme	NOUN	-
getiriliş	NOUN	-
getirilme	NOUN	-
getirim	NOUN	-
getiriver	VERB	-
getiriverme	NOUN	-
getiriş	NOUN	-
getirme	NOUN	-
getirt	VERB	-
getirtebil	VERB	-
getirtebilme	NOUN	-
getirtil	VERB	-
getirtilme	NOUN	-
getirtiş	NOUN	-
getirtme	NOUN	-
getirttir	VERB	-
getirttirme	NOUN	-
getr	NOUN	-
getto	NOUN	-
gettolaş	VERB	-
gettolaştır	VERB	-
gettolaştırıl	VERB	-
gettolaştırılma	NOUN	-
gev	VERB	-
gevele	VERB	-
geveleme	NOUN	-
gevelen	VERB	-
geveleyiver	VERB	-
geveleyiverme	NOUN	-
geveleyiş	NOUN	-
geven	NOUN	-
geveze	ADJ	-
geveze	NOUN	-
gevezelen	VERB	-
gevezeleş	VERB	-
gevher	NOUN	-
geviş	NOUN	-
gevme	NOUN	-
gevre	VERB	-
gevrecik	ADJ	-
gevrecik	NOUN	-
gevrek	ADJ	VOICING
gevrek	NOUN	VOICING
gevrekçi	NOUN	-
gevreme	NOUN	-
gevret	VERB	-
gevretil	VERB	-
gevretilme	NOUN	-
gevretme	NOUN	-
gevşe	VERB	-
gevşek	ADJ	-
gevşek	ADV	-
gevşek	NOUN	-
gevşekleş	VERB	-
gevşeme	NOUN	-
gevşet	VERB	-
gevşetebil	VERB	-
gevşetebilme	NOUN	-
gevşetil	VERB	-
gevşetilme	NOUN	-
gevşetiş	NOUN	-
gevşetme	NOUN	-
gevşeyebil	VERB	-
gevşeyebilme	NOUN	-
gevşeyiş	NOUN	-
gey	NOUN	-
geyik	NOUN	VOICING
geyikgiller	NOUN	-
geyşa	NOUN	-
gez	NOUN	-
gez	VERB	-
gezdir	VERB	-
gezdirebil	VERB	-
gezdirebilme	NOUN	-
gezdiril	VERB	-
gezdirilme	NOUN	-
gezdiriş	NOUN	-
gezdirme	NOUN	-
gezebil	VERB	-
gezebilme	NOUN	-
gezegen	NOUN	-
gezele	VERB	-
gezeleme	NOUN	-
gezenti	ADJ	-
gezeğen	ADJ	-
gezgin	NOUN	-
gezi	ADJ	-
gezi	NOUN	-
gezil	VERB	-
geziliş	NOUN	-
gezilme	NOUN	-
gezin	VERB	-
gezinebil	VERB	-
gezinebilme	NOUN	-
geziniş	NOUN	-
gezinme	NOUN	-
gezinti	NOUN	-
geziş	NOUN	-
gezle	VERB	-
gezleme	NOUN	-
gezme	NOUN	-
gezmen	NOUN	-
geç	ADJ	-
geç	ADV	-
geç	VERB	-
geçdoğan	ADJ	-
geçe	ADV	-
geçe	NOUN	-
geçebil	VERB	-
geçebilme	NOUN	-
geçek	NOUN	VOICING
geçen	ADJ	-
geçende	ADV	-
geçenek	NOUN	VOICING
geçenlerde	ADV	-
geçer	ADJ	-
geçer	NOUN	-
geçerle	VERB	-
geçerleme	NOUN	-
geçerlen	VERB	-
geçerlet	VERB	-
geçerletme	NOUN	-
geçersizleş	VERB	-
geçersizleştir	VERB	-
geçgeç	NOUN	VOICING
geçgeçle	VERB	-
geçgeçleme	NOUN	-
geçil	VERB	-
geçilebil	VERB	-
geçilebilme	NOUN	-
geçiliş	NOUN	-
geçilme	NOUN	-
geçilme	VERB	-
geçim	NOUN	-
geçimsizleş	VERB	-
geçin	VERB	-
geçindir	VERB	-
geçindirebil	VERB	-
geçindirebilme	NOUN	-
geçindirme	NOUN	-
geçinebil	VERB	-
geçinebilme	NOUN	-
geçinil	VERB	-
geçinilme	NOUN	-
geçinim	NOUN	-
geçiniz	NOUN	-
geçiniş	NOUN	-
geçinme	NOUN	-
geçir	VERB	-
geçirebil	VERB	-
geçirebilme	NOUN	-
geçirgen	ADJ	-
geçirgen	NOUN	-
geçiril	VERB	-
geçirilebil	VERB	-
geçirilebilme	NOUN	-
geçirilme	NOUN	-
geçirim	NOUN	-
geçiriver	VERB	-
geçiriverme	NOUN	-
geçiriş	NOUN	-
geçirme	NOUN	-
geçirt	VERB	-
geçirtil	VERB	-
geçirtilme	NOUN	-
geçirtme	NOUN	-
geçit	NOUN	VOICING
geçiver	VERB	-
geçiverme	NOUN	-
geçiş	NOUN	-
geçiş	VERB	-
geçişim	NOUN	-
geçişken	ADJ	-
geçişken	NOUN	-
geçişme	NOUN	-
geçiştir	VERB	-
geçiştirebil	VERB	-
geçiştirebilme	NOUN	-
geçiştiril	VERB	-
geçiştirilme	NOUN	-
geçiştirme	NOUN	-
geçkin	ADJ	-
geçkin	NOUN	-
geçkince	ADJ	-
geçme	ADJ	-
geçme	NOUN	-
geçmez	ADJ	-
geçmez	NOUN	-
geçmiş	ADJ	-
geçmiş	NOUN	-
geçmişte	ADV	-
geççe	ADV	-
geğir	VERB	-
geğirebil	VERB	-
geğirebilme	NOUN	-
geğiriş	NOUN	-
geğirme	NOUN	-
geğirt	VERB	-
geğirti	NOUN	-
geğirtme	NOUN	-
geğrek	NOUN	VOICING
gibi	NOUN	-
gibi	POSTP	-
gibilerden	ADV	-
gibisi	NOUN	-
gibisinden	ADV	-
giciş	VERB	-
gicişme	NOUN	-
gidebil	VERB	-
gidebilme	NOUN	-
gidedur	VERB	-
gidedurma	VERB	-
gider	NOUN	-
gider	VERB	-
giderayak	ADV	-
giderayak	NOUN	-
giderebil	VERB	-
giderebilme	NOUN	-
giderek	ADV	-
gideril	VERB	-
giderilebil	VERB	-
giderilebilme	NOUN	-
gideriliş	NOUN	-
giderilme	NOUN	-
gideriver	VERB	-
gideriverme	NOUN	-
gideriş	NOUN	-
giderme	NOUN	-
gidert	VERB	-
gidertme	NOUN	-
gideğen	NOUN	-
gidi	ADJ	-
gidi	INTERJ	-
gidil	VERB	-
gidilebil	VERB	-
gidilebilme	NOUN	-
gidiliş	NOUN	-
gidilme	NOUN	-
gidim	NOUN	-
gidiver	VERB	-
gidiverme	NOUN	-
gidiş	NOUN	-
gidiş	VERB	-
gidişat	NOUN	-
gidişme	NOUN	-
gidon	NOUN	-
gilaburu	NOUN	-
gine	ADV	-
ginseng	NOUN	-
gir	VERB	-
giranbaha	ADJ	-
giray	NOUN	-
girdap	NOUN	VOICING
girdi	NOUN	-
girdir	VERB	-
girdirme	NOUN	-
girebil	VERB	-
girebilme	NOUN	-
giren	NOUN	-
girenle	VERB	-
girenleme	NOUN	-
girgin	ADJ	-
girift	ADJ	-
girift	NOUN	-
giriftar	ADJ	-
giriftzen	NOUN	-
giril	VERB	-
girilebil	VERB	-
girilebilme	NOUN	-
giriliş	NOUN	-
girilme	NOUN	-
girim	NOUN	-
girinti	NOUN	-
giriver	VERB	-
giriverme	NOUN	-
girizgâh	NOUN	-
giriş	NOUN	-
giriş	VERB	-
girişebil	VERB	-
girişebilme	NOUN	-
girişik	ADJ	-
girişil	VERB	-
girişilme	NOUN	-
girişim	NOUN	-
girişimsel	ADJ	-
girişimsel	NOUN	-
girişimölçer	NOUN	-
girişken	ADJ	-
girişkin	ADJ	-
girişme	NOUN	-
girme	NOUN	-
git	VERB	VOICING
gitar	NOUN	-
gitarist	NOUN	-
gitgide	ADV	-
gitme	NOUN	-
gitsin	NOUN	-
gitti	NOUN	-
gittikçe	ADV	-
giy	VERB	-
giydir	VERB	-
giydirebil	VERB	-
giydirebilme	NOUN	-
giydiril	VERB	-
giydirilme	NOUN	-
giydiriş	NOUN	-
giydirme	NOUN	-
giyebil	VERB	-
giyebilme	NOUN	-
giyecek	NOUN	VOICING
giyil	VERB	-
giyiliş	NOUN	-
giyilme	NOUN	-
giyim	NOUN	-
giyimevi	NOUN	-
giyimçizer	NOUN	-
giyin	VERB	-
giyinebil	VERB	-
giyinebilme	NOUN	-
giyinik	ADJ	-
giyinik	ADV	-
giyiniver	VERB	-
giyiniverme	NOUN	-
giyiniş	NOUN	-
giyinme	NOUN	-
giyit	NOUN	-
giyiver	VERB	-
giyiverme	NOUN	-
giyiş	NOUN	-
giyme	NOUN	-
giyotin	NOUN	-
giysi	NOUN	-
giz	NOUN	-
gizem	NOUN	-
gizemsel	ADJ	-
gizil	ADJ	-
gizle	VERB	-
gizleme	NOUN	-
gizlen	VERB	-
gizlenebil	VERB	-
gizlenebilme	NOUN	-
gizlenil	VERB	-
gizlenilme	NOUN	-
gizleniş	NOUN	-
gizlet	VERB	-
gizletme	NOUN	-
gizleyebil	VERB	-
gizleyebilme	NOUN	-
gizleyiş	NOUN	-
gizlice	ADV	-
gişe	NOUN	-
gladyatör	NOUN	-
gladyo	NOUN	-
glase	ADJ	-
glase	NOUN	-
glasiye	NOUN	-
glasnost	NOUN	-
glasyolog	NOUN	-
glasyoloji	NOUN	-
glasyolojik	ADJ	-
glasyolojist	NOUN	-
glayöl	NOUN	-
glikojen	NOUN	-
glikol	NOUN	-
glikoz	NOUN	-
glikozit	NOUN	VOICING
glikozüri	NOUN	-
gliserin	NOUN	-
global	ADJ	-
global	NOUN	-
globalleş	VERB	-
globalleştir	VERB	-
globülin	NOUN	-
glokom	NOUN	-
glokoni	NOUN	-
glüten	NOUN	-
gnays	NOUN	-
goblen	ADJ	-
goblen	NOUN	-
gocuk	NOUN	VOICING
gocun	VERB	-
gocundur	VERB	-
gocundurma	NOUN	-
gocunma	NOUN	-
godoş	NOUN	-
gofre	NOUN	-
gofret	NOUN	-
gol	NOUN	-
golf	NOUN	-
golfstrim	NOUN	-
golfçü	NOUN	-
gomalak	NOUN	VOICING
gonca	NOUN	-
gondol	NOUN	-
gonk	NOUN	VOICING
gonokok	NOUN	-
goril	NOUN	-
goygoy	NOUN	-
goşist	NOUN	-
goşizm	NOUN	-
graben	NOUN	-
grado	NOUN	-
grafik	NOUN	VOICING
grafiker	NOUN	-
grafikçi	NOUN	-
grafit	NOUN	-
grafiti	NOUN	-
grafolog	NOUN	-
grafoloji	NOUN	-
grafolojik	ADJ	-
grafometre	NOUN	-
gram	NOUN	-
gramaj	NOUN	-
gramatik	ADJ	-
gramatik	ADV	-
gramatikal	ADJ	-
gramer	NOUN	-
gramerleş	VERB	-
gramerleştir	VERB	-
gramerleştiril	VERB	-
gramerleştirilme	NOUN	-
gramkuvvet	NOUN	-
gramofon	NOUN	-
gramsantimetre	NOUN	-
grandi	NOUN	-
grandük	NOUN	-
granit	NOUN	-
grantuvalet	ADJ	-
grantuvalet	ADV	-
granül	NOUN	-
granülin	NOUN	-
granülit	NOUN	-
gravimetre	NOUN	-
gravite	NOUN	-
gravyer	NOUN	-
gravür	NOUN	-
grejuva	NOUN	-
grekoromen	NOUN	-
gremse	NOUN	-
gren	NOUN	-
grena	NOUN	-
gres	NOUN	-
gresör	NOUN	-
grev	NOUN	-
greyder	NOUN	-
greyfurt	NOUN	-
greçka	NOUN	-
gri	ADJ	-
gri	NOUN	-
gribal	ADJ	-
grida	NOUN	-
gril	NOUN	-
grimsi	ADJ	-
grimtırak	ADJ	-
grip	NOUN	VOICING
grizu	NOUN	-
grizumetre	NOUN	-
grizuölçer	NOUN	-
grogi	ADJ	-
grogi	NOUN	-
gron	ADJ	-
gron	NOUN	-
grosa	NOUN	-
grosmarket	NOUN	-
groston	NOUN	-
grotesk	NOUN	-
grup	NOUN	VOICING
gruplan	VERB	-
gruplandır	VERB	-
gruplanış	NOUN	-
gruplaş	VERB	-
gruplaştır	VERB	-
guaj	NOUN	-
guano	NOUN	-
guarani	NOUN	-
guard	NOUN	-
guatr	NOUN	-
gucurda	VERB	-
gucurdama	NOUN	-
gudde	NOUN	-
gudubet	ADJ	-
gufran	NOUN	-
guguk	NOUN	-
gugukgiller	NOUN	-
gulaş	NOUN	-
gulden	NOUN	-
gulet	NOUN	-
gulgule	NOUN	-
gulyabani	NOUN	-
gurbet	NOUN	-
gurbetzede	NOUN	-
gurbetçi	NOUN	-
gurk	NOUN	-
gurkla	VERB	-
gurklama	NOUN	-
gurla	VERB	-
gurlama	NOUN	-
gurme	ADJ	-
gurme	NOUN	-
guru	NOUN	-
gurubi	ADJ	-
gurulda	VERB	-
guruldama	NOUN	-
guruldat	VERB	-
guruldatma	NOUN	-
gurultu	NOUN	-
gurup	NOUN	VOICING
gurur	NOUN	-
gururlan	VERB	-
gururlanabil	VERB	-
gururlanabilme	NOUN	-
gururlandır	VERB	-
gururlanış	NOUN	-
gururluca	ADV	-
guslet	VERB	-
gusletme	NOUN	-
gusto	NOUN	-
gusül	NOUN	VOWEL_DROP
gusülhane	NOUN	-
gut	NOUN	-
guvernör	NOUN	-
guşa	NOUN	-
gâh	ADV	-
gâhi	ADV	-
gâhice	ADV	-
gâvur	ADJ	-
gâvur	NOUN	-
gâvurca	ADV	-
gâvurca	NOUN	-
gâvurcasına	ADV	-
gâvurlaş	VERB	-
göbek	NOUN	VOICING
göbeklen	VERB	-
göbeklice	ADJ	-
göbel	NOUN	-
göbelek	NOUN	VOICING
göbelez	NOUN	-
göbüt	NOUN	-
göce	NOUN	-
göcen	NOUN	-
göden	NOUN	-
gödeş	ADJ	-
gök	ADJ	VOICING
gök	NOUN	VOICING
gökbalina	NOUN	-
gökdelen	NOUN	-
gökdoğan	NOUN	-
gökevi	NOUN	-
gökgüvercin	NOUN	-
gökkuzgun	NOUN	-
gökkuzgungiller	NOUN	-
gökkuzgunlar	NOUN	-
gökkuzgunumsular	NOUN	-
gökkuşağı	NOUN	-
gökmen	ADJ	-
göknar	NOUN	-
göksel	ADJ	-
göktırmalayan	NOUN	-
gökyüzü	NOUN	-
gökçe	ADJ	-
gökçe	NOUN	-
gökçek	ADJ	-
gökçül	ADJ	-
gökçül	NOUN	-
gökşin	ADJ	-
gökşin	NOUN	-
göl	NOUN	-
gölcük	NOUN	VOICING
gölcül	ADJ	-
gölek	NOUN	VOICING
göler	VERB	-
gölerme	NOUN	-
gölet	NOUN	-
gölge	NOUN	-
gölgecil	ADJ	-
gölgele	VERB	-
gölgeleme	NOUN	-
gölgelen	VERB	-
gölgelendir	VERB	-
gölgeleniş	NOUN	-
gölgeleyebil	VERB	-
gölgeleyebilme	NOUN	-
gölgeleyiş	NOUN	-
gölgevari	ADJ	-
gölle	VERB	-
gölleme	NOUN	-
göllen	VERB	-
gölleş	VERB	-
göm	VERB	-
gömebil	VERB	-
gömebilme	NOUN	-
gömgök	ADJ	-
gömgök	NOUN	-
gömlek	NOUN	VOICING
gömlekliler	NOUN	-
gömlekçi	NOUN	-
gömme	ADJ	-
gömme	NOUN	-
gömü	NOUN	-
gömük	ADJ	-
gömül	VERB	-
gömüldürük	NOUN	VOICING
gömüle	VERB	-
gömülebil	VERB	-
gömülebilme	NOUN	-
gömüleme	NOUN	-
gömülme	NOUN	-
gömültü	NOUN	-
gömülüver	VERB	-
gömülüverme	NOUN	-
gömülüş	NOUN	-
gömüt	NOUN	-
gömüver	VERB	-
gömüverme	NOUN	-
gömüş	NOUN	-
gön	NOUN	-
gönder	NOUN	-
gönder	VERB	-
gönderebil	VERB	-
gönderebilme	NOUN	-
gönderge	NOUN	-
gönderi	NOUN	-
gönderil	VERB	-
gönderilebil	VERB	-
gönderilebilme	NOUN	-
gönderiliş	NOUN	-
gönderilme	NOUN	-
gönderim	NOUN	-
gönderiver	VERB	-
gönderiverme	NOUN	-
gönderiş	NOUN	-
gönderme	NOUN	-
göndert	VERB	-
göndertme	NOUN	-
gönen	ADJ	-
gönen	NOUN	-
gönen	VERB	-
gönendir	VERB	-
gönendiril	VERB	-
gönendirilme	NOUN	-
gönendirme	NOUN	-
gönenme	NOUN	-
gönenç	NOUN	VOICING
gönlünce	ADV	-
gönye	NOUN	-
gönyele	VERB	-
gönyeleme	NOUN	-
gönç	ADJ	-
gönül	NOUN	VOWEL_DROP
gönüldaş	NOUN	-
gönüllen	VERB	-
gönüllendir	VERB	-
gönüllüce	ADJ	-
gönüllüce	ADV	-
gönülsüzce	ADV	-
gör	VERB	-
gördek	NOUN	VOICING
gördür	VERB	-
gördürebil	VERB	-
gördürebilme	NOUN	-
gördürme	NOUN	-
gördürt	VERB	-
gördürtme	NOUN	-
göre	NOUN	-
göre	POSTP	-
görebil	VERB	-
görebilme	NOUN	-
görece	ADJ	-
görece	NOUN	-
görenek	NOUN	VOICING
göreneksel	ADJ	-
görenekçi	NOUN	-
göresi	VERB	-
göresime	NOUN	-
görev	NOUN	-
görevdaş	NOUN	-
görevlen	VERB	-
görevlendir	VERB	-
görevlendirebil	VERB	-
görevlendirebilme	NOUN	-
görevlendiril	VERB	-
görevlendirilebil	VERB	-
görevlendirilebilme	NOUN	-
görevlendirilme	NOUN	-
görevsel	ADJ	-
görgü	NOUN	-
görgül	ADJ	-
görgülen	VERB	-
görgülüce	ADV	-
görgüsüzce	ADJ	-
görgüsüzce	ADV	-
görk	NOUN	-
görkem	NOUN	-
görkemleş	VERB	-
görme	NOUN	-
görme!	NOUN	-
görmece	ADJ	-
görmece	ADV	-
görmemiş	ADJ	-
görmez	ADJ	-
görmez	NOUN	-
görmezlen	VERB	-
görsel	ADJ	-
görü	NOUN	-
görül	VERB	-
görülebil	VERB	-
görülebilme	NOUN	-
görülme	NOUN	-
görülmemiş	ADJ	-
görülüş	NOUN	-
görüm	NOUN	-
görümce	NOUN	-
görümsetme	NOUN	-
görün	VERB	-
görünebil	VERB	-
görünebilme	NOUN	-
görünge	NOUN	-
görüngü	NOUN	-
görünme	NOUN	-
görünmez	ADJ	-
görüntü	NOUN	-
görüntüle	VERB	-
görüntüleme	NOUN	-
görüntülen	VERB	-
görüntület	VERB	-
görüntületme	NOUN	-
görüntüleyebil	VERB	-
görüntüleyebilme	NOUN	-
görüntüsel	ADJ	-
görünüm	NOUN	-
görünür	ADJ	-
görünür	NOUN	-
görünürde	ADV	-
görünürlerde	ADV	-
görünüver	VERB	-
görünüverme	NOUN	-
görünüş	NOUN	-
görünüşte	ADV	-
görüver	VERB	-
görüverme	NOUN	-
görüş	NOUN	-
görüş	VERB	-
görüşebil	VERB	-
görüşebilme	NOUN	-
görüşme	NOUN	-
görüştaş	NOUN	-
görüştür	VERB	-
görüştürebil	VERB	-
görüştürebilme	NOUN	-
görüştürme	NOUN	-
görüştürül	VERB	-
görüştürülme	NOUN	-
görüşül	VERB	-
görüşülebil	VERB	-
görüşülebilme	NOUN	-
görüşülme	NOUN	-
göster	VERB	-
gösterebil	VERB	-
gösterebilme	NOUN	-
gösteren	NOUN	-
gösterge	NOUN	-
göstergeç	NOUN	VOICING
gösteri	NOUN	-
gösteril	VERB	-
gösterilebil	VERB	-
gösterilebilme	NOUN	-
gösterilen	NOUN	-
gösteriliş	NOUN	-
gösterilme	NOUN	-
gösterim	NOUN	-
gösteriver	VERB	-
gösteriverme	NOUN	-
gösteriş	NOUN	-
gösterişlice	ADJ	-
gösterişçi	NOUN	-
gösterme	NOUN	-
göstert	VERB	-
göstertme	NOUN	-
göt	NOUN	-
götür	VERB	-
götürebil	VERB	-
götürebilme	NOUN	-
götürme	NOUN	-
götürt	VERB	-
götürtme	NOUN	-
götürü	ADJ	-
götürü	ADV	-
götürü	NOUN	-
götürül	VERB	-
götürülme	NOUN	-
götürülüş	NOUN	-
götürüm	NOUN	-
götürüş	NOUN	-
gövde	NOUN	-
gövdelen	VERB	-
gövdesel	ADJ	-
gövek	NOUN	VOICING
gövel	ADJ	-
gövem	NOUN	-
göver	VERB	-
göveri	NOUN	-
göveriş	NOUN	-
göverme	NOUN	-
göverti	NOUN	-
göy	VERB	-
göyme	NOUN	-
göynü	VERB	-
göynük	ADJ	VOICING
göynük	NOUN	VOICING
göynüme	NOUN	-
göyük	ADJ	VOICING
göyük	NOUN	VOICING
göz	NOUN	-
gözaltı	NOUN	-
gözdağı	NOUN	-
gözde	ADJ	-
gözde	NOUN	-
gözdemiri	NOUN	-
göze	NOUN	-
göze	VERB	-
gözeme	NOUN	-
gözene	NOUN	-
gözenek	NOUN	VOICING
gözer	NOUN	-
gözet	VERB	-
gözetebil	VERB	-
gözetebilme	NOUN	-
gözetil	VERB	-
gözetilme	NOUN	-
gözetim	NOUN	-
gözetiş	NOUN	-
gözetle	VERB	-
gözetleme	NOUN	-
gözetlen	VERB	-
gözetleniş	NOUN	-
gözetlet	VERB	-
gözetletme	NOUN	-
gözetleyebil	VERB	-
gözetleyebilme	NOUN	-
gözetleyiş	NOUN	-
gözetme	NOUN	-
gözetmen	NOUN	-
gözettir	VERB	-
gözettirme	NOUN	-
gözevi	NOUN	-
gözgü	NOUN	-
gözle	VERB	-
gözlem	NOUN	-
gözleme	NOUN	-
gözlemevi	NOUN	-
gözlemle	VERB	-
gözlemleme	NOUN	-
gözlemleyebil	VERB	-
gözlemleyebilme	NOUN	-
gözlemleyiş	NOUN	-
gözlen	VERB	-
gözlenebil	VERB	-
gözlenebilme	NOUN	-
gözlet	VERB	-
gözletme	NOUN	-
gözleyebil	VERB	-
gözleyebilme	NOUN	-
gözleyiş	NOUN	-
gözleği	NOUN	-
gözlükçü	NOUN	-
gözyaşı	NOUN	-
gözük	VERB	-
gözükebil	VERB	-
gözükebilme	NOUN	-
gözükme	NOUN	-
gözüküş	NOUN	-
gözüm!	NOUN	-
gözünde	NOUN	-
göç	NOUN	-
göç	VERB	-
göçebe	ADJ	-
göçebe	NOUN	-
göçebeleş	VERB	-
göçebil	VERB	-
göçebilme	NOUN	-
göçelge	NOUN	-
göçer	ADJ	-
göçer	VERB	-
göçeri	ADJ	-
göçerkonar	ADJ	-
göçerme	NOUN	-
göçert	VERB	-
göçertme	NOUN	-
göçkün	ADJ	-
göçkün	NOUN	-
göçme	NOUN	-
göçmen	ADJ	-
göçmen	NOUN	-
göçmenleş	VERB	-
göçmenleştir	VERB	-
göçü	NOUN	-
göçük	NOUN	VOICING
göçüm	NOUN	-
göçür	VERB	-
göçürme	NOUN	-
göçürt	VERB	-
göçürtme	NOUN	-
göçürül	VERB	-
göçürülme	NOUN	-
göçüş	NOUN	-
göçüşme	NOUN	-
göğem	ADJ	-
göğem	NOUN	-
göğümsü	ADJ	-
göğüs	NOUN	-
göğüsle	VERB	-
göğüsleme	NOUN	-
göğüslen	VERB	-
göğüsleyebil	VERB	-
göğüsleyebilme	NOUN	-
göğüsleş	VERB	-
göğüslüce	ADJ	-
gübre	NOUN	-
gübrele	VERB	-
gübreleme	NOUN	-
gübrelen	VERB	-
gübrelet	VERB	-
gübreletme	NOUN	-
gübür	NOUN	-
gücen	VERB	-
gücendir	VERB	-
gücendirme	NOUN	-
gücenik	ADJ	-
gücenil	VERB	-
gücenilme	NOUN	-
güceniş	NOUN	-
gücenme	NOUN	-
gücük	ADJ	VOICING
gücük	NOUN	VOICING
gücümse	VERB	-
gücümseme	NOUN	-
gücün	ADV	-
gücün	NOUN	-
güdebil	VERB	-
güdebilme	NOUN	-
güdek	NOUN	VOICING
güdele	VERB	-
güdeleme	NOUN	-
güderi	ADJ	-
güderi	NOUN	-
güderihane	NOUN	-
güderile	VERB	-
güderileme	NOUN	-
güdü	NOUN	-
güdük	ADJ	-
güdük	NOUN	-
güdükleş	VERB	-
güdül	VERB	-
güdüle	VERB	-
güdüleme	NOUN	-
güdülen	VERB	-
güdülme	NOUN	-
güdüm	NOUN	-
güdümle	VERB	-
güdümleme	NOUN	-
güfte	NOUN	-
güherçile	NOUN	-
gül	NOUN	-
gül	VERB	-
gülabdan	NOUN	-
gülbahar	NOUN	-
gülbank	NOUN	VOICING
gülbeşeker	NOUN	-
güldeste	NOUN	-
güldür	VERB	-
güldürebil	VERB	-
güldürebilme	NOUN	-
güldürme	NOUN	-
güldürt	VERB	-
güldürtme	NOUN	-
güldürü	NOUN	-
güldürüş	NOUN	-
gülebil	VERB	-
gülebilme	NOUN	-
gülecen	ADJ	-
güleyaz	VERB	-
güleyazma	NOUN	-
güleç	ADJ	-
güleğen	ADJ	-
gülgiller	NOUN	-
gülgûn	ADJ	-
gülgûn	NOUN	-
gülhatmi	NOUN	-
gülibrişim	NOUN	-
gülistan	NOUN	-
gülkurusu	ADJ	-
gülkurusu	NOUN	-
güllabi	ADJ	-
güllabi	NOUN	-
güllaç	NOUN	VOICING
gülle	NOUN	-
güllen	VERB	-
gülme	NOUN	-
gülmece	NOUN	-
gülücük	NOUN	VOICING
gülümse	VERB	-
gülümseme	NOUN	-
gülümser	ADJ	-
gülümset	VERB	-
gülümsetiş	NOUN	-
gülümsetme	NOUN	-
gülümseyebil	VERB	-
gülümseyebilme	NOUN	-
gülümseyiver	VERB	-
gülümseyiverme	NOUN	-
gülümseyiş	NOUN	-
gülün	VERB	-
gülünme	NOUN	-
gülünç	ADJ	VOICING
gülünç	NOUN	VOICING
gülünçleş	VERB	-
gülünçleştir	VERB	-
gülüt	NOUN	-
gülütçü	NOUN	-
gülüver	VERB	-
gülüverme	NOUN	-
gülüş	NOUN	-
gülüş	VERB	-
gülüşme	NOUN	-
gülüşül	VERB	-
gülüşülme	NOUN	-
gülşen	NOUN	-
güm	NOUN	-
güman	NOUN	-
gümbedek	ADV	-
gümbedek	NOUN	-
gümbürde	VERB	-
gümbürdeme	NOUN	-
gümbürdet	VERB	-
gümbürdetme	NOUN	-
gümbürdeyiş	NOUN	-
gümbürtü	NOUN	-
güme	NOUN	-
gümeç	NOUN	VOICING
gümle	VERB	-
gümleme	NOUN	-
gümlet	VERB	-
gümletme	NOUN	-
gümleyiş	NOUN	-
gümrah	ADJ	-
gümrah	NOUN	-
gümrahlaş	VERB	-
gümrük	NOUN	VOICING
gümrükle	VERB	-
gümrükleme	NOUN	-
gümrüklen	VERB	-
gümrüklendir	VERB	-
gümrükçü	NOUN	-
gümül	NOUN	-
gümüş	ADJ	-
gümüş	NOUN	-
gümüşi	NOUN	-
gümüşle	VERB	-
gümüşleme	NOUN	-
gümüşlen	VERB	-
gümüşlet	VERB	-
gümüşletme	NOUN	-
gümüşservi	NOUN	-
gümüşsü	ADJ	-
gümüşçü	NOUN	-
gümüşçün	NOUN	-
gümüşümsü	ADJ	-
gün	NOUN	-
günah	NOUN	-
günahkâr	ADJ	-
günahsızca	ADV	-
günaydın	INTERJ	-
günaydın	NOUN	-
günaşırı	ADV	-
günbegün	ADV	-
günberi	NOUN	-
günce	NOUN	-
güncek	NOUN	VOICING
güncel	ADJ	-
güncelle	VERB	-
güncelleme	NOUN	-
güncellen	VERB	-
güncelleniş	NOUN	-
güncellet	VERB	-
güncelletme	NOUN	-
güncelleyebil	VERB	-
güncelleyebilme	NOUN	-
güncelleş	VERB	-
güncelleştir	VERB	-
güncelleştirebil	VERB	-
güncelleştirebilme	NOUN	-
günde	ADV	-
gündedün	NOUN	-
gündelikçi	NOUN	-
gündem	NOUN	-
gündeş	ADJ	-
gündeş	NOUN	-
gündöndü	NOUN	-
gündüz	ADV	-
gündüz	NOUN	-
gündüzki	ADJ	-
gündüzleri	ADV	-
gündüzsefası	NOUN	-
gündüzün	ADV	-
günebakan	NOUN	-
güney	ADJ	-
güney	NOUN	-
güneybatı	ADJ	-
güneybatı	NOUN	-
güneydoğu	ADJ	-
güneydoğu	NOUN	-
güneç	NOUN	VOICING
güneğik	NOUN	VOICING
güneş	NOUN	-
güneşle	VERB	-
güneşleme	NOUN	-
güneşlen	VERB	-
güneşlendir	VERB	-
güneşlenebil	VERB	-
güneşlenebilme	NOUN	-
güneşlet	VERB	-
güneşletme	NOUN	-
güneşsel	ADJ	-
güneşsel	NOUN	-
güneştopu	NOUN	-
güngörmez	ADJ	-
güngörmüş	ADJ	-
güngörmüş	NOUN	-
günindi	NOUN	-
günle	VERB	-
günleme	NOUN	-
günlerce	ADV	-
günlükçü	NOUN	-
günlüğüne	ADV	-
günsüler	NOUN	-
günâşık	NOUN	VOICING
günöte	NOUN	-
günü	NOUN	-
günübirliğine	ADV	-
günüle	VERB	-
günüleme	NOUN	-
günülen	VERB	-
günısı	NOUN	-
güpegündüz	ADV	-
güpgüzel	ADJ	-
güpür	NOUN	-
gür	ADJ	-
gür	NOUN	-
gürbüz	ADJ	-
gürbüzleş	VERB	-
güre	ADJ	-
güre	NOUN	-
güreş	NOUN	-
güreş	VERB	-
güreşebil	VERB	-
güreşebilme	NOUN	-
güreşil	VERB	-
güreşilme	NOUN	-
güreşme	NOUN	-
güreştir	VERB	-
güreştiril	VERB	-
güreştirilme	NOUN	-
güreştirme	NOUN	-
güreşçi	NOUN	-
gürgen	ADJ	-
gürgen	NOUN	-
gürgengiller	NOUN	-
gürle	VERB	-
gürlek	ADJ	VOICING
gürleme	NOUN	-
gürlet	VERB	-
gürletme	NOUN	-
gürleyiş	NOUN	-
gürleş	VERB	-
gürleştir	VERB	-
gürpedek	ADV	-
güruh	NOUN	-
gürz	NOUN	-
gürülde	VERB	-
gürüldeme	NOUN	-
gürültü	NOUN	-
gürültüsüzce	ADV	-
güt	VERB	-
gütaperka	NOUN	-
gütme	NOUN	-
güve	NOUN	-
güvela	ADJ	-
güvela	NOUN	-
güvelen	VERB	-
güven	NOUN	-
güven	VERB	-
güvence	NOUN	-
güvencele	VERB	-
güvenceleme	NOUN	-
güvendir	VERB	-
güvendirme	NOUN	-
güvenebil	VERB	-
güvenebilme	NOUN	-
güvenil	VERB	-
güvenilebil	VERB	-
güvenilebilme	NOUN	-
güvenilir	ADJ	-
güvenilme	NOUN	-
güveniş	NOUN	-
güvenlice	ADV	-
güvenme	NOUN	-
güvenoyu	NOUN	-
güvensizce	ADV	-
güvenç	NOUN	VOICING
güvercin	NOUN	-
güvercinboynu	ADJ	-
güvercinboynu	NOUN	-
güvercingiller	NOUN	-
güvercingöğsü	ADJ	-
güvercingöğsü	NOUN	-
güvercinler	NOUN	-
güverte	NOUN	-
güvey	NOUN	-
güveyfeneri	NOUN	-
güveyi	NOUN	-
güvez	ADJ	-
güvez	NOUN	-
güvezî	ADJ	-
güveç	NOUN	VOICING
güya	ADV	-
güz	NOUN	-
güzel	ADJ	-
güzel	ADV	-
güzel	NOUN	-
güzelce	ADJ	-
güzelce	ADV	-
güzelim	INTERJ	-
güzelim	NOUN	-
güzelleme	NOUN	-
güzelleş	VERB	-
güzelleşebil	VERB	-
güzelleşebilme	NOUN	-
güzelleştir	VERB	-
güzelleştirebil	VERB	-
güzelleştirebilme	NOUN	-
güzelleştiril	VERB	-
güzelleştirilme	NOUN	-
güzellikle	ADV	-
güzergâh	NOUN	-
güzey	NOUN	-
güzeşte	ADJ	-
güzide	ADJ	-
güzide	NOUN	-
güzle	VERB	-
güzlek	NOUN	VOICING
güzleme	NOUN	-
güzün	ADV	-
güç	ADJ	-
güç	ADV	-
güç	NOUN	VOICING
güçbeğenir	ADJ	-
güçlen	VERB	-
güçlendir	VERB	-
güçlendirebil	VERB	-
güçlendirebilme	NOUN	-
güçlendiril	VERB	-
güçlendirilme	NOUN	-
güçlendiriş	NOUN	-
güçlenebil	VERB	-
güçlenebilme	NOUN	-
güçleniş	NOUN	-
güçleş	VERB	-
güçleştir	VERB	-
güçlükle	ADV	-
güçsün	VERB	-
güçsünme	NOUN	-
güçsüzce	ADV	-
güğüm	NOUN	-
gıcık	ADJ	VOICING
gıcık	NOUN	VOICING
gıcıkla	VERB	-
gıcıklama	NOUN	-
gıcıklan	VERB	-
gıcıklayış	NOUN	-
gıcıkça	ADJ	-
gıcıkça	ADV	-
gıcır	ADJ	-
gıcır	NOUN	-
gıcırda	VERB	-
gıcırdama	NOUN	-
gıcırdat	VERB	-
gıcırdatma	NOUN	-
gıcırdatıl	VERB	-
gıcırdatılma	NOUN	-
gıcırdayış	NOUN	-
gıcırtı	NOUN	-
gıda	NOUN	-
gıdakla	VERB	-
gıdaklama	NOUN	-
gıdaklayış	NOUN	-
gıdı	NOUN	-
gıdık	NOUN	VOICING
gıdıkla	VERB	-
gıdıklama	NOUN	-
gıdıklan	VERB	-
gıdıklanış	NOUN	-
gıdıklayış	NOUN	-
gıdım	NOUN	-
gıgı	NOUN	-
gık	NOUN	-
gıllıgış	NOUN	-
gına	NOUN	-
gıpta	NOUN	-
gır	ADJ	-
gır	NOUN	-
gırgır	NOUN	-
gırgırla	VERB	-
gırgırlama	NOUN	-
gırgırlat	VERB	-
gırgırlatma	NOUN	-
gırla	ADV	-
gırnata	NOUN	-
gırt	NOUN	-
gırtlak	NOUN	VOICING
gırtlakla	VERB	-
gırtlaklama	NOUN	-
gırtlaklayış	NOUN	-
gırtlaklaş	VERB	-
gırtlaksı	ADJ	-
gıyaben	ADV	-
gıyaben	NOUN	-
gıyabi	ADJ	-
gıyabi	NOUN	-
gıyabında	ADV	-
gıyap	NOUN	VOICING
gıybet	NOUN	-
gıybetçi	NOUN	-
gıygıy	NOUN	-
gıygıyla	VERB	-
gıygıylama	NOUN	-
gığılda	VERB	-
gığıldama	NOUN	-
ha	CONJ	-
ha	INTERJ	-
ha	NOUN	-
ha	VERB	VOICING
hab	NOUN	-
habanera	NOUN	-
habaset	NOUN	-
habbe	NOUN	-
haber	NOUN	-
haberdar	ADJ	-
haberleş	VERB	-
haberleşebil	VERB	-
haberleşebilme	NOUN	-
haberleşil	VERB	-
haberleşilme	NOUN	-
haberleştir	VERB	-
habersizce	ADV	-
habeş	ADJ	-
habip	NOUN	VOICING
habis	ADJ	-
habis	NOUN	-
habitat	NOUN	-
habitus	NOUN	-
hac	NOUN	GEMINATION
hacamat	NOUN	-
hacamatla	VERB	-
hacamatlama	NOUN	-
hacamatçı	NOUN	-
haccet	VERB	-
haccetme	NOUN	-
hacet	NOUN	-
hacim	NOUN	-
hacimce	ADV	-
hacimlice	ADJ	-
hacir	NOUN	VOWEL_DROP
haciz	NOUN	-
hacker	NOUN	-
haczet	VERB	-
haczetme	NOUN	-
hacıağa	NOUN	-
hacıbaba	NOUN	-
hacılarkuşağı	NOUN	-
hacıyatmaz	NOUN	-
had	NOUN	GEMINATION
hadde	NOUN	-
haddehane	NOUN	-
haddele	VERB	-
haddeleme	NOUN	-
haddelen	VERB	-
haddikifaye	NOUN	-
haddizatında	ADV	-
hademe	NOUN	-
hademeihayrat	NOUN	-
hadi	INTERJ	-
hadim	ADJ	-
hadis	NOUN	-
hadisat	NOUN	-
hadise	NOUN	-
hadisene	INTERJ	-
hadisişerif	NOUN	-
hadım	NOUN	-
hadımlaştır	VERB	-
haf	NOUN	-
hafakan	NOUN	-
hafazanallah	INTERJ	-
hafi	ADJ	-
hafif	ADJ	-
hafif	ADV	-
hafif	NOUN	-
hafifle	VERB	-
hafifleme	NOUN	-
hafiflet	VERB	-
hafifletebil	VERB	-
hafifletebilme	NOUN	-
hafifletil	VERB	-
hafifletilme	NOUN	-
hafifletme	NOUN	-
hafifleyebil	VERB	-
hafifleyebilme	NOUN	-
hafifleyiş	NOUN	-
hafifleş	VERB	-
hafifleştir	VERB	-
hafifleştiril	VERB	-
hafifleştirilme	NOUN	-
hafifmeşrep	ADJ	VOICING
hafifse	VERB	-
hafifseme	NOUN	-
hafifsen	VERB	-
hafifsenme	NOUN	-
hafifseyiş	NOUN	-
hafiften	ADV	-
hafifçe	ADV	-
hafit	NOUN	VOICING
hafiye	NOUN	-
hafniyum	NOUN	-
hafriyat	NOUN	-
hafriyatçı	NOUN	-
hafta	NOUN	-
haftalarca	ADV	-
haftalıkçı	NOUN	-
haftalığına	ADV	-
haftaya	ADV	-
hafız	ADJ	-
hafız	NOUN	-
hafıza	NOUN	-
hafızla	VERB	-
hafızlama	NOUN	-
hafızıkütüp	NOUN	VOICING
hah	INTERJ	-
haham	NOUN	-
hahambaşı	NOUN	-
hahamhane	NOUN	-
hahha	NOUN	-
hahniyum	NOUN	-
hail	NOUN	-
haile	NOUN	-
hain	ADJ	-
hain	INTERJ	-
hain	NOUN	-
haince	ADJ	-
haince	ADV	-
haincesine	ADV	-
hainleş	VERB	-
haiz	ADJ	-
haje	NOUN	-
hak	NOUN	GEMINATION
hakan	NOUN	-
hakaret	NOUN	-
hakaretamiz	ADJ	-
hakem	NOUN	-
hakeza	ADV	-
hakikat	ADV	-
hakikat	NOUN	-
hakikaten	ADV	-
hakiki	ADJ	-
hakiki	NOUN	-
hakim	ADJ	-
hakim	NOUN	-
hakimane	ADV	-
hakir	ADJ	-
hakkaniyet	NOUN	-
hakkedebil	VERB	-
hakkedebilme	NOUN	-
hakkedil	VERB	-
hakkedilme	NOUN	-
hakket	VERB	-
hakketme	NOUN	-
hakkâk	NOUN	-
hakkıhuzur	NOUN	-
hakkıhıyar	NOUN	-
hakkımüktesep	NOUN	VOICING
hakkında	POSTP	-
hakkısükût	NOUN	-
hakkıyla	ADV	-
hakkıyla	NOUN	-
hakla	VERB	-
haklama	NOUN	-
haklayabil	VERB	-
haklayabilme	NOUN	-
haklaş	VERB	-
hakperest	ADJ	-
haksever	ADJ	-
haksızca	ADJ	-
haksızca	ADV	-
haksızcasına	ADV	-
haktanır	ADJ	-
hakça	ADV	-
hakçası	NOUN	-
hakşinas	ADJ	-
hal	NOUN	-
hala	NOUN	-
halas	NOUN	-
halaskâr	NOUN	-
halat	NOUN	-
halatçı	NOUN	-
halavet	NOUN	-
halay	NOUN	-
halayık	NOUN	VOICING
halaza	NOUN	-
halazade	NOUN	-
hale	NOUN	-
halebi	NOUN	-
halecan	NOUN	-
haledil	VERB	-
haledilme	NOUN	-
halef	NOUN	-
halel	NOUN	-
haleldar	ADJ	-
halelen	VERB	-
halelendir	VERB	-
halet	VERB	-
haletme	NOUN	-
halfa	NOUN	-
halhal	NOUN	-
halife	NOUN	-
halile	NOUN	-
halim	ADJ	-
halis	ADJ	-
halisane	ADV	-
halisüddem	ADJ	-
halita	NOUN	-
haliç	NOUN	VOICING
halk	NOUN	-
halka	ADJ	-
halka	NOUN	-
halkacık	NOUN	VOICING
halkala	VERB	-
halkalama	NOUN	-
halkalan	VERB	-
halkalandır	VERB	-
halkalanış	NOUN	-
halkalayış	NOUN	-
halkalılar	NOUN	-
halkamsı	ADJ	-
halkavi	ADJ	-
halkevi	NOUN	-
halkiyat	NOUN	-
halkoyu	NOUN	-
halkçı	NOUN	-
hallaç	NOUN	VOICING
halledebil	VERB	-
halledebilme	NOUN	-
halledil	VERB	-
hallediliş	NOUN	-
halledilme	NOUN	-
hallediver	VERB	-
hallediverme	NOUN	-
hallediş	NOUN	-
hallet	VERB	-
halletme	NOUN	-
hallettir	VERB	-
hallettirme	NOUN	-
hallihamur	NOUN	-
hallol	VERB	-
hallolma	NOUN	-
hallolun	VERB	-
hallolunma	NOUN	-
halloluş	NOUN	-
halojen	NOUN	-
halt	NOUN	-
halter	NOUN	-
halvet	NOUN	-
halvethane	NOUN	-
halüsinasyon	NOUN	-
halıhane	NOUN	-
ham	ADJ	-
ham	NOUN	-
hamakat	NOUN	-
hamal	NOUN	-
hamalbaşı	NOUN	-
hamaliye	NOUN	-
hamam	NOUN	-
hamarat	ADJ	-
hamaratlaş	VERB	-
hamaratça	ADV	-
hamaset	NOUN	-
hamasi	ADJ	-
hamasi	NOUN	-
hamayıl	NOUN	-
hamburger	NOUN	-
hamdediş	NOUN	-
hamdet	VERB	-
hamdetme	NOUN	-
hamdolsun	INTERJ	-
hamdüsena	NOUN	-
hamhalat	ADJ	-
hamhalat	NOUN	-
hami	ADJ	-
hamil	ADJ	-
hamil	NOUN	-
hamile	ADJ	-
hamilen	ADV	-
hamilikart	NOUN	-
haminne	NOUN	-
hamiyet	NOUN	-
hamiyetperver	ADJ	-
hamiş	NOUN	-
hamla	NOUN	-
hamla	VERB	-
hamlama	NOUN	-
hamlaç	NOUN	VOICING
hamlaş	VERB	-
hamle	NOUN	-
hamlet	VERB	-
hamletme	NOUN	-
hamse	NOUN	-
hamsi	NOUN	-
hamsigiller	NOUN	-
hamsikuşu	NOUN	-
hamsin	NOUN	-
hamt	NOUN	VOICING
hamule	NOUN	-
hamur	ADJ	-
hamur	NOUN	-
hamurkâr	NOUN	-
hamurla	VERB	-
hamurlama	NOUN	-
hamurlan	VERB	-
hamurlaş	VERB	-
hamursu	ADJ	-
hamurumsu	ADJ	-
hamut	NOUN	VOICING
hamız	NOUN	-
han	NOUN	-
hanay	NOUN	-
hancı	NOUN	-
handan	ADJ	-
hande	NOUN	-
handikap	NOUN	VOICING
handiyse	ADV	-
handout	NOUN	-
hane	NOUN	-
hanedan	ADJ	-
hanedan	NOUN	-
hanek	NOUN	-
hanende	NOUN	-
hangar	NOUN	-
hangi	ADJ	-
hangisi	PRON	-
hani	ADV	-
hani	NOUN	-
hanidir	NOUN	-
hanigiller	NOUN	-
hantal	ADJ	-
hantal	NOUN	-
hantallaş	VERB	-
hanuman	NOUN	-
hanut	NOUN	-
hanutçu	NOUN	-
hançer	NOUN	-
hançere	NOUN	-
hançerle	VERB	-
hançerleme	NOUN	-
hançerlen	VERB	-
hançerlet	VERB	-
hançerletme	NOUN	-
hanım	ADJ	-
hanım	NOUN	-
hanımanne	INTERJ	-
hanımanne	NOUN	-
hanımağa	NOUN	-
hanımcık	NOUN	VOICING
hanımefendi	ADJ	-
hanımefendi	NOUN	-
hanımeligiller	NOUN	-
hanımgöbeği	NOUN	-
hanımlaş	VERB	-
hanımparmağı	NOUN	-
hap	NOUN	-
hapaz	NOUN	-
hapazla	VERB	-
hapazlama	NOUN	-
hapis	ADJ	-
hapis	NOUN	-
hapishane	NOUN	-
hapla	VERB	-
haplama	NOUN	-
haplan	VERB	-
haploit	NOUN	VOICING
haploloji	NOUN	-
hapsedebil	VERB	-
hapsedebilme	NOUN	-
hapsedil	VERB	-
hapsediliş	NOUN	-
hapsedilme	NOUN	-
hapsediş	NOUN	-
hapset	VERB	-
hapsetme	NOUN	-
hapsettir	VERB	-
hapsettirme	NOUN	-
hapsol	VERB	-
hapsolma	NOUN	-
hapsoluş	NOUN	-
haptet	VERB	-
haptetme	NOUN	-
hapçı	NOUN	-
hapşu	NOUN	-
hapşır	VERB	-
hapşırabil	VERB	-
hapşırabilme	NOUN	-
hapşırma	NOUN	-
hapşırt	VERB	-
hapşırtabil	VERB	-
hapşırtabilme	NOUN	-
hapşırtma	NOUN	-
hapşırık	NOUN	VOICING
hapşırıver	VERB	-
hapşırıverme	NOUN	-
hapşırış	NOUN	-
har	ADJ	-
har	NOUN	-
hara	NOUN	-
harabat	NOUN	-
harabati	ADJ	-
harabati	NOUN	-
harabe	NOUN	-
harabi	ADJ	-
harabiyet	NOUN	-
harakiri	NOUN	-
haram	ADJ	-
haram	NOUN	-
harami	NOUN	-
haramzade	NOUN	-
haranı	NOUN	-
harap	ADJ	-
harap	NOUN	-
haraplaş	VERB	-
harar	NOUN	-
hararet	NOUN	-
hararetlen	VERB	-
hararetlendir	VERB	-
haraza	NOUN	-
haraç	NOUN	VOICING
haraççı	NOUN	-
haraşo	NOUN	-
harbe	NOUN	-
harbi	ADJ	-
harbi	NOUN	-
harbiden	ADV	-
harbiye	NOUN	-
harbî	ADJ	-
harbî	NOUN	-
harca	VERB	-
harcama	NOUN	-
harcan	VERB	-
harcanabil	VERB	-
harcanabilme	NOUN	-
harcanma	NOUN	-
harcanıl	VERB	-
harcanılma	NOUN	-
harcanış	NOUN	-
harcat	VERB	-
harcatma	NOUN	-
harcatıl	VERB	-
harcatılma	NOUN	-
harcayabil	VERB	-
harcayabilme	NOUN	-
harcayıver	VERB	-
harcayıverme	NOUN	-
harcayış	NOUN	-
harcet	VERB	-
harcetme	NOUN	-
harcırah	NOUN	-
harcıâlem	ADJ	-
harcıâlem	NOUN	-
hardal	NOUN	-
hardaliye	NOUN	-
hardalsı	ADJ	-
hardalımsı	ADJ	-
hare	NOUN	-
hareke	NOUN	-
harekele	VERB	-
harekeleme	NOUN	-
harekelendir	VERB	-
hareket	NOUN	-
hareketlen	VERB	-
hareketlendir	VERB	-
hareketlendirebil	VERB	-
hareketlendirebilme	NOUN	-
hareketleniş	NOUN	-
hareki	ADJ	-
harekât	NOUN	-
harele	VERB	-
hareleme	NOUN	-
harelen	VERB	-
harem	NOUN	-
harf	NOUN	-
harfendaz	ADJ	-
harfitarif	NOUN	-
harfiyen	ADV	-
harfle	VERB	-
harfleme	NOUN	-
harhara	NOUN	-
harharyas	NOUN	-
harharyasgiller	NOUN	-
haricen	ADV	-
hariciye	NOUN	-
haricî	ADJ	-
harika	ADJ	-
harika	INTERJ	-
harika	NOUN	-
harikulade	ADJ	-
harim	NOUN	-
harimiismet	NOUN	-
harir	NOUN	-
haris	ADJ	-
harita	NOUN	-
hariç	ADV	VOICING
hariç	NOUN	VOICING
harla	VERB	-
harlak	NOUN	VOICING
harlama	NOUN	-
harlandır	VERB	-
harlat	VERB	-
harlatma	NOUN	-
harman	NOUN	-
harmani	NOUN	-
harmaniye	NOUN	-
harmanla	VERB	-
harmanlama	NOUN	-
harmanlan	VERB	-
harmanlanış	NOUN	-
harmanlat	VERB	-
harmanlatma	NOUN	-
harmanlayış	NOUN	-
harmoni	NOUN	-
harmonyum	NOUN	-
harnup	NOUN	VOICING
harp	NOUN	VOICING
harrangürra	ADV	-
harrangürra	NOUN	-
hars	NOUN	-
hart	ADV	-
harta	NOUN	-
hartadak	ADV	-
hartama	NOUN	-
hartuç	NOUN	VOICING
harç	NOUN	VOICING
harılan	VERB	-
harılda	VERB	-
harıldama	NOUN	-
harıltı	NOUN	-
harım	NOUN	-
harın	ADJ	-
harın	NOUN	-
has	ADJ	-
has	NOUN	-
hasa	NOUN	-
hasar	NOUN	-
hasarsızca	ADV	-
hasat	NOUN	VOICING
hasatçı	NOUN	-
hasbelkader	ADV	-
hasbelkader	NOUN	-
hasbetenlillah	ADV	-
hasbi	ADJ	-
hasbi	ADV	-
hasbihâl	NOUN	-
hasbünallah	INTERJ	-
hasebiyle	POSTP	-
haseki	NOUN	-
hasekiküpesi	NOUN	-
hasenat	NOUN	-
hasep	NOUN	VOICING
haset	ADJ	VOICING
haset	NOUN	VOICING
hasetlen	VERB	-
hasetçi	ADJ	-
hasis	ADJ	-
hasis	NOUN	-
hasiyet	NOUN	-
haslet	NOUN	-
hasmane	ADV	-
haspa	NOUN	-
haspam!	NOUN	-
hasredebil	VERB	-
hasredebilme	NOUN	-
hasrediş	NOUN	-
hasret	NOUN	-
hasret	VERB	-
hasretme	NOUN	-
hasrol	VERB	-
hasrolma	NOUN	-
hasrolun	VERB	-
hasrolunma	NOUN	-
hassa	NOUN	-
hassas	ADJ	-
hassas	NOUN	-
hassasiyet	NOUN	-
hassaten	ADV	-
hasse	NOUN	-
hassiyum	NOUN	-
hasta	ADJ	-
hasta	NOUN	-
hastaca	ADJ	-
hastalan	VERB	-
hastalanabil	VERB	-
hastalanabilme	NOUN	-
hastalandır	VERB	-
hastalanış	NOUN	-
hastamsı	ADJ	-
hastane	NOUN	-
hastel	NOUN	-
hasut	ADJ	-
hasıl	ADJ	-
hasıla	NOUN	-
hasılat	NOUN	-
hasılıkelam	ADV	-
hasım	NOUN	-
hasımca	ADV	-
hasır	ADJ	-
hasır	NOUN	-
hasırla	VERB	-
hasırlama	NOUN	-
hasırlan	VERB	-
hat	NOUN	GEMINATION
hata	NOUN	-
hatasızca	ADV	-
hatif	ADJ	-
hatif	NOUN	-
hatim	NOUN	-
hatime	NOUN	-
hatip	NOUN	VOICING
hatmet	VERB	-
hatmetme	NOUN	-
hatmi	NOUN	-
hatta	ADV	-
hatta	CONJ	-
hattat	NOUN	-
hattıhareket	NOUN	-
hatun	NOUN	-
hatuncuk	NOUN	VOICING
hatıl	NOUN	-
hatılla	VERB	-
hatıllama	NOUN	-
hatır	NOUN	-
hatıra	NOUN	-
hatıramsı	ADJ	-
hatırat	NOUN	-
hatırla	VERB	-
hatırlama	NOUN	-
hatırlan	VERB	-
hatırlanabil	VERB	-
hatırlanabilme	NOUN	-
hatırlanış	NOUN	-
hatırlat	VERB	-
hatırlatabil	VERB	-
hatırlatabilme	NOUN	-
hatırlatma	NOUN	-
hatırlatıl	VERB	-
hatırlatılabil	VERB	-
hatırlatılabilme	NOUN	-
hatırlatılma	NOUN	-
hatırlatıver	VERB	-
hatırlatıverme	NOUN	-
hatırlatış	NOUN	-
hatırlayabil	VERB	-
hatırlayabilme	NOUN	-
hatırlayıver	VERB	-
hatırlayıverme	NOUN	-
hatırlayış	NOUN	-
hatırsızca	ADV	-
hatırşinas	ADJ	-
hav	NOUN	-
hava	ADJ	-
hava	NOUN	-
havaalanı	NOUN	-
havacıva	NOUN	-
havadan	ADJ	-
havadan	ADV	-
havadar	ADJ	-
havadis	NOUN	-
havai	ADJ	-
havai	NOUN	-
havaiyat	NOUN	-
havalan	VERB	-
havalanabil	VERB	-
havalanabilme	NOUN	-
havalandır	VERB	-
havalandırabil	VERB	-
havalandırabilme	NOUN	-
havalandırıl	VERB	-
havalandırılma	NOUN	-
havalanış	NOUN	-
havale	NOUN	-
havalename	NOUN	-
havalimanı	NOUN	-
havan	NOUN	-
havari	NOUN	-
havas	NOUN	-
havhav	NOUN	-
havi	ADJ	-
havit	NOUN	VOICING
havla	VERB	-
havlama	NOUN	-
havlan	VERB	-
havlat	VERB	-
havlatma	NOUN	-
havlayabil	VERB	-
havlayabilme	NOUN	-
havlayış	NOUN	-
havlıcan	NOUN	-
havra	NOUN	-
havsala	NOUN	-
havut	NOUN	VOICING
havuz	NOUN	-
havuzcuk	NOUN	VOICING
havuzla	VERB	-
havuzlama	NOUN	-
havuzlan	VERB	-
havuç	NOUN	VOICING
havya	NOUN	-
havyar	NOUN	-
havza	NOUN	-
hay	INTERJ	-
hay	NOUN	-
haya	NOUN	-
hayal	NOUN	-
hayalat	NOUN	-
hayalbaz	NOUN	-
hayalen	ADV	-
hayalet	NOUN	-
hayalhane	NOUN	-
hayalle	VERB	-
hayalleme	NOUN	-
hayallen	VERB	-
hayalperest	ADJ	-
hayalperver	ADJ	-
hayalî	ADJ	-
hayalî	NOUN	-
hayalîleş	VERB	-
hayat	NOUN	-
hayati	ADJ	-
hayati	NOUN	-
hayatiyet	NOUN	-
haybe	NOUN	-
haybeden	ADV	-
hayda	INTERJ	-
hayda	NOUN	-
hayda	VERB	-
haydala	VERB	-
haydalama	NOUN	-
haydalan	VERB	-
haydama	NOUN	-
haydari	NOUN	-
haydi	ADV	-
haydi	INTERJ	-
haydi	NOUN	-
haydin	INTERJ	-
haydindi	INTERJ	-
haydisene	INTERJ	-
haydut	NOUN	VOICING
hayfa	INTERJ	-
hayhay	INTERJ	-
hayhuy	NOUN	-
haykır	VERB	-
haykırabil	VERB	-
haykırabilme	NOUN	-
haykırma	NOUN	-
haykırt	VERB	-
haykırtma	NOUN	-
haykırtı	NOUN	-
haykırı	NOUN	-
haykırış	NOUN	-
haykırış	VERB	-
haykırışma	NOUN	-
hayla	VERB	-
haylama	NOUN	-
haylaz	ADJ	-
haylaz	NOUN	-
haylazca	ADV	-
haylazlaş	VERB	-
haymana	NOUN	-
haymatlos	ADJ	-
hayran	ADJ	-
hayrat	NOUN	-
hayret	INTERJ	-
hayret	NOUN	-
hayret	VERB	-
hayretle	ADV	-
hayretme	NOUN	-
hayrola	INTERJ	-
hayrulhalef	NOUN	-
haysiyet	NOUN	-
haysiyetiyle	ADV	-
haysiyetsizce	ADV	-
hayta	ADJ	-
hayta	NOUN	-
hayvan	ADJ	-
hayvan	NOUN	-
hayvanat	NOUN	-
hayvanca	ADJ	-
hayvanca	ADV	-
hayvancasına	ADV	-
hayvancağız	NOUN	-
hayvancık	NOUN	VOICING
hayvancıl	ADJ	-
hayvancıl	NOUN	-
hayvani	ADJ	-
hayvani	NOUN	-
hayvaniyet	NOUN	-
hayvanlaş	VERB	-
hayvanlaştır	VERB	-
hayvanoğluhayvan	INTERJ	-
hayvanoğluhayvan	NOUN	-
hayvansal	ADJ	-
hayvansal	NOUN	-
hayvansever	ADJ	-
hayvansı	ADJ	-
hayvanımsı	ADJ	-
hayâ	NOUN	-
hayâsızca	ADJ	-
hayâsızca	ADV	-
hayâsızcasına	ADV	-
hayıf	INTERJ	-
hayıf	NOUN	-
hayıflan	VERB	-
hayıflanış	NOUN	-
hayır	ADJ	VOWEL_DROP
hayır	INTERJ	-
hayır	NOUN	VOWEL_DROP
hayırhah	ADJ	-
hayırlaş	VERB	-
hayırperver	ADJ	-
hayırsever	ADJ	-
hayırsever	NOUN	-
hayırsızca	ADV	-
hayıt	NOUN	-
hayız	NOUN	-
haz	NOUN	-
haza	ADV	-
hazakat	NOUN	-
hazan	NOUN	-
hazandide	ADJ	-
hazar	NOUN	-
hazari	ADJ	-
hazfet	VERB	-
hazfetme	NOUN	-
hazin	ADJ	-
hazine	NOUN	-
hazinedar	NOUN	-
haziran	NOUN	-
hazire	NOUN	-
hazmedebil	VERB	-
hazmedebilme	NOUN	-
hazmediş	NOUN	-
hazmet	VERB	-
hazmetme	NOUN	-
hazne	NOUN	-
hazret	INTERJ	-
hazret	NOUN	-
hazretleri	NOUN	-
hazzet	VERB	-
hazzetme	NOUN	-
hazık	ADJ	-
hazım	NOUN	-
hazımsızca	ADV	-
hazır	ADJ	-
hazır	ADV	-
hazır	NOUN	-
hazırcevap	ADJ	VOICING
hazırla	VERB	-
hazırlama	NOUN	-
hazırlan	VERB	-
hazırlanabil	VERB	-
hazırlanabilme	NOUN	-
hazırlanış	NOUN	-
hazırlat	VERB	-
hazırlatma	NOUN	-
hazırlattır	VERB	-
hazırlattırma	NOUN	-
hazırlayabil	VERB	-
hazırlayabilme	NOUN	-
hazırlayıver	VERB	-
hazırlayıverme	NOUN	-
hazırlayış	NOUN	-
hazırlop	ADJ	-
hazırlop	NOUN	-
hazırlopçu	ADJ	-
hazırlıksızca	ADV	-
hazırun	NOUN	-
haç	NOUN	-
haçla	VERB	-
haçlama	NOUN	-
haçvari	ADJ	-
haşa	INTERJ	-
haşa	NOUN	-
haşarı	ADJ	-
haşarı	NOUN	-
haşarıca	ADJ	-
haşarıca	ADV	-
haşarılaş	VERB	-
haşat	ADJ	VOICING
haşat	NOUN	VOICING
haşefe	NOUN	-
haşerat	NOUN	-
haşere	NOUN	-
haşhaş	NOUN	-
haşhaşhane	NOUN	-
haşin	ADJ	-
haşin	ADV	-
haşinleş	VERB	-
haşir	NOUN	VOWEL_DROP
haşiv	NOUN	-
haşiye	NOUN	-
haşiş	NOUN	-
haşla	VERB	-
haşlak	ADJ	-
haşlama	NOUN	-
haşlamlılar	NOUN	-
haşlan	VERB	-
haşlanış	NOUN	-
haşlat	VERB	-
haşlatma	NOUN	-
haşlayabil	VERB	-
haşlayabilme	NOUN	-
haşmet	NOUN	-
haşviyat	NOUN	-
haşyet	NOUN	-
haşıl	NOUN	-
haşılla	VERB	-
haşıllama	NOUN	-
haşırda	VERB	-
haşırdama	NOUN	-
haşırtı	NOUN	-
he	INTERJ	-
he	NOUN	-
heba	NOUN	-
hebenneka	NOUN	-
heccav	NOUN	-
hece	NOUN	-
hecele	VERB	-
heceleme	NOUN	-
hecelet	VERB	-
heceletme	NOUN	-
hecelettir	VERB	-
hecelettirme	NOUN	-
heceleyiş	NOUN	-
hecin	NOUN	-
hedef	NOUN	-
hedefle	VERB	-
hedefleme	NOUN	-
hedeflen	VERB	-
hedefleyebil	VERB	-
hedefleyebilme	NOUN	-
heder	NOUN	-
hedging	NOUN	-
hedik	NOUN	VOICING
hediye	NOUN	-
hedonist	ADJ	-
hedonizm	NOUN	-
hegemonya	NOUN	-
hekim	NOUN	-
hekimbaşı	NOUN	-
hekimevi	NOUN	-
hektar	NOUN	-
hektogram	NOUN	-
hektolitre	NOUN	-
hektometre	NOUN	-
hela	NOUN	-
helak	NOUN	-
helal	ADJ	-
helal	ADV	-
helal	INTERJ	-
helal	NOUN	-
helalinden	ADV	-
helalinden	NOUN	-
helalleş	VERB	-
helalleşebil	VERB	-
helalleşebilme	NOUN	-
helalzade	NOUN	-
helalî	ADJ	-
helalî	NOUN	-
helalühoş	ADJ	-
hele	CONJ	-
hele	NOUN	-
helecan	NOUN	-
helecanlan	VERB	-
helezon	NOUN	-
helezoni	ADJ	-
helezonik	ADJ	-
helezonlaş	VERB	-
helikoit	NOUN	VOICING
helikon	NOUN	-
helikopter	NOUN	-
heliport	NOUN	-
helis	NOUN	-
helisel	ADJ	-
helke	NOUN	-
hellim	NOUN	-
helme	NOUN	-
helmelen	VERB	-
helmeleş	VERB	-
helmintolog	NOUN	-
helmintoloji	NOUN	-
helmintolojik	ADJ	-
helva	NOUN	-
helvahane	NOUN	-
helvalaş	VERB	-
helyodor	NOUN	-
helyograf	NOUN	-
helyoterapi	NOUN	-
helyum	NOUN	-
hem	CONJ	-
hem	NOUN	-
hemati	NOUN	-
hematit	NOUN	-
hematolog	NOUN	-
hematoloji	NOUN	-
hematolojik	ADJ	-
hemayar	ADJ	-
hemcins	ADJ	-
hemdem	NOUN	-
hemdert	ADJ	VOICING
hemen	ADJ	-
hemen	ADV	-
hemen	NOUN	-
hemencecik	ADV	-
hemencek	ADV	-
hemfikir	ADJ	-
hemhudut	NOUN	VOICING
hemhâl	ADJ	-
hemodiyaliz	NOUN	-
hemofil	ADJ	-
hemoglobin	NOUN	-
hemoroit	NOUN	VOICING
hempa	NOUN	-
hemze	NOUN	-
hemzemin	ADJ	-
hemşehri	NOUN	-
hemşehrim!	NOUN	-
hemşire	NOUN	-
hemşirezade	NOUN	-
hemşo	NOUN	-
hendek	NOUN	VOICING
hendese	NOUN	-
hendesi	ADJ	-
hengâm	NOUN	-
hengâme	NOUN	-
hentbol	NOUN	-
henüz	ADV	-
henüz	NOUN	-
hep	ADV	-
hep	NOUN	-
hepatit	NOUN	-
hepatoloji	NOUN	-
hepatolojik	ADJ	-
hepsi	PRON	-
hepten	ADV	-
hepyek	NOUN	-
hepçil	ADJ	-
her	ADJ	-
heragil	ADJ	-
herbivor	ADJ	-
hercai	ADJ	-
hercai	NOUN	-
hercaice	ADJ	-
hercaice	ADV	-
hercümerç	ADJ	VOICING
herek	NOUN	VOICING
herekle	VERB	-
herekleme	NOUN	-
hergele	ADJ	-
hergele	NOUN	-
herhangi	ADJ	-
herhâl	ADV	-
herhâlde	ADV	-
herhâlde	NOUN	-
herif	NOUN	-
herik	NOUN	VOICING
herk	NOUN	-
herkes	PRON	-
herkesçe	ADV	-
herkül	NOUN	-
hermafrodit	NOUN	VOICING
hermetik	ADJ	-
hertz	NOUN	-
herze	NOUN	-
herzevekil	ADJ	-
herzevekil	NOUN	-
hesabi	ADJ	-
hesabına	NOUN	-
hesap	NOUN	VOICING
hesapla	VERB	-
hesaplama	NOUN	-
hesaplan	VERB	-
hesaplanış	NOUN	-
hesaplat	VERB	-
hesaplatma	NOUN	-
hesaplattır	VERB	-
hesaplattırma	NOUN	-
hesaplayabil	VERB	-
hesaplayabilme	NOUN	-
hesaplayış	NOUN	-
hesaplaş	VERB	-
hesaplaşabil	VERB	-
hesaplaşabilme	NOUN	-
hesaplıca	ADJ	-
hesaplıca	ADV	-
hesapsızca	ADV	-
hesapça	ADV	-
hesapçı	ADJ	-
hesapçı	NOUN	-
heterodoks	ADJ	-
heterodoks	NOUN	-
heterojen	ADJ	-
heteroseksüel	ADJ	-
heterotrof	ADJ	-
heterotrofi	NOUN	-
hevenk	NOUN	VOICING
heves	NOUN	-
heveskâr	ADJ	-
heveslen	VERB	-
heveslendir	VERB	-
hevesleniş	NOUN	-
hevessizce	ADV	-
hey	INTERJ	-
hey	NOUN	-
heyamola	NOUN	-
heybe	NOUN	-
heybet	NOUN	-
heybetlice	ADJ	-
heyecan	NOUN	-
heyecanlan	VERB	-
heyecanlanabil	VERB	-
heyecanlanabilme	NOUN	-
heyecanlandır	VERB	-
heyecanlandırabil	VERB	-
heyecanlandırabilme	NOUN	-
heyecanlanıver	VERB	-
heyecanlanıverme	NOUN	-
heyecanlanış	NOUN	-
heyecansızca	ADV	-
heyelan	NOUN	-
heyet	NOUN	-
heyetiyle	ADV	-
heyhat	INTERJ	-
heyhey	NOUN	-
heyheylen	VERB	-
heykel	NOUN	-
heykelleştir	VERB	-
heykeltıraş	NOUN	-
heyula	NOUN	-
hezar	NOUN	-
hezaren	NOUN	-
hezel	NOUN	-
hezen	NOUN	-
hezeyan	NOUN	-
hezimet	NOUN	-
hezliyat	NOUN	-
hibe	NOUN	-
hibrit	NOUN	-
hibritleş	VERB	-
hicap	NOUN	VOICING
hicaz	NOUN	-
hicazkâr	NOUN	-
hiciv	NOUN	-
hicran	NOUN	-
hicret	NOUN	-
hicri	ADJ	-
hicvedebil	VERB	-
hicvedebilme	NOUN	-
hicvediş	NOUN	-
hicvet	VERB	-
hicvetme	NOUN	-
hicviye	NOUN	-
hidatit	NOUN	VOICING
hidayet	NOUN	-
hiddet	NOUN	-
hiddetlen	VERB	-
hiddetlendir	VERB	-
hiddetleniş	NOUN	-
hidiv	NOUN	-
hidra	NOUN	-
hidralar	NOUN	-
hidrasit	NOUN	VOICING
hidrat	NOUN	-
hidrobiyoloji	NOUN	-
hidrobiyolojik	ADJ	-
hidrodinamik	ADJ	VOICING
hidrodinamik	NOUN	VOICING
hidroelektrik	NOUN	VOICING
hidrofil	ADJ	-
hidrofil	NOUN	-
hidrofobi	NOUN	-
hidrofon	NOUN	-
hidrofor	NOUN	-
hidrograf	NOUN	-
hidrografi	NOUN	-
hidrojen	NOUN	-
hidrojenle	VERB	-
hidrojenleme	NOUN	-
hidrojenlen	VERB	-
hidrojeoloji	NOUN	-
hidrojeolojik	ADJ	-
hidrokarbon	NOUN	-
hidrokarbonat	NOUN	-
hidrokarbür	NOUN	-
hidroksil	NOUN	-
hidroksit	NOUN	VOICING
hidroliz	NOUN	-
hidrolog	NOUN	-
hidroloji	NOUN	-
hidrolojik	ADJ	-
hidrometre	NOUN	-
hidrosefal	ADJ	-
hidrosfer	NOUN	-
hidrosiyanik	NOUN	VOICING
hidroskopi	NOUN	-
hidrostatik	ADJ	VOICING
hidrostatik	NOUN	VOICING
hidroterapi	NOUN	-
hidrotermal	NOUN	-
hidrozol	NOUN	-
hidrür	NOUN	-
higrofil	ADJ	-
higrometre	NOUN	-
higrometrik	ADJ	-
higroskop	NOUN	VOICING
higroskopik	ADJ	-
higrostat	NOUN	-
higrotropizm	NOUN	-
hijyen	ADJ	-
hijyen	NOUN	-
hijyenik	ADJ	-
hijyenik	NOUN	-
hikem	NOUN	-
hikemî	ADJ	-
hikemî	NOUN	-
hikmet	NOUN	-
hikâye	NOUN	-
hikâyecik	NOUN	VOICING
hikâyele	VERB	-
hikâyeleme	NOUN	-
hikâyeleştir	VERB	-
hikâyemsi	ADJ	-
hilaf	ADJ	-
hilaf	NOUN	-
hilafet	NOUN	-
hilafetçi	NOUN	-
hilafsızca	ADV	-
hilafıhakikat	ADJ	-
hilal	NOUN	-
hilalî	ADJ	-
hilat	NOUN	-
hile	NOUN	-
hilebaz	ADJ	-
hileişeriye	NOUN	-
hilekâr	ADJ	-
hilkat	NOUN	-
hilkaten	ADV	-
hilozoist	ADJ	-
hilozoizm	NOUN	-
hilti	NOUN	-
hilye	NOUN	-
himaye	NOUN	-
himen	NOUN	-
himmet	NOUN	-
hin	NOUN	-
hindi	ADJ	-
hindi	NOUN	-
hindiba	NOUN	-
hindigiller	NOUN	-
hinleş	VERB	-
hinoğluhin	ADJ	-
hinoğluhinleş	VERB	-
hinterlant	NOUN	VOICING
hiperaktif	ADJ	-
hiperaktivite	NOUN	-
hiperbol	NOUN	-
hiperboloidal	ADJ	-
hiperboloit	ADJ	-
hiperboloit	NOUN	-
hipermarket	NOUN	-
hipermetrop	ADJ	VOICING
hipermetrop	NOUN	VOICING
hipertansiyon	NOUN	-
hipnotist	NOUN	-
hipnotize	ADJ	-
hipnotizma	NOUN	-
hipnoz	NOUN	-
hipoderm	NOUN	-
hipodrom	NOUN	-
hipofiz	NOUN	-
hipoglisemi	NOUN	-
hipopotam	NOUN	-
hipopotamgiller	NOUN	-
hiposantır	NOUN	-
hipostaz	NOUN	-
hipotansiyon	NOUN	-
hipotenüs	NOUN	-
hipotermi	NOUN	-
hipotetik	ADJ	-
hipotez	NOUN	-
hippi	NOUN	-
hirfet	NOUN	-
his	NOUN	GEMINATION
hisar	NOUN	-
hislen	VERB	-
hislendir	VERB	-
hisleniş	NOUN	-
hisse	NOUN	-
hissedar	NOUN	-
hissedebil	VERB	-
hissedebilme	NOUN	-
hissedil	VERB	-
hissedilebil	VERB	-
hissedilebilme	NOUN	-
hissedilme	NOUN	-
hissediş	NOUN	-
hisseişayia	NOUN	-
hisset	NOUN	-
hisset	VERB	-
hissetme	NOUN	-
hissettir	VERB	-
hissettirebil	VERB	-
hissettirebilme	NOUN	-
hissettiriş	NOUN	-
hissettirme	NOUN	-
hissettirt	VERB	-
hissettirtme	NOUN	-
hissikablelvuku	NOUN	-
hissiselim	NOUN	-
hissiyat	NOUN	-
hissolun	VERB	-
hissolunma	NOUN	-
hissî	ADJ	-
histerezis	NOUN	-
histeri	NOUN	-
histerik	ADJ	-
histolog	NOUN	-
histoloji	NOUN	-
histolojik	ADJ	-
hisçe	ADV	-
hit	NOUN	-
hitabe	NOUN	-
hitaben	ADV	-
hitabet	NOUN	-
hitam	NOUN	-
hitan	NOUN	-
hitap	NOUN	VOICING
hiyerarşi	NOUN	-
hiyerarşik	ADJ	-
hiyeroglif	NOUN	-
hiza	NOUN	-
hizala	VERB	-
hizalama	NOUN	-
hizip	NOUN	-
hizipleş	VERB	-
hizipçi	NOUN	-
hizmet	NOUN	-
hizmetkâr	NOUN	-
hizmetçi	NOUN	-
hiç	ADV	-
hiç	NOUN	-
hiçbir	ADJ	-
hiçbiri	PRON	-
hiçenderhiç	ADJ	-
hiçle	VERB	-
hiçleme	NOUN	-
hiçleştir	VERB	-
hiçten	ADJ	-
hiçten	ADV	-
hiççi	ADJ	-
hiş	INTERJ	-
hişt	INTERJ	-
hobi	NOUN	-
hoca	NOUN	-
hodan	NOUN	-
hodangiller	NOUN	-
hodbehot	ADV	-
hodbin	ADJ	-
hodkâm	ADJ	-
hodpesent	ADJ	-
hodri	NOUN	-
hohla	VERB	-
hohlama	NOUN	-
hokey	NOUN	-
hokka	NOUN	-
hokkabaz	ADJ	-
hokkabaz	NOUN	-
hol	NOUN	-
holding	NOUN	-
holdingleş	VERB	-
holigan	NOUN	-
holiganlaş	VERB	-
holistik	ADJ	-
holizm	NOUN	-
holmiyum	NOUN	-
hologram	NOUN	-
holosen	ADJ	-
holosen	NOUN	-
holotüritler	NOUN	-
homojen	ADJ	-
homojen	NOUN	-
homojenleş	VERB	-
homojenleştir	VERB	-
homolog	ADJ	-
homonim	ADJ	-
homoseksüel	NOUN	-
homoteti	NOUN	-
homotetik	ADJ	-
homurda	VERB	-
homurdama	NOUN	-
homurdan	VERB	-
homurdanma	NOUN	-
homurdanış	NOUN	-
homurtu	NOUN	-
hona	NOUN	-
hop	INTERJ	-
hoparlör	NOUN	-
hopla	VERB	-
hoplak	ADJ	-
hoplama	NOUN	-
hoplat	VERB	-
hoplatabil	VERB	-
hoplatabilme	NOUN	-
hoplatma	NOUN	-
hoplatıl	VERB	-
hoplatılma	NOUN	-
hoplatış	NOUN	-
hoplayış	NOUN	-
hoppa	ADJ	-
hoppaca	ADJ	-
hoppaca	ADV	-
hoppadak	ADV	-
hoppala	INTERJ	-
hoppala	NOUN	-
hopurdat	VERB	-
hopurdatma	NOUN	-
hor	ADJ	-
hora	NOUN	-
horanta	NOUN	-
horasan	NOUN	-
horasani	NOUN	-
horgörü	NOUN	-
horhor	NOUN	-
horla	VERB	-
horlama	NOUN	-
horlan	VERB	-
horlanış	NOUN	-
horlayış	NOUN	-
hormon	NOUN	-
hormonal	ADJ	-
hornblent	NOUN	VOICING
horon	NOUN	-
horoskop	NOUN	VOICING
horoz	NOUN	-
horozayağı	NOUN	-
horozbina	NOUN	-
horozbinagiller	NOUN	-
horozgözü	NOUN	-
horozibiği	ADJ	-
horozibiği	NOUN	-
horozibiğigiller	NOUN	-
horozkarası	NOUN	-
horozlan	VERB	-
horozlanış	NOUN	-
horozlaş	VERB	-
horozsu	ADJ	-
horozumsu	ADJ	-
horst	NOUN	-
hortla	VERB	-
hortlak	ADJ	VOICING
hortlak	NOUN	VOICING
hortlama	NOUN	-
hortlat	VERB	-
hortlatma	NOUN	-
hortlayış	NOUN	-
hortum	NOUN	-
hortumla	VERB	-
hortumlama	NOUN	-
hortumlan	VERB	-
hortumlat	VERB	-
hortumlatma	NOUN	-
hortumlular	NOUN	-
horulda	VERB	-
horuldama	NOUN	-
horuldayış	NOUN	-
horultu	NOUN	-
host	NOUN	-
hostel	NOUN	-
hostes	NOUN	-
hotoz	NOUN	-
hovarda	ADJ	-
hovarda	NOUN	-
hovardaca	ADV	-
hovardalaş	VERB	-
hoygoygoy	NOUN	-
hoyrat	ADJ	-
hoyrat	ADV	-
hoyrat	NOUN	-
hoyratça	ADJ	-
hoyratça	ADV	-
hozan	NOUN	-
hoş	ADJ	-
hoş	ADV	-
hoşaf	NOUN	-
hoşbeş	NOUN	-
hoşgörü	NOUN	-
hoşgörüsüzce	ADV	-
hoşhoş	NOUN	-
hoşkuran	NOUN	-
hoşla	VERB	-
hoşlama	NOUN	-
hoşlan	VERB	-
hoşlanabil	VERB	-
hoşlanabilme	NOUN	-
hoşlandır	VERB	-
hoşlanış	NOUN	-
hoşlaş	VERB	-
hoşlaştır	VERB	-
hoşnut	ADJ	-
hoşnutsuzca	ADV	-
hoşsohbet	ADJ	-
hoşt	NOUN	-
hoşur	ADJ	-
hoşur	NOUN	-
hoşça	ADJ	-
hoşça	ADV	-
hu	INTERJ	-
hu	NOUN	-
hububat	NOUN	-
hudut	NOUN	VOICING
hudutlandır	VERB	-
hukuk	NOUN	-
hukuken	ADV	-
hukuki	ADJ	-
hukuki	NOUN	-
hukuksal	ADJ	-
hukukçu	ADJ	-
hukşat	NOUN	-
hulahop	NOUN	-
hulul	NOUN	VOWEL_DROP
hulus	NOUN	-
huluskâr	ADJ	-
huluskâr	NOUN	-
huluskârane	ADV	-
humar	NOUN	-
humbara	NOUN	-
humbaracıbaşı	NOUN	-
humbarahane	NOUN	-
humma	NOUN	-
humor	NOUN	-
humus	NOUN	-
hun	NOUN	-
hunhar	ADJ	-
hunhar	NOUN	-
hunharca	ADV	-
hunharcasına	ADV	-
huni	NOUN	-
hunnak	NOUN	VOICING
hunriz	ADJ	-
hurafe	NOUN	-
hurda	ADJ	-
hurda	NOUN	-
hurdahaş	ADJ	-
huri	NOUN	-
hurma	NOUN	-
hurra	INTERJ	-
hurra	NOUN	-
hurufat	NOUN	-
huruç	NOUN	VOICING
huruşan	ADJ	-
hurç	NOUN	VOICING
husuf	NOUN	-
husul	NOUN	VOWEL_DROP
husumet	NOUN	-
husumetkâr	ADJ	-
husumetkâr	ADV	-
husus	NOUN	-
hususen	ADV	-
hususi	ADJ	-
hususi	ADV	-
hususiyet	NOUN	-
hususuyla	ADV	-
husye	NOUN	-
hutbe	NOUN	-
hutut	NOUN	-
huy	NOUN	-
huylan	VERB	-
huylandır	VERB	-
huylanış	NOUN	-
huysuzca	ADJ	-
huysuzca	ADV	-
huysuzlan	VERB	-
huysuzlanış	NOUN	-
huysuzlaş	VERB	-
huysuzlaştır	VERB	-
huysuzlaşıver	VERB	-
huysuzlaşıverme	NOUN	-
huzur	NOUN	-
huzurevi	NOUN	-
huzursuzca	ADJ	-
huzursuzca	ADV	-
huğ	NOUN	-
huş	NOUN	-
huşu	NOUN	-
huşunet	NOUN	-
hâk	NOUN	-
hâkim	ADJ	-
hâkim	NOUN	-
hâkimane	ADV	-
hâkimevi	NOUN	-
hâkimiyet	NOUN	-
hâkimiyetimilliye	NOUN	-
hâkî	ADJ	-
hâkî	NOUN	-
hâl	NOUN	-
hâlbuki	CONJ	-
hâlen	ADV	-
hâlen	NOUN	-
hâlet	NOUN	-
hâletinez	NOUN	-
hâletiruhiye	NOUN	-
hâlihazır	NOUN	-
hâlihazırda	ADV	-
hâlihazırda	NOUN	-
hâliyle	ADV	-
hâliyle	NOUN	-
hâllen	VERB	-
hâlleş	VERB	-
hâllice	ADJ	-
hâlsizce	ADV	-
hâlsizleş	VERB	-
hâlsizleştir	VERB	-
hâlâ	ADV	-
hödük	ADJ	VOICING
hödük	NOUN	VOICING
hödükleş	VERB	-
hödükçe	ADV	-
hökelek	NOUN	VOICING
höpürdek	ADJ	-
höpürdek	NOUN	-
höpürdet	VERB	-
höpürdetme	NOUN	-
höpürtü	NOUN	-
hörgüç	NOUN	VOICING
höst	INTERJ	-
höst	NOUN	-
höt	INTERJ	-
höykür	VERB	-
höykürme	NOUN	-
höyük	NOUN	VOICING
höşmerim	NOUN	-
hüccet	NOUN	-
hüceyre	NOUN	-
hücre	NOUN	-
hücum	INTERJ	-
hücum	NOUN	-
hücumbot	NOUN	-
hüdayinabit	ADJ	-
hüdayinabit	NOUN	-
hükmedebil	VERB	-
hükmedebilme	NOUN	-
hükmediş	NOUN	-
hükmen	ADV	-
hükmen	NOUN	-
hükmet	VERB	-
hükmetme	NOUN	-
hükmi	ADJ	-
hükmolun	VERB	-
hükmolunma	NOUN	-
hükûmet	NOUN	-
hüküm	NOUN	-
hükümdar	NOUN	-
hükümferma	ADJ	-
hükümran	ADJ	-
hükümsüzleştir	VERB	-
hülasa	ADV	-
hülasa	NOUN	-
hülasaten	ADV	-
hülle	NOUN	-
hülya	NOUN	-
hülyalaş	VERB	-
hülyalaştır	VERB	-
hümanist	ADJ	-
hümanistleş	VERB	-
hümanizm	NOUN	-
hümanizma	NOUN	-
hümayun	ADJ	-
hümayun	NOUN	-
hüner	NOUN	-
hüngürde	VERB	-
hüngürdeme	NOUN	-
hüngürtü	NOUN	-
hünkâr	NOUN	-
hünkârbeğendi	NOUN	-
hünnap	NOUN	VOICING
hünnapgiller	NOUN	-
hünsa	ADJ	-
hür	ADJ	-
hür	ADV	-
hürle	NOUN	-
hürmet	NOUN	-
hürmeten	ADV	-
hürmetkâr	ADJ	-
hürmetkârane	ADV	-
hürmetlice	ADV	-
hürmetsizce	ADV	-
hürriyet	NOUN	-
hürriyetperver	ADJ	-
hürriyetçi	ADJ	-
hürya	ADV	-
hüryemez	NOUN	-
hüseyni	NOUN	-
hüsnühat	NOUN	-
hüsnühâl	NOUN	-
hüsnükabul	NOUN	VOWEL_DROP
hüsnükuruntu	NOUN	-
hüsnüniyet	NOUN	-
hüsnütalil	NOUN	-
hüsnütelakki	NOUN	-
hüsnüteveccüh	NOUN	-
hüsnüyusuf	NOUN	-
hüsnüzan	NOUN	-
hüsran	NOUN	-
hüsün	NOUN	VOWEL_DROP
hüthüt	NOUN	VOICING
hüvelbaki	NOUN	-
hüveyda	ADJ	-
hüviyet	NOUN	-
hüzme	NOUN	-
hüzzam	NOUN	-
hüzün	NOUN	VOWEL_DROP
hüzünlen	VERB	-
hüzünlendir	VERB	-
hüzünlenebil	VERB	-
hüzünlenebilme	NOUN	-
hüzünleniş	NOUN	-
hıfzet	VERB	-
hıfzetme	NOUN	-
hıfzıssıhha	NOUN	-
hıfız	NOUN	-
hık	NOUN	-
hıltan	NOUN	-
hıltar	NOUN	-
hımbıl	ADJ	-
hımbıllaş	VERB	-
hımhım	ADJ	-
hımhım	ADV	-
hımış	NOUN	-
hıncahınç	ADV	-
hınk	INTERJ	-
hınk	NOUN	-
hınzır	ADJ	-
hınzır	NOUN	-
hınzırca	ADV	-
hınzırcasına	ADV	-
hınzırlaş	VERB	-
hınç	NOUN	VOICING
hır	NOUN	-
hırbo	ADJ	-
hırbo	NOUN	-
hırdavat	NOUN	-
hırdavatçı	NOUN	-
hırgür	NOUN	-
hırka	NOUN	-
hırla	VERB	-
hırlama	NOUN	-
hırlat	VERB	-
hırlatma	NOUN	-
hırlayış	NOUN	-
hırlaş	VERB	-
hırpala	VERB	-
hırpalama	NOUN	-
hırpalan	VERB	-
hırpalanış	NOUN	-
hırpalat	VERB	-
hırpalatma	NOUN	-
hırpalayabil	VERB	-
hırpalayabilme	NOUN	-
hırpalayış	NOUN	-
hırpani	ADJ	-
hırpanileş	VERB	-
hırs	NOUN	-
hırslan	VERB	-
hırslandır	VERB	-
hırslanış	NOUN	-
hırsızca	ADV	-
hırsızcasına	ADV	-
hırsızla	VERB	-
hırsızlama	ADJ	-
hırsızlama	ADV	-
hırt	ADJ	-
hırtapoz	ADJ	-
hırtlamba	ADJ	-
hırçın	ADJ	-
hırçın	NOUN	-
hırçınlaş	VERB	-
hırılda	VERB	-
hırıldama	NOUN	-
hırıldayış	NOUN	-
hırıldaş	VERB	-
hırıldaşma	NOUN	-
hırıltı	NOUN	-
hırızma	NOUN	-
hısım	NOUN	-
hıyaban	NOUN	-
hıyanet	NOUN	-
hıyar	ADJ	-
hıyar	NOUN	-
hıyarağa	ADJ	-
hıyarağası	ADJ	-
hıyarcık	NOUN	VOICING
hıyarlaş	VERB	-
hıyaroğluhıyar	INTERJ	-
hıyaroğluhıyar	NOUN	-
hıyarşembe	NOUN	-
hız	NOUN	-
hızar	NOUN	-
hızla	ADV	-
hızlan	VERB	-
hızlanabil	VERB	-
hızlanabilme	NOUN	-
hızlandır	VERB	-
hızlandırabil	VERB	-
hızlandırabilme	NOUN	-
hızlandırıl	VERB	-
hızlandırılma	NOUN	-
hızlanış	NOUN	-
hızlıca	ADV	-
hızma	NOUN	-
hızölçer	NOUN	-
hıçkır	VERB	-
hıçkırabil	VERB	-
hıçkırabilme	NOUN	-
hıçkırma	NOUN	-
hıçkırt	VERB	-
hıçkırtma	NOUN	-
hıçkırık	NOUN	VOICING
hıçkırış	NOUN	-
hışla	VERB	-
hışlama	NOUN	-
hışılda	VERB	-
hışıldama	NOUN	-
hışıldat	VERB	-
hışıldatma	NOUN	-
hışıltı	NOUN	-
hışım	NOUN	-
hışımlan	VERB	-
hışır	ADJ	-
hışır	NOUN	-
hışırda	VERB	-
hışırdama	NOUN	-
hışırdat	VERB	-
hışırdatma	NOUN	-
hışırdayış	NOUN	-
hışırtı	NOUN	-
iade	NOUN	-
iadeiitibar	NOUN	-
iadeiziyaret	NOUN	-
iane	NOUN	-
iare	NOUN	-
iaşe	NOUN	-
ibadet	NOUN	-
ibadetgâh	NOUN	-
ibadethane	NOUN	-
ibadullah	NOUN	-
ibare	NOUN	-
ibaret	ADJ	-
ibate	NOUN	-
ibda	NOUN	-
ibdai	ADJ	-
ibibik	NOUN	VOICING
ibik	NOUN	VOICING
ibiksi	ADJ	-
ibis	NOUN	-
ibiş	ADJ	-
ibiş	NOUN	-
iblağ	NOUN	-
iblis	NOUN	-
iblisane	ADJ	-
iblisçe	ADJ	-
iblisçe	ADV	-
iblisçi	ADJ	-
iblisçi	NOUN	-
ibne	INTERJ	-
ibne	NOUN	-
ibra	NOUN	-
ibraname	NOUN	-
ibraz	NOUN	-
ibre	NOUN	-
ibret	ADJ	-
ibret	NOUN	-
ibretamiz	ADJ	-
ibretiâlem	NOUN	-
ibrik	NOUN	VOICING
ibriksi	ADJ	-
ibriktar	NOUN	-
ibrikçi	NOUN	-
ibrikçibaşı	NOUN	-
ibrişim	ADJ	-
ibrişim	NOUN	-
ibzal	NOUN	-
icabet	NOUN	-
icabında	ADV	-
icap	NOUN	VOICING
icapçı	NOUN	-
icar	NOUN	-
icat	NOUN	VOICING
icatçı	NOUN	-
icaz	NOUN	-
icazet	NOUN	-
icazetname	NOUN	-
icbar	NOUN	-
icma	NOUN	-
icmal	NOUN	-
icra	NOUN	-
icraat	NOUN	-
icraatçı	NOUN	-
idadi	NOUN	-
idam	NOUN	-
idame	NOUN	-
idare	NOUN	-
idarece	ADV	-
idarehane	NOUN	-
idareimaslahat	NOUN	-
idareimaslahatçı	NOUN	-
idareten	ADV	-
idari	ADJ	-
iddia	NOUN	-
iddialaş	VERB	-
iddialıca	ADV	-
iddianame	NOUN	-
iddiasızca	ADV	-
ide	NOUN	-
idea	NOUN	-
ideal	ADJ	-
ideal	NOUN	-
idealist	ADJ	-
idealist	NOUN	-
idealize	ADJ	-
idealizm	NOUN	-
idealleştir	VERB	-
idefiks	NOUN	-
identik	ADJ	-
ideografi	NOUN	-
ideogram	NOUN	-
ideolog	NOUN	-
ideoloji	NOUN	-
ideolojik	ADJ	-
idil	NOUN	-
idiyopati	NOUN	-
idman	NOUN	-
idol	NOUN	-
idrak	NOUN	-
idrar	NOUN	-
ifa	NOUN	-
ifade	NOUN	-
ifadelendir	VERB	-
iffet	NOUN	-
ifham	NOUN	-
ifilde	VERB	-
ifildeme	NOUN	-
iflah	NOUN	-
iflas	NOUN	-
ifna	NOUN	-
ifrat	NOUN	-
ifraz	NOUN	-
ifrazat	NOUN	-
ifrağ	NOUN	-
ifrit	NOUN	-
ifritleş	VERB	-
ifsat	NOUN	VOICING
ifta	NOUN	-
iftar	NOUN	-
iftariye	NOUN	-
iftihar	NOUN	-
iftira	NOUN	-
iftitah	NOUN	-
ifşa	NOUN	-
ifşaat	NOUN	-
iguana	NOUN	-
iguanagiller	NOUN	-
ihale	NOUN	-
iham	NOUN	-
ihanet	NOUN	-
ihata	NOUN	-
ihbar	NOUN	-
ihbariye	NOUN	-
ihbarla	VERB	-
ihbarlama	NOUN	-
ihbarname	NOUN	-
ihdas	NOUN	-
ihkakıhak	NOUN	-
ihlak	NOUN	-
ihlal	NOUN	-
ihlas	NOUN	-
ihlaslıca	ADV	-
ihlassızca	ADV	-
ihmal	NOUN	-
ihmalkâr	ADJ	-
ihracat	NOUN	-
ihracatçı	NOUN	-
ihrakiye	NOUN	-
ihram	NOUN	-
ihraz	NOUN	-
ihraç	NOUN	VOICING
ihraççı	NOUN	-
ihsan	NOUN	-
ihsanıhümayun	NOUN	-
ihsas	NOUN	-
ihsasırey	NOUN	-
ihtar	NOUN	-
ihtarname	NOUN	-
ihtida	NOUN	-
ihtifal	NOUN	-
ihtikan	NOUN	-
ihtikâr	NOUN	-
ihtilaf	NOUN	-
ihtilal	NOUN	-
ihtilam	NOUN	-
ihtilas	NOUN	-
ihtilat	NOUN	-
ihtilaç	NOUN	VOICING
ihtimal	ADV	-
ihtimal	NOUN	-
ihtimalen	ADV	-
ihtimalî	ADJ	-
ihtimalî	NOUN	-
ihtimam	NOUN	-
ihtira	NOUN	-
ihtiram	NOUN	-
ihtiras	NOUN	-
ihtiraslıca	ADV	-
ihtiraz	NOUN	-
ihtisar	NOUN	-
ihtisas	NOUN	-
ihtisaslaş	VERB	-
ihtiva	NOUN	-
ihtiyar	ADJ	-
ihtiyar	NOUN	-
ihtiyarca	ADJ	-
ihtiyarcık	NOUN	VOICING
ihtiyari	ADJ	-
ihtiyarla	VERB	-
ihtiyarlama	NOUN	-
ihtiyarlat	VERB	-
ihtiyarlatma	NOUN	-
ihtiyarlayış	NOUN	-
ihtiyarsızca	ADV	-
ihtiyat	NOUN	-
ihtiyaten	ADV	-
ihtiyati	ADJ	-
ihtiyatkâr	ADJ	-
ihtiyatlıca	ADV	-
ihtiyatsızca	ADV	-
ihtiyaç	NOUN	VOICING
ihtiyaçsızca	ADV	-
ihtizaz	NOUN	-
ihtişam	NOUN	-
ihvan	NOUN	-
ihya	NOUN	-
ihzar	NOUN	-
ihzari	ADJ	-
ikame	ADJ	-
ikame	NOUN	-
ikamet	NOUN	-
ikametgâh	NOUN	-
ikaz	NOUN	-
ikbal	NOUN	-
ikdam	NOUN	-
ikebana	NOUN	-
iki	ADJ	-
iki	NOUN	-
ikile	VERB	-
ikile!	NOUN	-
ikilem	NOUN	-
ikileme	NOUN	-
ikilen	VERB	-
ikilet	VERB	-
ikiletme	NOUN	-
ikileş	VERB	-
ikileşik	ADJ	-
ikileşim	NOUN	-
ikincil	ADJ	-
ikincilleştir	VERB	-
ikindi	NOUN	-
ikindiye	PRON	-
ikindiyin	ADV	-
ikindiüstü	ADV	-
ikindiüzeri	ADV	-
ikircik	NOUN	VOICING
ikirciklen	VERB	-
ikircil	ADJ	-
ikircim	NOUN	-
ikitek	NOUN	-
ikiz	ADJ	-
ikiz	NOUN	-
ikizkenar	ADJ	-
ikiçifte	NOUN	-
ikişer	ADJ	-
ikişer	NOUN	-
iklil	NOUN	-
iklim	NOUN	-
iklimleme	NOUN	-
ikmal	NOUN	-
ikna	NOUN	-
ikon	NOUN	-
ikona	NOUN	-
ikonografi	NOUN	-
ikrah	NOUN	-
ikram	NOUN	-
ikramiye	NOUN	-
ikrar	NOUN	-
ikraz	NOUN	-
iksa	NOUN	-
iksir	NOUN	-
ikta	NOUN	-
iktibas	NOUN	-
iktidar	NOUN	-
iktidari	ADJ	-
iktidarsızca	ADV	-
iktidarsızlaş	VERB	-
iktidarsızlaştır	VERB	-
iktifa	NOUN	-
iktiran	NOUN	-
iktisaden	ADV	-
iktisadi	ADJ	-
iktisadiyat	NOUN	-
iktisap	NOUN	VOICING
iktisat	NOUN	VOICING
iktisatçı	NOUN	-
iktiza	NOUN	-
il	NOUN	-
il	VERB	-
ila	CONJ	-
ilah	NOUN	-
ilahe	NOUN	-
ilahi	ADJ	-
ilahi	INTERJ	-
ilahi	NOUN	-
ilahiyat	NOUN	-
ilahiyatçı	NOUN	-
ilahlaş	VERB	-
ilahlaştır	VERB	-
ilam	NOUN	-
ilan	NOUN	-
ilanen	ADV	-
ilanihaye	ADJ	-
ilanihaye	ADV	-
ilanıaşk	NOUN	-
ilarya	NOUN	-
ilave	NOUN	-
ilaveten	ADV	-
ilaç	NOUN	VOICING
ilaçla	VERB	-
ilaçlama	NOUN	-
ilaçlan	VERB	-
ilaçlanış	NOUN	-
ilbay	NOUN	-
ilca	NOUN	-
ile	CONJ	-
ile	NOUN	-
ile	POSTP	-
ilek	NOUN	VOICING
ilelebet	ADV	-
ilen	VERB	-
ilenil	VERB	-
ilenilme	NOUN	-
ileniş	NOUN	-
ilenme	NOUN	-
ilenç	NOUN	VOICING
ileri	ADJ	-
ileri	ADV	-
ileri	INTERJ	-
ileri	NOUN	-
ileride	ADV	-
ileride	NOUN	-
ilerle	VERB	-
ilerlek	ADJ	-
ilerleme	NOUN	-
ilerlet	VERB	-
ilerletebil	VERB	-
ilerletebilme	NOUN	-
ilerletme	NOUN	-
ilerleyebil	VERB	-
ilerleyebilme	NOUN	-
ilerleyiş	NOUN	-
ilet	VERB	-
iletebil	VERB	-
iletebilme	NOUN	-
ileti	NOUN	-
iletil	VERB	-
iletilebil	VERB	-
iletilebilme	NOUN	-
iletiliş	NOUN	-
iletilme	NOUN	-
iletim	NOUN	-
iletiş	NOUN	-
iletiş	VERB	-
iletişim	NOUN	-
iletişme	NOUN	-
iletken	ADJ	-
iletken	NOUN	-
iletki	NOUN	-
iletme	NOUN	-
ilga	NOUN	-
ilgeç	NOUN	VOICING
ilgi	NOUN	-
ilgile	VERB	-
ilgileme	NOUN	-
ilgilen	VERB	-
ilgilendir	VERB	-
ilgilendirebil	VERB	-
ilgilendirebilme	NOUN	-
ilgilendiriş	NOUN	-
ilgilenebil	VERB	-
ilgilenebilme	NOUN	-
ilgileniş	NOUN	-
ilginç	ADJ	VOICING
ilginçleş	VERB	-
ilgisizce	ADV	-
ilgisizcesine	ADV	-
ilhak	NOUN	-
ilham	NOUN	-
ilhan	NOUN	-
ilik	NOUN	VOICING
ilikle	VERB	-
ilikleme	NOUN	-
iliklen	VERB	-
ilikleniş	NOUN	-
ilikleyiş	NOUN	-
iliksi	ADJ	-
ilikçi	NOUN	-
ilim	NOUN	-
ilinek	NOUN	VOICING
ilineksel	ADJ	-
ilinti	NOUN	-
ilintile	VERB	-
ilintileme	NOUN	-
ilistir	NOUN	-
iliş	VERB	-
ilişik	ADJ	VOICING
ilişik	NOUN	VOICING
ilişil	VERB	-
ilişilme	NOUN	-
ilişim	NOUN	-
ilişiver	VERB	-
ilişiverme	NOUN	-
ilişken	NOUN	-
ilişki	NOUN	-
ilişkilendir	VERB	-
ilişkilendirebil	VERB	-
ilişkilendirebilme	NOUN	-
ilişkin	NOUN	-
ilişkin	POSTP	-
ilişkisel	ADJ	-
ilişme	NOUN	-
iliştir	VERB	-
iliştirebil	VERB	-
iliştirebilme	NOUN	-
iliştiril	VERB	-
iliştirilebil	VERB	-
iliştirilebilme	NOUN	-
iliştirilme	NOUN	-
iliştiriver	VERB	-
iliştiriverme	NOUN	-
iliştirme	NOUN	-
ilk	ADJ	-
ilk	ADV	-
ilk	NOUN	-
ilkah	NOUN	-
ilkbahar	NOUN	-
ilke	NOUN	-
ilkel	ADJ	-
ilkel	NOUN	-
ilkelce	ADJ	-
ilkelce	ADV	-
ilkeleş	VERB	-
ilkeleştir	VERB	-
ilkelleş	VERB	-
ilkelleştir	VERB	-
ilkesel	ADJ	-
ilkgüz	NOUN	-
ilkin	ADV	-
ilkokul	NOUN	-
ilkten	ADV	-
ilkyaz	NOUN	-
ilköğrenim	NOUN	-
ilköğretim	NOUN	-
illa	ADV	-
illa	NOUN	-
illaki	ADV	-
illallah	INTERJ	-
ille	ADV	-
illegal	ADJ	-
illet	ADJ	-
illet	NOUN	-
illiyet	NOUN	-
illî	ADJ	-
illüstrasyon	NOUN	-
illüzyon	NOUN	-
illüzyonist	NOUN	-
illüzyonizm	NOUN	-
ilme	NOUN	-
ilmekle	VERB	-
ilmekleme	NOUN	-
ilmiahlak	NOUN	-
ilmihâl	NOUN	-
ilmik	NOUN	VOICING
ilmikle	VERB	-
ilmikleme	NOUN	-
ilmiklen	VERB	-
ilmiye	NOUN	-
ilmî	ADJ	-
ilmühaber	NOUN	-
ilsizleş	VERB	-
iltibas	NOUN	-
iltica	NOUN	-
iltifat	NOUN	-
iltifatkâr	ADJ	-
iltihabi	ADJ	-
iltihak	NOUN	-
iltihap	NOUN	VOICING
iltihaplan	VERB	-
iltimas	NOUN	-
iltimasçı	NOUN	-
iltisak	NOUN	-
iltisaki	ADJ	-
iltisaki	NOUN	-
iltizam	NOUN	-
iltizami	ADJ	-
ilzam	NOUN	-
ilçe	NOUN	-
ilçebay	NOUN	-
im	NOUN	-
ima	NOUN	-
imaj	NOUN	-
imajinasyon	NOUN	-
imal	NOUN	-
imalat	NOUN	-
imalathane	NOUN	-
imalatçı	NOUN	-
imale	NOUN	-
imam	NOUN	-
imambayıldı	NOUN	-
imame	NOUN	-
imamet	NOUN	-
imamevi	NOUN	-
imamkayığı	NOUN	-
imamsuyu	NOUN	-
iman	NOUN	-
imaniye	NOUN	-
imanlıca	ADV	-
imansızca	ADV	-
imanım	NOUN	-
imar	NOUN	-
imaret	NOUN	-
imarethane	NOUN	-
imbat	NOUN	-
imbik	NOUN	VOICING
imdat	INTERJ	VOICING
imdat	NOUN	VOICING
imdatçı	NOUN	-
imdi	ADV	-
imdi	NOUN	-
imece	NOUN	-
imge	NOUN	-
imgele	VERB	-
imgelem	NOUN	-
imgeleme	NOUN	-
imgelen	VERB	-
imgesel	ADJ	-
imha	NOUN	-
imik	NOUN	VOICING
imitasyon	NOUN	-
imişçesine	POSTP	-
imkân	NOUN	-
imkânsızca	ADV	-
imkânsızlaş	VERB	-
imkânsızlaştır	VERB	-
imla	NOUN	-
imle	VERB	-
imlek	NOUN	VOICING
imleme	NOUN	-
imleç	NOUN	VOICING
immoral	ADJ	-
immoralizm	NOUN	-
immün	ADJ	-
immünoloji	NOUN	-
immünolojik	ADJ	-
immünolojist	NOUN	-
imparator	NOUN	-
imparatoriçe	NOUN	-
implant	NOUN	-
imrahor	NOUN	-
imren	NOUN	-
imren	VERB	-
imrence	NOUN	-
imrendir	VERB	-
imrendirme	NOUN	-
imrenil	VERB	-
imrenilme	NOUN	-
imreniş	NOUN	-
imrenme	NOUN	-
imrenti	NOUN	-
imroz	NOUN	-
imsak	NOUN	-
imsakiye	NOUN	-
imtihan	NOUN	-
imtina	NOUN	-
imtisal	NOUN	-
imtisas	NOUN	-
imtiyaz	NOUN	-
imtiyazlıca	ADV	-
imtiyazsızca	ADV	-
imtizaç	NOUN	VOICING
imza	NOUN	-
imzala	VERB	-
imzalama	NOUN	-
imzalan	VERB	-
imzalanış	NOUN	-
imzalat	VERB	-
imzalatabil	VERB	-
imzalatabilme	NOUN	-
imzalatma	NOUN	-
imzalatılabil	VERB	-
imzalatılabilme	NOUN	-
imzalayabil	VERB	-
imzalayabilme	NOUN	-
imzalayış	NOUN	-
in	NOUN	-
in	VERB	-
inadına	ADV	-
inadına	NOUN	-
inak	NOUN	VOICING
inaksal	ADJ	-
inakçı	ADJ	-
inal	NOUN	-
inam	NOUN	-
inan	NOUN	-
inan	VERB	-
inanabil	VERB	-
inanabilme	NOUN	-
inanca	NOUN	-
inandır	VERB	-
inandırabil	VERB	-
inandırabilme	NOUN	-
inandırma	NOUN	-
inandırıl	VERB	-
inandırılma	NOUN	-
inandırıver	VERB	-
inandırıverme	NOUN	-
inanma	NOUN	-
inanç	NOUN	VOICING
inançlıca	ADV	-
inançsızca	ADV	-
inanıl	VERB	-
inanılma	NOUN	-
inanılmaz	ADJ	-
inanılmaz	NOUN	-
inanıver	VERB	-
inanıverme	NOUN	-
inanış	NOUN	-
inat	ADJ	VOICING
inat	NOUN	VOICING
inatla	ADV	-
inatlaş	VERB	-
inatçı	ADJ	-
inayet	NOUN	-
ince	ADJ	-
ince	NOUN	-
incecik	ADJ	-
incecikten	ADV	-
inceden	ADJ	-
inceden	NOUN	-
incekara	NOUN	-
incel	VERB	-
incele	VERB	-
incelebil	VERB	-
incelebilme	NOUN	-
inceleme	NOUN	-
incelen	VERB	-
incelenebil	VERB	-
incelenebilme	NOUN	-
inceleniş	NOUN	-
incelet	VERB	-
inceletebil	VERB	-
inceletebilme	NOUN	-
inceletiş	NOUN	-
inceletme	NOUN	-
incelettir	VERB	-
incelettirme	NOUN	-
inceleyebil	VERB	-
inceleyebilme	NOUN	-
inceleyiş	NOUN	-
inceliş	NOUN	-
incelme	NOUN	-
incelt	VERB	-
inceltebil	VERB	-
inceltebilme	NOUN	-
inceltiş	NOUN	-
inceltme	NOUN	-
incerek	ADJ	-
incik	NOUN	VOICING
incin	VERB	-
inciniş	NOUN	-
incinme	NOUN	-
incir	NOUN	-
inciruyutması	NOUN	-
incit	VERB	-
incitebil	VERB	-
incitebilme	NOUN	-
incitil	VERB	-
incitilme	NOUN	-
incitiş	NOUN	-
incitme	NOUN	-
incitmebeni	NOUN	-
incizap	NOUN	VOICING
indeks	NOUN	-
indeterminist	ADJ	-
indeterminizm	NOUN	-
indi	ADJ	-
indibindi	NOUN	-
indifa	NOUN	-
indifai	ADJ	-
indifai	NOUN	-
indikatör	NOUN	-
indinde	ADV	-
indir	VERB	-
indirebil	VERB	-
indirebilme	NOUN	-
indirge	VERB	-
indirgeme	NOUN	-
indirgen	ADJ	-
indirgen	VERB	-
indirgenebilir	ADJ	-
indirgeniş	NOUN	-
indirgenme	NOUN	-
indirgeyebil	VERB	-
indirgeyebilme	NOUN	-
indirgeyiş	NOUN	-
indiril	VERB	-
indiriliş	NOUN	-
indirilme	NOUN	-
indirim	NOUN	-
indiriver	VERB	-
indiriverme	NOUN	-
indiriş	NOUN	-
indirme	NOUN	-
indirt	VERB	-
indirtebil	VERB	-
indirtebilme	NOUN	-
indirtme	NOUN	-
indis	NOUN	-
individüalist	ADJ	-
individüalizm	NOUN	-
indiyum	NOUN	-
indükle	VERB	-
indükleme	NOUN	-
indükleç	NOUN	VOICING
inebil	VERB	-
inebilme	NOUN	-
inebolukütüğü	NOUN	-
inek	ADJ	VOICING
inek	NOUN	VOICING
inekhane	NOUN	-
inekle	VERB	-
inekleme	NOUN	-
inekçi	NOUN	-
ineç	NOUN	VOICING
infak	NOUN	-
infaz	NOUN	-
infial	NOUN	-
infilak	NOUN	-
infinitezimal	ADJ	-
infirak	NOUN	-
infirat	NOUN	VOICING
infiratçı	ADJ	-
infisah	NOUN	-
infografik	NOUN	VOICING
informel	ADJ	-
informel	NOUN	-
ingin	ADJ	-
ingin	NOUN	-
inha	NOUN	-
inhi	VERB	-
inhibitör	NOUN	-
inhidam	NOUN	-
inhilal	NOUN	-
inhina	NOUN	-
inhiraf	NOUN	-
inhisar	NOUN	-
inhitat	NOUN	-
ini	NOUN	-
inik	ADJ	-
inik	ADV	-
inikat	NOUN	VOICING
inikâs	NOUN	-
inil	VERB	-
inilde	VERB	-
inildeme	NOUN	-
inildeyiş	NOUN	-
inilme	NOUN	-
inilti	NOUN	-
inisiyatif	NOUN	-
inisyal	NOUN	-
iniver	VERB	-
iniverme	NOUN	-
iniş	NOUN	-
inkisar	NOUN	-
inkisarıhayal	NOUN	-
inkişaf	NOUN	-
inkâr	NOUN	-
inkübatör	NOUN	-
inkıbaz	NOUN	-
inkılap	NOUN	VOICING
inkılapçı	NOUN	-
inkıraz	NOUN	-
inkısam	NOUN	-
inkıta	NOUN	-
inkıyat	NOUN	VOICING
inle	VERB	-
inleme	NOUN	-
inlet	VERB	-
inletme	NOUN	-
inleyebil	VERB	-
inleyebilme	NOUN	-
inleyiş	NOUN	-
inme	NOUN	-
inorganik	ADJ	VOICING
inorganik	NOUN	VOICING
inovasyon	NOUN	-
inovatif	NOUN	-
insaf	INTERJ	-
insaf	NOUN	-
insaflıca	ADV	-
insafsızca	ADV	-
insafsızca	NOUN	-
insafsızcasına	ADV	-
insan	NOUN	-
insanca	ADJ	-
insanca	ADV	-
insancasına	ADV	-
insancıl	ADJ	-
insancıl	NOUN	-
insancıllaş	VERB	-
insangiller	NOUN	-
insani	ADJ	-
insani	NOUN	-
insaniyet	NOUN	-
insanlaş	VERB	-
insansever	ADJ	-
insansı	ADJ	-
insansılar	NOUN	-
insanüstü	ADJ	-
insanımsı	ADJ	-
insanımsılar	NOUN	-
insektaryum	NOUN	-
insicam	NOUN	-
insiraf	NOUN	-
insirafi	ADJ	-
insiyak	NOUN	-
insiyaki	ADJ	-
insolent	ADJ	-
insülin	NOUN	-
intak	NOUN	-
intan	NOUN	-
intani	ADJ	-
intani	NOUN	-
intaniye	NOUN	-
intaç	NOUN	VOICING
integral	NOUN	-
integralleme	NOUN	-
integrasyon	NOUN	-
intelijans	NOUN	-
intelijansiya	NOUN	-
interaktif	ADJ	-
interferometre	NOUN	-
interferometri	NOUN	-
interferon	NOUN	-
interkinez	NOUN	-
interkoneksiyon	NOUN	-
intermezzo	NOUN	-
intern	NOUN	-
internet	NOUN	-
internship	NOUN	-
inti	NOUN	-
intiba	NOUN	-
intibah	NOUN	-
intibak	NOUN	-
intifa	NOUN	-
intifada	NOUN	-
intiha	NOUN	-
intihabat	NOUN	-
intihal	NOUN	-
intihap	NOUN	VOICING
intihar	NOUN	-
intikal	NOUN	-
intikam	NOUN	-
intisap	NOUN	VOICING
intizam	NOUN	-
intizamlıca	ADV	-
intizamperver	ADJ	-
intizamsızca	ADV	-
intizar	NOUN	-
intişar	NOUN	-
intranet	NOUN	-
inzal	NOUN	-
inzibat	NOUN	-
inzibati	ADJ	-
inzimam	NOUN	-
inziva	NOUN	-
inç	NOUN	VOICING
inşa	NOUN	-
inşaat	NOUN	-
inşaatçı	NOUN	-
inşallah	INTERJ	-
inşat	NOUN	VOICING
inşirah	NOUN	-
ip	NOUN	-
ipek	ADJ	VOICING
ipek	NOUN	VOICING
ipeka	NOUN	-
ipekhane	NOUN	-
ipeksi	ADJ	-
ipekçi	NOUN	-
ipeğimsi	ADJ	-
ipham	NOUN	-
ipilde	VERB	-
ipildeme	NOUN	-
ipile	VERB	-
ipileme	NOUN	-
ipilti	NOUN	-
ipince	ADJ	-
ipipullah	NOUN	-
ipka	NOUN	-
iple	VERB	-
iplicik	NOUN	VOICING
iplikhane	NOUN	-
ipliklen	VERB	-
ipliksi	ADJ	-
iplikçi	NOUN	-
iplikçik	NOUN	VOICING
ipliğimsi	ADJ	-
ipotek	NOUN	VOICING
ipotekle	VERB	-
ipotekleme	NOUN	-
ipsi	ADJ	-
ipsiler	NOUN	-
iptal	NOUN	-
iptida	ADV	-
iptida	NOUN	-
iptidai	ADJ	-
iptidai	NOUN	-
iptidaları	ADV	-
iptila	NOUN	-
iptizal	NOUN	-
ipçi	NOUN	-
ipçik	NOUN	VOICING
irade	NOUN	-
iradesizce	ADV	-
iradi	ADJ	-
iradiye	NOUN	-
iradımesel	NOUN	-
irap	NOUN	VOICING
irat	NOUN	VOICING
irca	NOUN	-
irdele	VERB	-
irdeleme	NOUN	-
irdelen	VERB	-
irdeleniş	NOUN	-
irdeleyebil	VERB	-
irdeleyebilme	NOUN	-
irdeleyiş	NOUN	-
irfan	NOUN	-
iri	ADJ	-
iri	NOUN	-
iribaş	NOUN	-
irice	ADJ	-
iridyum	NOUN	-
irileş	VERB	-
irileştir	VERB	-
irin	NOUN	-
irinlen	VERB	-
irinti	NOUN	-
iris	NOUN	-
irite	NOUN	-
irk	VERB	-
irkebil	VERB	-
irkebilme	NOUN	-
irkil	VERB	-
irkiliş	NOUN	-
irkilme	NOUN	-
irkilt	VERB	-
irkilteç	NOUN	VOICING
irkilti	NOUN	-
irkiltme	NOUN	-
irkinti	NOUN	-
irkme	NOUN	-
irmik	NOUN	VOICING
ironi	NOUN	-
ironik	ADJ	-
irrasyonalist	ADJ	-
irrasyonalizm	NOUN	-
irrasyonel	ADJ	-
irrealist	ADJ	-
irredantist	ADJ	-
irredantizm	NOUN	-
irs	NOUN	-
irsal	NOUN	-
irsaliye	NOUN	-
irsen	ADV	-
irsiyet	NOUN	-
irsî	ADJ	-
irtibat	NOUN	-
irtica	NOUN	-
irticai	ADJ	-
irtical	NOUN	-
irticalen	ADV	-
irticalî	ADV	-
irtidat	NOUN	VOICING
irtifa	NOUN	-
irtifak	NOUN	-
irtihal	NOUN	-
irtikâp	NOUN	VOICING
irtisam	NOUN	-
irtişa	NOUN	-
irşat	NOUN	VOICING
is	NOUN	-
isabet	INTERJ	-
isabet	NOUN	-
isal	NOUN	-
isale	NOUN	-
isfendan	ADJ	-
isfendan	NOUN	-
ishal	NOUN	-
isim	NOUN	-
isimlen	VERB	-
isimlendir	VERB	-
isimlendirebil	VERB	-
isimlendirebilme	NOUN	-
isimlendiril	VERB	-
isimlendirilebil	VERB	-
isimlendirilebilme	NOUN	-
isimlendiriliş	NOUN	-
isimlendirilme	NOUN	-
isimlendiriver	VERB	-
isimlendiriverme	NOUN	-
isimlendiriş	NOUN	-
isimleş	VERB	-
isimleştir	VERB	-
iskalarya	NOUN	-
iskambil	NOUN	-
iskandil	NOUN	-
iskarpela	NOUN	-
iskarpin	NOUN	-
iskarto	NOUN	-
iskele	NOUN	-
iskelet	ADJ	-
iskelet	NOUN	-
iskemle	NOUN	-
iskerlet	NOUN	-
iskete	NOUN	-
iskonto	NOUN	-
iskorbüt	NOUN	-
iskorpit	NOUN	-
iskorpitgiller	NOUN	-
iskorçina	NOUN	-
iskota	NOUN	-
iskân	NOUN	-
isle	VERB	-
isleme	NOUN	-
islen	VERB	-
islim	NOUN	-
ismen	ADV	-
ismet	NOUN	-
isnaden	ADV	-
isnat	NOUN	VOICING
isot	NOUN	-
ispalya	NOUN	-
ispanya	NOUN	-
ispanyolet	NOUN	-
ispari	NOUN	-
ispat	NOUN	-
ispati	NOUN	-
ispatla	VERB	-
ispatlama	NOUN	-
ispatlan	VERB	-
ispatlandır	VERB	-
ispatlanış	NOUN	-
ispatlayabil	VERB	-
ispatlayabilme	NOUN	-
ispatlayış	NOUN	-
ispendek	NOUN	VOICING
ispenç	NOUN	VOICING
ispençiyari	NOUN	-
ispermeçet	NOUN	-
ispinoz	NOUN	-
ispinozgiller	NOUN	-
ispir	NOUN	-
ispiralya	NOUN	-
ispirto	NOUN	-
ispit	NOUN	-
ispiyon	NOUN	-
ispiyonla	VERB	-
ispiyonlama	NOUN	-
ispiyonlan	VERB	-
ispiyonlat	VERB	-
ispiyonlatma	NOUN	-
ispritizma	NOUN	-
israf	NOUN	-
istadya	NOUN	-
istanbulin	NOUN	-
istasyon	NOUN	-
istatistik	NOUN	VOICING
istatistiki	ADJ	-
istatistiksel	ADJ	-
istatistikçi	NOUN	-
istavrit	NOUN	-
istavroz	NOUN	-
iste	VERB	-
istek	NOUN	VOICING
isteka	NOUN	-
isteklen	VERB	-
isteklendir	VERB	-
istekleniş	NOUN	-
isteksizce	ADV	-
istem	NOUN	-
isteme	NOUN	-
istemseme	NOUN	-
isten	VERB	-
istenil	VERB	-
istenilebil	VERB	-
istenilebilme	NOUN	-
istenilme	NOUN	-
isteniş	NOUN	-
istenme	NOUN	-
istenç	NOUN	VOICING
istençsizce	ADV	-
istenççi	ADJ	-
ister	CONJ	-
ister	NOUN	-
isteri	NOUN	-
isterik	ADJ	-
istet	VERB	-
istetiş	NOUN	-
istetme	NOUN	-
istettir	VERB	-
istettirme	NOUN	-
isteyebil	VERB	-
isteyebilme	NOUN	-
isteyiş	NOUN	-
isteş	VERB	-
isteşme	NOUN	-
istiane	NOUN	-
istiap	NOUN	VOICING
istiare	NOUN	-
istibat	NOUN	VOICING
istibdat	NOUN	VOICING
istical	NOUN	-
isticar	NOUN	-
isticvap	NOUN	VOICING
istida	NOUN	-
istidaname	NOUN	-
istidat	NOUN	VOICING
istidlal	NOUN	-
istif	NOUN	-
istifa	NOUN	-
istifade	NOUN	-
istifaen	ADV	-
istifaname	NOUN	-
istifham	NOUN	-
istifle	VERB	-
istifleme	NOUN	-
istiflen	VERB	-
istifleniş	NOUN	-
istifleyebil	VERB	-
istifleyebilme	NOUN	-
istifleyiş	NOUN	-
istifra	NOUN	-
istifsar	NOUN	-
istifsarıhatır	NOUN	-
istifçi	NOUN	-
istihale	NOUN	-
istihare	NOUN	-
istihbar	NOUN	-
istihbarat	NOUN	-
istihdaf	NOUN	-
istihdam	NOUN	-
istihfaf	NOUN	-
istihkak	NOUN	-
istihkar	NOUN	-
istihkâm	NOUN	-
istihlak	NOUN	-
istihraç	NOUN	VOICING
istihsal	NOUN	-
istihza	NOUN	-
istihzar	NOUN	-
istika	NOUN	-
istikamet	NOUN	-
istikametlen	VERB	-
istikametlendir	VERB	-
istikbal	NOUN	-
istiklal	NOUN	-
istikra	NOUN	-
istikrah	NOUN	-
istikrar	NOUN	-
istikrarlıca	ADV	-
istikrarlılaştır	VERB	-
istikrarsızca	ADV	-
istikrarsızlaştır	VERB	-
istikrarsızlaştırıl	VERB	-
istikrarsızlaştırılma	VERB	-
istikraz	NOUN	-
istikşaf	NOUN	-
istikşafi	ADJ	-
istila	NOUN	-
istilzam	NOUN	-
istim	NOUN	-
istimal	NOUN	-
istimara	NOUN	-
istimator	NOUN	-
istimbot	NOUN	-
istimdat	NOUN	VOICING
istimlak	NOUN	-
istimna	NOUN	-
istimrar	NOUN	-
istimzaç	NOUN	VOICING
istinabe	NOUN	-
istinaden	ADV	-
istinaf	NOUN	-
istinas	NOUN	-
istinat	NOUN	VOICING
istinatgâh	NOUN	-
istinga	NOUN	-
istinkâf	NOUN	-
istinsah	NOUN	-
istintak	NOUN	-
istintaç	NOUN	VOICING
istirahat	NOUN	-
istirahatgâh	NOUN	-
istirdat	NOUN	VOICING
istirham	NOUN	-
istiridye	NOUN	-
istiskal	NOUN	-
istismar	NOUN	-
istisna	NOUN	-
istisnai	ADJ	-
istisnasızca	ADV	-
istitrat	NOUN	VOICING
istiva	NOUN	-
istizah	NOUN	-
istizan	NOUN	-
istiğfar	NOUN	-
istiğna	NOUN	-
istiğrak	NOUN	-
istişare	NOUN	-
istop	NOUN	-
istralya	NOUN	-
istrongilos	NOUN	-
isyan	NOUN	-
isyankâr	ADJ	-
it	NOUN	-
it	VERB	-
ita	NOUN	-
itaat	NOUN	-
itaatkâr	ADJ	-
itaatsizce	ADV	-
itap	NOUN	VOICING
itayağı	NOUN	-
itboğan	NOUN	-
itburnu	NOUN	-
itdirseği	NOUN	-
itebil	VERB	-
itebilme	NOUN	-
itekle	VERB	-
itekleme	NOUN	-
itele	VERB	-
iteleme	NOUN	-
itelen	VERB	-
iteleyebil	VERB	-
iteleyebilme	NOUN	-
itenek	NOUN	VOICING
iterbiyum	NOUN	-
iteği	NOUN	-
itfa	NOUN	-
itfaiye	NOUN	-
ithaf	NOUN	-
ithafen	ADV	-
ithafen	NOUN	-
ithafname	NOUN	-
ithal	NOUN	-
ithalat	NOUN	-
ithalatçı	NOUN	-
itham	NOUN	-
ithamname	NOUN	-
iti	NOUN	-
itibar	NOUN	-
itibaren	NOUN	-
itibaren	POSTP	-
itibari	ADJ	-
itibarlıca	ADV	-
itibarsızca	ADV	-
itibarsızlaş	VERB	-
itibarsızlaştır	VERB	-
itibarıyla	ADV	-
itibarıyla	NOUN	-
itidal	NOUN	-
itikat	NOUN	VOICING
itikâf	NOUN	-
itikâl	NOUN	-
itil	VERB	-
itila	NOUN	-
itilaf	NOUN	-
itilafçı	NOUN	-
itiliş	NOUN	-
itilme	NOUN	-
itimat	NOUN	VOICING
itimatname	NOUN	-
itina	NOUN	-
itinalıca	ADV	-
itinasızca	ADV	-
itinayla	ADV	-
itiraf	NOUN	-
itirafçı	NOUN	-
itiraz	NOUN	-
itirazsızca	ADV	-
itiver	VERB	-
itiverme	NOUN	-
itiyat	NOUN	VOICING
itizar	NOUN	-
itiş	NOUN	-
itiş	VERB	-
itişme	NOUN	-
itiştir	VERB	-
itiştirme	NOUN	-
itki	NOUN	-
itkuyruğu	NOUN	-
itlaf	NOUN	-
itlen	VERB	-
itleş	VERB	-
itmam	NOUN	-
itme	NOUN	-
itminan	NOUN	-
itoğluit	INTERJ	-
itoğluit	NOUN	-
itriyum	NOUN	-
ittifak	NOUN	-
ittihat	NOUN	VOICING
ittihatçı	NOUN	-
ittihaz	NOUN	-
ittir	VERB	-
ittirebil	VERB	-
ittirebilme	NOUN	-
ittirme	NOUN	-
ittisal	NOUN	-
itçe	ADV	-
iv	VERB	-
ivaz	NOUN	-
ivazsızca	ADV	-
ivdir	VERB	-
ivdirme	NOUN	-
ivecen	ADJ	-
ivedi	ADJ	-
ivedi	ADV	-
ivedi	NOUN	-
ivedilen	VERB	-
ivedileş	VERB	-
ivedileştir	VERB	-
ivedilikle	ADV	-
ivesi	NOUN	-
iveğen	ADJ	-
iveğen	NOUN	-
ivgi	NOUN	-
ivinti	NOUN	-
ivme	NOUN	-
ivmelen	VERB	-
ivmeleniş	NOUN	-
ivmeyazar	NOUN	-
ivmeölçer	NOUN	-
iye	NOUN	-
iyi	ADJ	-
iyi	ADV	-
iyi	NOUN	-
iyice	ADJ	-
iyice	ADV	-
iyicene	ADV	-
iyicil	ADJ	-
iyicil	NOUN	-
iyileş	VERB	-
iyileştir	VERB	-
iyileştirebil	VERB	-
iyileştirebilme	NOUN	-
iyilikbilir	ADJ	-
iyilikbilmez	ADJ	-
iyilikle	ADV	-
iyiliksever	ADJ	-
iyilikçi	ADJ	-
iyimser	ADJ	-
iyisinden	ADV	-
iyodoiyodür	NOUN	-
iyodür	NOUN	-
iyon	NOUN	-
iyonik	ADJ	-
iyonlaştır	VERB	-
iyonosfer	NOUN	-
iyot	NOUN	VOICING
iyotlama	NOUN	-
iz	NOUN	-
izabe	NOUN	-
izafe	NOUN	-
izafet	NOUN	-
izafeten	ADV	-
izafeten	NOUN	-
izafi	ADJ	-
izafiye	NOUN	-
izafiyet	NOUN	-
izah	NOUN	-
izahat	NOUN	-
izale	NOUN	-
izaleişüyu	NOUN	-
izam	NOUN	-
izan	NOUN	-
izansızca	ADJ	-
izansızca	ADV	-
izaz	NOUN	-
izazuikram	NOUN	-
izaç	NOUN	VOICING
izbandut	ADJ	-
izbandut	NOUN	-
izbe	ADJ	-
izbe	NOUN	-
izbiro	NOUN	-
izdiham	NOUN	-
izdivaç	NOUN	VOICING
izdüşüren	ADJ	-
izge	NOUN	-
izhar	NOUN	-
izin	NOUN	VOWEL_DROP
izinname	NOUN	-
izle	VERB	-
izlek	NOUN	VOICING
izleksel	ADJ	-
izlem	NOUN	-
izleme	NOUN	-
izlemsel	ADJ	-
izlen	VERB	-
izlence	NOUN	-
izlenebil	VERB	-
izlenebilme	NOUN	-
izlenim	NOUN	-
izleniş	NOUN	-
izlet	VERB	-
izletebil	VERB	-
izletebilme	NOUN	-
izletil	VERB	-
izletilme	NOUN	-
izletiş	NOUN	-
izletme	NOUN	-
izlettir	VERB	-
izlettirme	NOUN	-
izlev	NOUN	-
izleyebil	VERB	-
izleyebilme	NOUN	-
izleyiş	NOUN	-
izmarit	NOUN	-
izmaritgiller	NOUN	-
izmihlal	NOUN	-
izninizle	NOUN	-
izobar	NOUN	-
izohips	NOUN	-
izolasyon	NOUN	-
izolatör	ADJ	-
izole	ADJ	-
izomer	ADJ	-
izomeri	NOUN	-
izomerik	ADJ	-
izometri	NOUN	-
izomorf	NOUN	-
izomorfik	ADJ	-
izomorfizm	NOUN	-
izoterm	ADJ	-
izotop	NOUN	-
izzet	NOUN	-
izzetinefis	NOUN	-
izzetüikbal	NOUN	-
izzetüikram	NOUN	-
iç	ADJ	-
iç	NOUN	-
iç	VERB	-
içbükey	ADJ	-
içdenetir	NOUN	-
içebil	VERB	-
içebilme	NOUN	-
içecek	ADJ	VOICING
içecek	NOUN	VOICING
içer	VERB	-
içerebil	VERB	-
içerebilme	NOUN	-
içeri	ADJ	-
içeri	ADV	-
içeri	NOUN	-
içerik	ADJ	VOICING
içerik	NOUN	VOICING
içeriksel	ADJ	-
içerle	VERB	-
içerlek	ADJ	-
içerlek	NOUN	-
içerleme	NOUN	-
içerleyiş	NOUN	-
içerme	NOUN	-
içgöreç	NOUN	VOICING
içgörü	NOUN	-
içgüdü	NOUN	-
içgüdüsel	ADJ	-
içikızıl	NOUN	-
içil	VERB	-
içilebil	VERB	-
içilebilme	NOUN	-
içiliş	NOUN	-
içilme	NOUN	-
içim	ADJ	-
içim	NOUN	-
için	NOUN	-
için	POSTP	-
içinde	ADV	-
içinde	NOUN	-
içindekiler	NOUN	-
içir	VERB	-
içirebil	VERB	-
içirebilme	NOUN	-
içirik	NOUN	VOICING
içiril	VERB	-
içirilme	NOUN	-
içiriş	NOUN	-
içirme	NOUN	-
içirt	VERB	-
içirtme	NOUN	-
içit	NOUN	-
içiver	VERB	-
içiverme	NOUN	-
içiş	NOUN	-
içki	NOUN	-
içkin	ADJ	-
içkin	NOUN	-
içlem	NOUN	-
içlen	VERB	-
içlendir	VERB	-
içleniş	NOUN	-
içme	NOUN	-
içmece	NOUN	-
içre	ADV	-
içrek	ADJ	-
içrek	NOUN	-
içrekçi	ADJ	-
içsel	ADJ	-
içselleştir	VERB	-
içten	ADJ	-
içten	ADV	-
içtenlikle	ADV	-
içtepi	NOUN	-
içtihat	NOUN	VOICING
içtima	NOUN	-
içtimai	ADJ	-
içtimaiyat	NOUN	-
içtimaiyatçı	NOUN	-
içtinap	NOUN	VOICING
içyağı	NOUN	-
içyüz	NOUN	-
içörgü	NOUN	-
iğ	NOUN	-
iğbirar	NOUN	-
iğde	NOUN	-
iğdegiller	NOUN	-
iğdemir	NOUN	-
iğdiş	ADJ	-
iğfal	NOUN	-
iğne	NOUN	-
iğnecik	NOUN	VOICING
iğnedan	NOUN	-
iğnele	VERB	-
iğneleme	NOUN	-
iğnelen	VERB	-
iğnelet	VERB	-
iğneletme	NOUN	-
iğneleyiş	NOUN	-
iğneyurdu	NOUN	-
iğren	VERB	-
iğrendir	VERB	-
iğrendirme	NOUN	-
iğrenebil	VERB	-
iğrenebilme	NOUN	-
iğrengen	ADJ	-
iğrengeç	ADJ	-
iğrenil	VERB	-
iğrenilme	NOUN	-
iğreniş	NOUN	-
iğrenme	NOUN	-
iğrenti	NOUN	-
iğrenç	ADJ	VOICING
iğrenç	ADV	VOICING
iğrençleş	VERB	-
iğsi	ADJ	-
iğtinam	NOUN	-
iğtişaş	NOUN	-
iş	ADJ	-
iş	NOUN	-
işar	NOUN	-
işaret	NOUN	-
işaretle	VERB	-
işaretleme	NOUN	-
işaretlen	VERB	-
işaretleniş	NOUN	-
işaretlet	VERB	-
işaretletme	NOUN	-
işaretleyebil	VERB	-
işaretleyebilme	NOUN	-
işaretleyiş	NOUN	-
işaretleş	VERB	-
işaretçi	NOUN	-
işba	NOUN	-
işbaşı	NOUN	-
işbu	ADJ	-
işe	VERB	-
işeme	NOUN	-
işet	VERB	-
işetme	NOUN	-
işeyebil	VERB	-
işeyebilme	NOUN	-
işeyiş	NOUN	-
işgal	NOUN	-
işgaliye	NOUN	-
işgüder	NOUN	-
işgüzar	ADJ	-
işgüzar	NOUN	-
işgüzarca	ADV	-
işit	VERB	-
işitebil	VERB	-
işitebilme	NOUN	-
işitil	VERB	-
işitilebil	VERB	-
işitilebilme	NOUN	-
işitiliş	NOUN	-
işitilme	NOUN	-
işitilmemiş	ADJ	-
işitim	NOUN	-
işitiş	NOUN	-
işitme	NOUN	-
işitsel	ADJ	-
işittir	VERB	-
işittirebil	VERB	-
işittirebilme	NOUN	-
işittirme	NOUN	-
işkembe	NOUN	-
işkence	NOUN	-
işkil	NOUN	-
işkillen	VERB	-
işkillendir	VERB	-
işkine	NOUN	-
işkâl	NOUN	-
işle	VERB	-
işlek	ADJ	-
işlek	NOUN	-
işlem	NOUN	-
işleme	ADJ	-
işleme	NOUN	-
işlemsel	ADJ	-
işlen	VERB	-
işlenebil	VERB	-
işlenebilme	NOUN	-
işleniş	NOUN	-
işlenti	NOUN	-
işlet	VERB	-
işletebil	VERB	-
işletebilme	NOUN	-
işletil	VERB	-
işletilebil	VERB	-
işletilebilme	NOUN	-
işletiliş	NOUN	-
işletilme	NOUN	-
işletim	NOUN	-
işletiş	NOUN	-
işletme	NOUN	-
işletmen	NOUN	-
işlettir	VERB	-
işlettirme	NOUN	-
işlev	NOUN	-
işlevsel	ADJ	-
işlevsel	NOUN	-
işleyebil	VERB	-
işleyebilme	NOUN	-
işleyim	NOUN	-
işleyiş	NOUN	-
işmar	NOUN	-
işporta	NOUN	-
işret	NOUN	-
işsever	ADJ	-
iştah	NOUN	-
iştahla	ADV	-
iştahlan	VERB	-
iştahlandır	VERB	-
iştahlıca	ADV	-
iştahsızca	ADV	-
işte	INTERJ	-
işte	NOUN	-
işteş	NOUN	-
iştial	NOUN	-
iştigal	NOUN	-
iştiha	NOUN	-
iştihar	NOUN	-
iştikak	NOUN	-
iştira	NOUN	-
iştirak	NOUN	-
iştirakçi	NOUN	-
iştiyak	NOUN	-
işve	NOUN	-
işvebaz	NOUN	-
işveren	NOUN	-
işyar	NOUN	-
işçi	NOUN	-
işçibaşı	NOUN	-
işçimen	NOUN	-
jaguar	NOUN	-
jakar	NOUN	-
jaketatay	NOUN	-
jakoben	ADJ	-
jakoben	NOUN	-
jakobenizm	NOUN	-
jakuzi	NOUN	-
jale	NOUN	-
jaluzi	NOUN	-
jambon	NOUN	-
jandarma	ADJ	-
jandarma	NOUN	-
janjan	ADJ	-
janr	NOUN	-
jant	NOUN	-
janti	ADJ	-
japone	ADJ	-
jargon	NOUN	-
jarse	ADJ	-
jarse	NOUN	-
jartiyer	NOUN	-
je	NOUN	-
jel	NOUN	-
jelatin	NOUN	-
jelatinle	VERB	-
jelatinleme	NOUN	-
jelleş	VERB	-
jeloz	NOUN	-
jenerasyon	NOUN	-
jeneratör	NOUN	-
jenerik	NOUN	VOICING
jenosit	NOUN	VOICING
jeodezi	NOUN	-
jeodinamik	NOUN	VOICING
jeofizik	NOUN	VOICING
jeofizikçi	NOUN	-
jeokimya	NOUN	-
jeolog	NOUN	-
jeoloji	NOUN	-
jeolojik	ADJ	-
jeomorfolog	NOUN	-
jeomorfoloji	NOUN	-
jeomorfolojik	ADJ	-
jeopolitik	NOUN	VOICING
jeosantrik	ADJ	-
jeosantrizm	NOUN	-
jeosenklinal	NOUN	-
jeosismik	ADJ	-
jeotermal	ADJ	-
jeotermi	NOUN	-
jeotermik	ADJ	-
jeotropizma	NOUN	-
jersey	NOUN	-
jest	NOUN	-
jet	NOUN	-
jeton	NOUN	-
jig	NOUN	-
jigolo	NOUN	-
jikle	NOUN	-
jile	NOUN	-
jilet	NOUN	-
jiletle	VERB	-
jiletleme	NOUN	-
jimnastik	NOUN	VOICING
jimnastikhane	NOUN	-
jimnastikçi	NOUN	-
jinekolog	NOUN	-
jinekoloji	NOUN	-
jinekolojik	ADJ	-
jips	NOUN	-
jiujitsu	NOUN	-
jogging	NOUN	-
joker	ADJ	-
joker	NOUN	-
jokey	NOUN	-
jorjet	ADJ	-
jorjet	NOUN	-
judo	NOUN	-
jul	NOUN	VOWEL_DROP
jurnal	NOUN	-
jurnalle	VERB	-
jurnalleme	NOUN	-
juro	NOUN	-
jöle	NOUN	-
jön	NOUN	-
jönprömiye	NOUN	-
jübile	NOUN	-
jülyen	ADJ	-
jüpon	NOUN	-
jüri	NOUN	-
jüt	NOUN	-
kaba	ADJ	-
kaba	NOUN	-
kababurun	NOUN	VOWEL_DROP
kabaca	ADJ	-
kabaca	ADV	-
kabadayı	ADJ	-
kabadayı	NOUN	-
kabadayıca	ADJ	-
kabadayıca	ADV	-
kabadayılan	VERB	-
kabadayılaş	VERB	-
kabahat	NOUN	-
kabak	ADJ	VOICING
kabak	NOUN	VOICING
kabakgiller	NOUN	-
kabakla	VERB	-
kabaklama	NOUN	-
kabaklaş	VERB	-
kabakulak	NOUN	VOICING
kabakçı	NOUN	-
kabala	ADV	-
kabala	NOUN	-
kabalak	NOUN	VOICING
kabalaş	VERB	-
kabalaştır	VERB	-
kabalist	NOUN	-
kaballa	VERB	-
kaballama	NOUN	-
kaban	NOUN	-
kabana	NOUN	-
kabar	VERB	-
kabara	NOUN	-
kabarabil	VERB	-
kabarabilme	NOUN	-
kabarcık	NOUN	VOICING
kabare	NOUN	-
kabarma	NOUN	-
kabart	VERB	-
kabartabil	VERB	-
kabartabilme	NOUN	-
kabartma	ADJ	-
kabartma	NOUN	-
kabartı	NOUN	-
kabartıver	VERB	-
kabartıverme	NOUN	-
kabarık	ADJ	-
kabarık	NOUN	-
kabarıver	VERB	-
kabarıverme	NOUN	-
kabarış	NOUN	-
kabataslak	ADJ	-
kabaşiş	NOUN	-
kabil	ADJ	-
kabile	NOUN	-
kabiliyet	NOUN	-
kabin	NOUN	-
kabine	NOUN	-
kabir	NOUN	VOWEL_DROP
kablelmilat	ADV	-
kablo	NOUN	-
kabotaj	NOUN	-
kabristan	NOUN	-
kabuk	NOUN	VOICING
kabuklan	VERB	-
kabuklaş	VERB	-
kabuklular	NOUN	-
kabuksu	ADJ	-
kabul	NOUN	VOWEL_DROP
kabullen	VERB	-
kabullendir	VERB	-
kabullenebil	VERB	-
kabullenebilme	NOUN	-
kabulleniver	VERB	-
kabulleniverme	NOUN	-
kabulleniş	NOUN	-
kaburga	NOUN	-
kabuğumsu	ADJ	-
kabza	NOUN	-
kabzımal	NOUN	-
kabîl	ADJ	-
kabîl	NOUN	-
kabız	NOUN	-
kadar	ADV	-
kadar	NOUN	-
kadar	POSTP	-
kadarınca	POSTP	-
kadastro	NOUN	-
kadastrola	VERB	-
kadastrolama	NOUN	-
kadastrolan	VERB	-
kadavra	NOUN	-
kadavralaş	VERB	-
kadayıf	NOUN	-
kadayıfçı	NOUN	-
kadeh	ADJ	-
kadeh	NOUN	-
kadehdaş	NOUN	-
kadehçik	NOUN	VOICING
kadem	NOUN	-
kademe	NOUN	-
kademele	VERB	-
kademeleme	NOUN	-
kademelen	VERB	-
kademelendir	VERB	-
kademhane	NOUN	-
kader	NOUN	-
kaderiye	NOUN	-
kadife	ADJ	-
kadife	NOUN	-
kadifeleş	VERB	-
kadifeleştir	VERB	-
kadifemsi	ADJ	-
kadifemsi	ADV	-
kadim	ADJ	-
kadimî	ADJ	-
kadir	ADJ	-
kadir	NOUN	VOWEL_DROP
kadirbilir	ADJ	-
kadirbilmez	ADJ	-
kadirşinas	ADJ	-
kadit	ADJ	VOICING
kadit	NOUN	VOICING
kadmiyum	NOUN	-
kadraj	NOUN	-
kadrajla	VERB	-
kadrajlama	NOUN	-
kadrajlan	VERB	-
kadran	NOUN	-
kadrat	NOUN	-
kadril	NOUN	-
kadro	NOUN	-
kadrolandır	VERB	-
kadrolaş	VERB	-
kadrolaştır	VERB	-
kadük	ADJ	-
kadı	NOUN	-
kadıboğan	NOUN	-
kadın	ADJ	-
kadın	NOUN	-
kadınana	NOUN	-
kadınbudu	NOUN	-
kadınca	ADJ	-
kadınca	ADV	-
kadıncasına	ADV	-
kadıncağız	NOUN	-
kadıncık	NOUN	VOICING
kadıncıl	ADJ	-
kadındüğmesi	NOUN	-
kadınefendi	NOUN	-
kadınevi	NOUN	-
kadıngöbeği	NOUN	-
kadınlaş	VERB	-
kadınlaştır	VERB	-
kadınnine	NOUN	-
kadınsal	ADJ	-
kadınsı	ADJ	-
kadınsı	NOUN	-
kadınsılaş	VERB	-
kadıntuzluğu	NOUN	-
kadınımsı	ADJ	-
kadırga	NOUN	-
kafa	ADJ	-
kafa	NOUN	-
kafaca	ADV	-
kafadan	ADV	-
kafadar	NOUN	-
kafadaş	NOUN	-
kafakol	NOUN	-
kafalıca	ADV	-
kafasızca	ADV	-
kafatasçı	ADJ	-
kafatası	NOUN	-
kafe	NOUN	-
kafein	NOUN	-
kafes	NOUN	-
kafesle	VERB	-
kafesleme	NOUN	-
kafesçi	NOUN	-
kafeterya	NOUN	-
kafeşantan	NOUN	-
kafile	NOUN	-
kafiye	NOUN	-
kafiyelen	VERB	-
kafiyelendir	VERB	-
kafiyelendiril	VERB	-
kafiyelendirilme	NOUN	-
kafiyeleniş	NOUN	-
kaftan	NOUN	-
kahhar	ADJ	-
kahhar	NOUN	-
kahir	ADJ	-
kahir	NOUN	-
kahkaha	NOUN	-
kahpe	ADJ	-
kahpe	NOUN	-
kahpece	ADJ	-
kahpece	ADV	-
kahpecik	ADJ	-
kahpelen	VERB	-
kahpeleş	VERB	-
kahraman	ADJ	-
kahraman	NOUN	-
kahramanca	ADJ	-
kahramanca	ADV	-
kahramancasına	ADV	-
kahramanlaş	VERB	-
kahramanlaştır	VERB	-
kahrediş	NOUN	-
kahret	VERB	-
kahretme	NOUN	-
kahreyle	VERB	-
kahreyleme	NOUN	-
kahreyleyiş	NOUN	-
kahrol	VERB	-
kahrolabil	VERB	-
kahrolabilme	NOUN	-
kahrolası	ADJ	-
kahrolma	NOUN	-
kahrolsun	INTERJ	-
kahroluş	NOUN	-
kahvaltı	NOUN	-
kahve	NOUN	-
kahveevi	NOUN	-
kahvehane	NOUN	-
kahverengi	ADJ	-
kahverengi	NOUN	-
kahverengimsi	ADJ	-
kahır	NOUN	VOWEL_DROP
kahırlan	VERB	-
kaide	NOUN	-
kail	ADJ	-
kail	NOUN	-
kaim	ADJ	-
kaim	NOUN	-
kaime	NOUN	-
kaju	NOUN	-
kak	ADJ	-
kak	NOUN	-
kak	VERB	-
kaka	ADJ	-
kaka	NOUN	-
kakala	VERB	-
kakalak	NOUN	VOICING
kakalama	NOUN	-
kakalan	VERB	-
kakao	NOUN	-
kakavan	ADJ	-
kakavanca	ADJ	-
kakavanca	ADV	-
kakaç	NOUN	VOICING
kakma	NOUN	-
kaknem	ADJ	-
kaknem	NOUN	-
kakofoni	NOUN	-
kaktüs	NOUN	-
kaktüsgiller	NOUN	-
kaktır	VERB	-
kaktırma	NOUN	-
kaktırış	NOUN	-
kakule	NOUN	-
kakı	VERB	-
kakıl	VERB	-
kakılma	NOUN	-
kakılış	NOUN	-
kakım	NOUN	-
kakıma	NOUN	-
kakıntı	NOUN	-
kakınç	NOUN	VOICING
kakırca	NOUN	-
kakırda	VERB	-
kakırdak	NOUN	VOICING
kakırdama	NOUN	-
kakırtı	NOUN	-
kakıç	NOUN	VOICING
kakış	NOUN	-
kakış	VERB	-
kakışma	NOUN	-
kakıştır	VERB	-
kakıştırma	NOUN	-
kal	NOUN	-
kal	VERB	-
kala	ADV	-
kalaba	NOUN	-
kalabalıklaş	VERB	-
kalabalıklaştır	VERB	-
kalabalıkça	ADJ	-
kalabil	VERB	-
kalabilme	NOUN	-
kalafat	NOUN	-
kalafatla	VERB	-
kalafatlama	NOUN	-
kalafatlan	VERB	-
kalafatçı	NOUN	-
kalafatçılar	NOUN	-
kalak	NOUN	VOICING
kalakal	VERB	-
kalakalma	NOUN	-
kalamar	NOUN	-
kalamata	NOUN	-
kalamazo	NOUN	-
kalamin	NOUN	-
kalamit	NOUN	-
kalan	ADJ	-
kalan	NOUN	-
kalandır	NOUN	-
kalantor	NOUN	-
kalantorca	ADV	-
kalas	ADJ	-
kalas	NOUN	-
kalastra	NOUN	-
kalavra	NOUN	-
kalavrahane	NOUN	-
kalay	NOUN	-
kalayhane	NOUN	-
kalayla	VERB	-
kalaylama	NOUN	-
kalaylan	VERB	-
kalaylat	VERB	-
kalaylatma	NOUN	-
kalaysı	ADJ	-
kalben	ADV	-
kalbiselim	ADJ	-
kalbur	NOUN	-
kalburabastı	NOUN	-
kalburla	VERB	-
kalburlama	NOUN	-
kalburlan	VERB	-
kalburlat	VERB	-
kalburlatma	NOUN	-
kalburüstü	ADJ	-
kalburüstü	NOUN	-
kalbî	ADJ	-
kaldır	VERB	-
kaldırabil	VERB	-
kaldırabilme	NOUN	-
kaldıran	NOUN	-
kaldıraç	NOUN	VOICING
kaldırma	NOUN	-
kaldırt	VERB	-
kaldırtabil	VERB	-
kaldırtabilme	NOUN	-
kaldırtma	NOUN	-
kaldırtıver	VERB	-
kaldırtıverme	NOUN	-
kaldırıl	VERB	-
kaldırılma	NOUN	-
kaldırılıver	VERB	-
kaldırılıverme	NOUN	-
kaldırılış	NOUN	-
kaldırım	NOUN	-
kaldırımsı	ADJ	-
kaldırıver	VERB	-
kaldırıverme	NOUN	-
kaldırış	NOUN	-
kale	NOUN	-
kalebent	NOUN	VOICING
kalecikkarası	NOUN	-
kalem	ADJ	-
kalem	NOUN	-
kalembek	NOUN	-
kalemdan	NOUN	-
kalemis	NOUN	-
kalemkâr	NOUN	-
kalemtıraş	NOUN	-
kalemşor	NOUN	-
kalender	ADV	-
kalender	NOUN	-
kalenderce	ADJ	-
kalenderce	ADV	-
kalenderleş	VERB	-
kalenderî	NOUN	-
kalensöve	NOUN	-
kaleska	NOUN	-
kalevi	ADJ	-
kaleydoskop	NOUN	VOICING
kalfa	NOUN	-
kalgay	NOUN	-
kalgı	VERB	-
kalgıma	NOUN	-
kalhane	NOUN	-
kaliborit	NOUN	-
kalibraj	NOUN	-
kalibrasyon	NOUN	-
kalibre	NOUN	-
kalifikasyon	NOUN	-
kalifiye	ADJ	-
kaliforniyum	NOUN	-
kaligrafi	NOUN	-
kaliko	NOUN	-
kalinis	NOUN	-
kalinos	NOUN	-
kalipso	NOUN	-
kaliptra	NOUN	-
kalita	NOUN	-
kalitatif	ADJ	-
kalite	NOUN	-
kalk	VERB	-
kalkabil	VERB	-
kalkabilme	NOUN	-
kalkan	NOUN	-
kalkancık	NOUN	VOICING
kalkansı	ADJ	-
kalker	NOUN	-
kalkerleş	VERB	-
kalkma	NOUN	-
kalkojen	NOUN	-
kalkolitik	ADJ	-
kalkık	ADJ	-
kalkık	NOUN	-
kalkın	VERB	-
kalkınabil	VERB	-
kalkınabilme	NOUN	-
kalkındır	VERB	-
kalkındırabil	VERB	-
kalkındırabilme	NOUN	-
kalkındırma	NOUN	-
kalkınma	NOUN	-
kalkınış	NOUN	-
kalkıver	VERB	-
kalkıverme	NOUN	-
kalkış	NOUN	-
kalkış	VERB	-
kalkışabil	VERB	-
kalkışabilme	NOUN	-
kalkışma	NOUN	-
kalkışıl	VERB	-
kalkışılma	NOUN	-
kallavi	ADJ	-
kallavi	NOUN	-
kalleş	ADJ	-
kalleş	NOUN	-
kalleşçe	ADJ	-
kalleşçe	ADV	-
kalma	ADJ	-
kalma	NOUN	-
kaloma	NOUN	-
kalomel	NOUN	-
kalori	NOUN	-
kalorifer	NOUN	-
kalorimetre	NOUN	-
kalorimetri	NOUN	-
kalotip	NOUN	-
kalp	ADJ	-
kalp	NOUN	VOICING
kalpak	NOUN	VOICING
kalpakçı	NOUN	-
kalpazan	NOUN	-
kalpgâh	NOUN	-
kalplaş	VERB	-
kalpsizce	ADV	-
kalpten	ADV	-
kalpçi	NOUN	-
kalseduan	NOUN	-
kalsemi	NOUN	-
kalsifikasyon	NOUN	-
kalsit	NOUN	-
kalsiyum	NOUN	-
kaltaban	ADJ	-
kaltaban	NOUN	-
kaltabanca	ADJ	-
kaltabanca	ADV	-
kaltak	NOUN	VOICING
kaltakçı	NOUN	-
kalubela	NOUN	-
kalya	NOUN	-
kalyon	NOUN	-
kalça	NOUN	-
kalçete	NOUN	-
kalçın	NOUN	-
kalım	NOUN	-
kalın	ADJ	-
kalın	NOUN	-
kalın	VERB	-
kalınca	ADJ	-
kalınlat	VERB	-
kalınlatma	NOUN	-
kalınlaş	VERB	-
kalınlaştır	VERB	-
kalınlaştırt	VERB	-
kalınlaştırtma	NOUN	-
kalınma	NOUN	-
kalıntı	NOUN	-
kalıp	ADJ	VOICING
kalıp	NOUN	VOICING
kalıpla	VERB	-
kalıplama	NOUN	-
kalıplan	VERB	-
kalıplat	VERB	-
kalıplatma	NOUN	-
kalıplaş	VERB	-
kalıplaşmış	ADJ	-
kalıplaştır	VERB	-
kalıplıca	ADJ	-
kalıpsızca	ADV	-
kalıpçı	NOUN	-
kalıt	NOUN	-
kalıtsal	ADJ	-
kalıtçı	NOUN	-
kalıtım	NOUN	-
kalıtımsal	ADJ	-
kalıtımsal	NOUN	-
kalıver	VERB	-
kalıverme	NOUN	-
kalıç	NOUN	VOICING
kalış	NOUN	-
kam	NOUN	-
kama	NOUN	-
kamala	VERB	-
kamalama	NOUN	-
kamanço	NOUN	-
kamara	NOUN	-
kamaramsı	ADJ	-
kamarilla	NOUN	-
kamarot	NOUN	-
kamaş	VERB	-
kamaşma	NOUN	-
kamaştır	VERB	-
kamaştırma	NOUN	-
kamber	NOUN	-
kambiyo	NOUN	-
kambiyum	NOUN	-
kambriyen	NOUN	-
kambur	ADJ	-
kambur	NOUN	-
kambura	NOUN	-
kamburlaş	VERB	-
kamburlaştır	VERB	-
kame	NOUN	-
kamelya	NOUN	-
kamer	NOUN	-
kamera	INTERJ	-
kamera	NOUN	-
kameraman	NOUN	-
kameriye	NOUN	-
kamerî	ADJ	-
kamet	NOUN	-
kamga	NOUN	-
kamikaze	NOUN	-
kamineto	NOUN	-
kamkaz	NOUN	-
kamp	NOUN	-
kampana	NOUN	-
kampanya	NOUN	-
kamping	NOUN	-
kamplaş	VERB	-
kamplaştır	VERB	-
kampçı	NOUN	-
kampüs	NOUN	-
kamu	ADJ	-
kamu	NOUN	-
kamuflaj	NOUN	-
kamufle	ADJ	-
kamulaştır	VERB	-
kamulaştırabil	VERB	-
kamulaştırabilme	NOUN	-
kamulaştırıl	VERB	-
kamulaştırılma	NOUN	-
kamuoyu	NOUN	-
kamus	NOUN	-
kamusal	ADJ	-
kamusallaş	VERB	-
kamusallaştır	VERB	-
kamutay	NOUN	-
kamyon	ADJ	-
kamyon	NOUN	-
kamyonet	NOUN	-
kamyonetçi	NOUN	-
kamçı	NOUN	-
kamçıbaşı	NOUN	-
kamçıkuyruk	NOUN	VOICING
kamçıla	VERB	-
kamçılama	NOUN	-
kamçılan	VERB	-
kamçılanış	NOUN	-
kamçılat	VERB	-
kamçılatma	NOUN	-
kamçılayış	NOUN	-
kamçılaş	VERB	-
kamçılılar	NOUN	-
kamış	ADJ	-
kamış	NOUN	-
kamışkulak	NOUN	VOICING
kamışsı	ADJ	-
kamışçık	NOUN	VOICING
kan	NOUN	-
kan	VERB	-
kana	NOUN	-
kana	VERB	-
kanaat	NOUN	-
kanaatkâr	ADJ	-
kanaatkârane	ADV	-
kanaatsizce	ADV	-
kanabil	VERB	-
kanabilme	NOUN	-
kanadiyen	NOUN	-
kanal	NOUN	-
kanalcık	NOUN	VOICING
kanalet	NOUN	-
kanalizasyon	NOUN	-
kanalize	ADJ	-
kanalıyla	ADV	-
kanama	NOUN	-
kanara	NOUN	-
kanarya	NOUN	-
kanasta	NOUN	-
kanat	NOUN	VOICING
kanat	VERB	-
kanata	NOUN	-
kanatlan	VERB	-
kanatlandır	VERB	-
kanatlanış	NOUN	-
kanatlılar	NOUN	-
kanatma	NOUN	-
kanatsızlar	NOUN	-
kanatçık	NOUN	VOICING
kanatıl	VERB	-
kanatılma	NOUN	-
kanatış	NOUN	-
kanaviçe	NOUN	-
kanayış	NOUN	-
kanbiyit	NOUN	-
kanca	NOUN	-
kancabaş	NOUN	-
kancala	VERB	-
kancalama	NOUN	-
kancalan	VERB	-
kancur	NOUN	-
kancık	ADJ	VOICING
kancık	NOUN	VOICING
kancıkça	ADV	-
kancıl	NOUN	-
kandamlası	NOUN	-
kandaş	NOUN	-
kandela	NOUN	-
kandidoz	NOUN	-
kandil	NOUN	-
kandilisa	NOUN	-
kandilleş	VERB	-
kandır	VERB	-
kandırabil	VERB	-
kandırabilme	NOUN	-
kandırma	NOUN	-
kandırmaca	NOUN	-
kandırıl	VERB	-
kandırılma	NOUN	-
kandırılış	NOUN	-
kandırış	NOUN	-
kanepe	NOUN	-
kangal	NOUN	-
kangalla	VERB	-
kangallama	NOUN	-
kangallan	VERB	-
kangren	NOUN	-
kangrenleş	VERB	-
kangrenleştir	VERB	-
kanguru	NOUN	-
kangurugiller	NOUN	-
kani	ADJ	-
kaniş	NOUN	-
kanka	NOUN	-
kankan	NOUN	-
kankurutan	NOUN	-
kankırmızı	ADJ	-
kankızıl	ADJ	-
kanla	VERB	-
kanlama	NOUN	-
kanlan	VERB	-
kanlandır	VERB	-
kanlıca	NOUN	-
kanma	NOUN	-
kano	NOUN	-
kanon	NOUN	-
kanotiye	NOUN	-
kanser	NOUN	-
kanserleş	VERB	-
kanserleştir	VERB	-
kanserojen	ADJ	-
kanseroloji	NOUN	-
kanserolojik	ADJ	-
kansızlaş	VERB	-
kant	NOUN	-
kantar	NOUN	-
kantariye	NOUN	-
kantarla	VERB	-
kantarlama	NOUN	-
kantarma	NOUN	-
kantaron	NOUN	-
kantarongiller	NOUN	-
kantat	NOUN	-
kantin	NOUN	-
kantitatif	ADJ	-
kantite	NOUN	-
kantiyane	NOUN	-
kanto	NOUN	-
kanton	NOUN	-
kantonit	NOUN	-
kanun	NOUN	-
kanunen	ADV	-
kanuni	ADJ	-
kanuni	NOUN	-
kanuniyet	NOUN	-
kanunlaş	VERB	-
kanunlaştır	VERB	-
kanunlaştırıl	VERB	-
kanunlaştırılma	NOUN	-
kanunname	NOUN	-
kanunuesasi	NOUN	-
kanyak	NOUN	VOICING
kanyon	NOUN	-
kançılar	NOUN	-
kançılarya	NOUN	-
kanı	NOUN	-
kanık	ADJ	-
kanık	NOUN	-
kanık	VERB	-
kanıklan	VERB	-
kanıkma	NOUN	-
kanıksa	VERB	-
kanıksama	NOUN	-
kanıksat	VERB	-
kanıksatma	NOUN	-
kanıksayabil	VERB	-
kanıksayabilme	NOUN	-
kanıksayış	NOUN	-
kanır	VERB	-
kanırma	NOUN	-
kanırt	VERB	-
kanırtma	NOUN	-
kanırtmaç	NOUN	VOICING
kanıt	NOUN	-
kanıtla	VERB	-
kanıtlama	NOUN	-
kanıtlan	VERB	-
kanıtlandır	VERB	-
kanıtlanış	NOUN	-
kanıtlayabil	VERB	-
kanıtlayabilme	NOUN	-
kanıtlayış	NOUN	-
kanıtsa	VERB	-
kanıtsama	NOUN	-
kanıver	VERB	-
kanıverme	NOUN	-
kanış	NOUN	-
kaolin	NOUN	-
kaolinit	NOUN	-
kaos	NOUN	-
kaotik	ADJ	-
kap	NOUN	VOICING
kap	VERB	-
kapa	VERB	-
kapak	NOUN	VOICING
kapaklan	VERB	-
kapaklanış	NOUN	-
kapakçık	NOUN	VOICING
kapama	NOUN	-
kapamaç	NOUN	VOICING
kapan	NOUN	-
kapan	VERB	-
kapanabil	VERB	-
kapanabilme	NOUN	-
kapanca	NOUN	-
kapaniçe	NOUN	-
kapanma	NOUN	-
kapantı	NOUN	-
kapanık	ADJ	-
kapanık	NOUN	-
kapanış	NOUN	-
kapari	NOUN	-
kaparoz	NOUN	-
kaparozla	VERB	-
kaparozlama	NOUN	-
kapasite	NOUN	-
kapat	VERB	-
kapatabil	VERB	-
kapatabilme	NOUN	-
kapatma	ADJ	-
kapatma	NOUN	-
kapattır	VERB	-
kapattırma	NOUN	-
kapatıl	VERB	-
kapatılabil	VERB	-
kapatılabilme	NOUN	-
kapatılma	NOUN	-
kapatılış	NOUN	-
kapatıver	VERB	-
kapatıverme	NOUN	-
kapatış	NOUN	-
kapayabil	VERB	-
kapayabilme	NOUN	-
kapayış	NOUN	-
kapela	NOUN	-
kapik	NOUN	VOICING
kapital	NOUN	-
kapitalist	NOUN	-
kapitalistleş	VERB	-
kapitalistleştir	VERB	-
kapitalizasyon	NOUN	-
kapitalizm	NOUN	-
kapitone	ADJ	-
kapitone	NOUN	-
kapitülasyon	NOUN	-
kapiş	INTERJ	-
kapkara	ADJ	-
kapkara	ADV	-
kapkara	NOUN	-
kapkaç	NOUN	-
kapkaççı	ADJ	-
kapkaççı	NOUN	-
kapla	VERB	-
kaplam	NOUN	-
kaplama	ADJ	-
kaplama	NOUN	-
kaplamsal	ADJ	-
kaplan	NOUN	-
kaplan	VERB	-
kaplanboğan	NOUN	-
kaplanış	NOUN	-
kaplat	VERB	-
kaplatma	NOUN	-
kaplattır	VERB	-
kaplattırma	NOUN	-
kaplatış	NOUN	-
kaplayabil	VERB	-
kaplayabilme	NOUN	-
kaplayıver	VERB	-
kaplayıverme	NOUN	-
kaplayış	NOUN	-
kaplumbağa	NOUN	-
kaplumbağalar	NOUN	-
kaplıca	NOUN	-
kapma	ADJ	-
kapma	NOUN	-
kapmaca	NOUN	-
kapnisit	NOUN	-
kapora	NOUN	-
kaporta	NOUN	-
kapri	NOUN	-
kapris	NOUN	-
kaprissizce	ADV	-
kapriçyo	NOUN	-
kapsa	VERB	-
kapsam	NOUN	-
kapsama	NOUN	-
kapsat	VERB	-
kapsatma	NOUN	-
kapsayabil	VERB	-
kapsayabilme	NOUN	-
kapsayış	NOUN	-
kapsül	NOUN	-
kaptan	NOUN	-
kaptanpaşakuzusu	NOUN	-
kaptanıderya	NOUN	-
kaptıkaçtı	NOUN	-
kaptır	VERB	-
kaptırma	NOUN	-
kaptırış	NOUN	-
kapuska	NOUN	-
kaput	ADJ	-
kaput	NOUN	-
kapuz	NOUN	-
kapuçin	NOUN	-
kapuçino	NOUN	-
kapçak	NOUN	VOICING
kapçık	NOUN	VOICING
kapüşon	NOUN	-
kapı	NOUN	-
kapıaltı	NOUN	-
kapıcık	NOUN	VOICING
kapıda	ADV	-
kapıkule	NOUN	-
kapıl	VERB	-
kapılabil	VERB	-
kapılabilme	NOUN	-
kapılan	VERB	-
kapılandır	VERB	-
kapılgan	ADJ	-
kapılma	NOUN	-
kapılıver	VERB	-
kapılıverme	NOUN	-
kapılış	NOUN	-
kapıver	VERB	-
kapıverme	NOUN	-
kapış	NOUN	-
kapış	VERB	-
kapışabil	VERB	-
kapışabilme	NOUN	-
kapışma	NOUN	-
kapıştır	VERB	-
kapıştırma	NOUN	-
kapışıl	VERB	-
kapışılma	NOUN	-
kar	NOUN	-
kar	VERB	-
kara	ADJ	-
kara	NOUN	-
kara	VERB	-
karaardıç	NOUN	VOICING
karaasma	NOUN	-
karaağaç	NOUN	VOICING
karaağaçgiller	NOUN	-
karabacak	NOUN	VOICING
karabakal	NOUN	-
karabaldır	NOUN	-
karabasan	NOUN	-
karabatak	NOUN	VOICING
karabatakgiller	NOUN	-
karabaş	NOUN	-
karabet	NOUN	-
karabiber	NOUN	-
karabibergiller	NOUN	-
karabil	VERB	-
karabilme	NOUN	-
karabina	NOUN	-
karabinyer	NOUN	-
karaborsa	NOUN	-
karabulut	NOUN	-
karaburçak	NOUN	VOICING
karabuğday	NOUN	-
karabuğdaygiller	NOUN	-
karaca	ADJ	-
karaca	NOUN	-
karacaot	NOUN	-
karaciğer	NOUN	-
karadavar	NOUN	-
karadul	NOUN	-
karadut	NOUN	-
karaf	NOUN	-
karafa	NOUN	-
karafaki	NOUN	-
karafatma	NOUN	-
karagevrek	NOUN	VOICING
karagöz	NOUN	-
karagül	NOUN	-
karagürgen	NOUN	-
karahalile	NOUN	-
karahindiba	NOUN	-
karahumma	NOUN	-
karaiğne	NOUN	-
karakabarcık	NOUN	VOICING
karakafes	NOUN	-
karakarga	NOUN	-
karakavak	NOUN	VOICING
karakavuk	NOUN	VOICING
karakavza	NOUN	-
karakaçan	NOUN	-
karakaş	NOUN	-
karakeme	NOUN	-
karakeçi	NOUN	-
karakol	NOUN	-
karakoncolos	NOUN	-
karakter	NOUN	-
karakteristik	ADJ	VOICING
karakteristik	NOUN	VOICING
karakterize	ADJ	-
karakteroloji	NOUN	-
karakterolojik	ADJ	-
karaktersizce	ADV	-
karakucak	NOUN	VOICING
karakul	NOUN	-
karakulak	NOUN	VOICING
karakutu	NOUN	-
karakuş	NOUN	-
karakuşi	ADJ	-
karakılçık	NOUN	VOICING
karala	VERB	-
karalahana	NOUN	-
karalama	NOUN	-
karalan	VERB	-
karalat	VERB	-
karalatma	NOUN	-
karalayabil	VERB	-
karalayabilme	NOUN	-
karalayıver	VERB	-
karalayıverme	NOUN	-
karalayış	NOUN	-
karaleylek	NOUN	VOICING
karaltı	NOUN	-
karama	NOUN	-
karaman	NOUN	-
karamandola	ADJ	-
karamandola	NOUN	-
karambol	NOUN	-
karamel	NOUN	-
karamela	NOUN	-
karamsar	ADJ	-
karamsarlaş	VERB	-
karamsarlaştır	VERB	-
karamsı	ADJ	-
karamuk	NOUN	VOICING
karamusal	NOUN	-
karanfil	NOUN	-
karanfilgiller	NOUN	-
karanlıkçı	ADJ	-
karantina	NOUN	-
karar	NOUN	-
karar	VERB	-
karargâh	NOUN	-
kararla	VERB	-
kararlama	ADJ	-
kararlama	ADV	-
kararlama	NOUN	-
kararlamadan	ADV	-
kararlaş	VERB	-
kararlaştır	VERB	-
kararlaştırabil	VERB	-
kararlaştırabilme	NOUN	-
kararlaştırıl	VERB	-
kararlaştırılma	NOUN	-
kararlıca	ADV	-
kararma	NOUN	-
kararname	NOUN	-
kararsızca	ADV	-
karart	VERB	-
karartabil	VERB	-
karartabilme	NOUN	-
karartma	NOUN	-
karartı	NOUN	-
karartıl	VERB	-
karartılma	NOUN	-
karartıver	VERB	-
karartıverme	NOUN	-
kararınca	ADV	-
kararınca	NOUN	-
kararında	ADV	-
kararıver	VERB	-
kararıverme	NOUN	-
kararış	NOUN	-
karasakız	NOUN	-
karasal	ADJ	-
karasinek	NOUN	VOICING
karasu	NOUN	-
karasığır	NOUN	-
karataban	NOUN	-
karatavuk	NOUN	VOICING
karatavukgiller	NOUN	-
karate	NOUN	-
karaturp	NOUN	-
karavan	NOUN	-
karavana	NOUN	-
karavaş	NOUN	-
karavel	NOUN	-
karavela	NOUN	-
karavide	NOUN	-
karaya	NOUN	-
karayaka	NOUN	-
karayandık	NOUN	VOICING
karayanık	NOUN	VOICING
karayemiş	NOUN	-
karayılan	NOUN	-
karaçam	NOUN	-
karaçayır	NOUN	-
karaçöpleme	NOUN	-
karağı	NOUN	-
karaşın	ADJ	-
karbohidrat	NOUN	-
karbojen	NOUN	-
karboksil	NOUN	-
karbon	NOUN	-
karbonado	NOUN	-
karbonat	NOUN	-
karbonatla	VERB	-
karbonatlama	NOUN	-
karbondioksit	NOUN	VOICING
karbonhidrat	NOUN	-
karbonifer	NOUN	-
karbonik	ADJ	-
karbonil	NOUN	-
karbonit	NOUN	-
karbonizasyon	NOUN	-
karbonla	VERB	-
karbonlama	NOUN	-
karbonlaş	VERB	-
karbonmonoksit	NOUN	VOICING
karborundum	NOUN	-
karbür	NOUN	-
karbüratör	NOUN	-
karbürleme	NOUN	-
karcığar	NOUN	-
kardelen	NOUN	-
kardeş	INTERJ	-
kardeş	NOUN	-
kardeşkanı	NOUN	-
kardeşlen	VERB	-
kardeşçe	ADJ	-
kardeşçe	ADV	-
kardinal	NOUN	-
kardiyak	ADJ	-
kardiyak	NOUN	-
kardiyograf	NOUN	-
kardiyografi	NOUN	-
kardiyogram	NOUN	-
kardiyolog	NOUN	-
kardiyoloji	NOUN	-
kardiyolojik	ADJ	-
kardiyopati	NOUN	-
kardiyoskop	NOUN	VOICING
kardiyoskopi	NOUN	-
kardır	VERB	-
kardırma	NOUN	-
kare	ADJ	-
kare	NOUN	-
karekod	NOUN	-
karekök	NOUN	-
karele	VERB	-
kareleme	NOUN	-
karfiçe	NOUN	-
karga	NOUN	-
kargabeyni	NOUN	-
kargaburnu	NOUN	-
kargabüken	NOUN	-
kargadelen	NOUN	-
kargagiller	NOUN	-
kargasekmez	ADJ	-
kargaşa	NOUN	-
kargo	NOUN	-
kargı	NOUN	-
kargı	VERB	-
kargıla	VERB	-
kargılama	NOUN	-
kargıma	NOUN	-
kargın	NOUN	-
kargış	NOUN	-
kargışla	VERB	-
kargışlama	NOUN	-
karha	NOUN	-
kari	NOUN	-
karides	NOUN	-
karidesçi	NOUN	-
kariha	NOUN	-
karikatür	NOUN	-
karikatürist	NOUN	-
karikatürize	ADJ	-
karikatürleştir	VERB	-
karina	NOUN	-
karinalılar	NOUN	-
karine	NOUN	-
kariyer	NOUN	-
kariyerist	NOUN	-
kariyerizm	NOUN	-
karizma	NOUN	-
karizmatik	ADJ	-
karkara	NOUN	-
karkas	NOUN	-
karla	VERB	-
karlama	NOUN	-
karlan	VERB	-
karlanmaz	NOUN	-
karlıca	ADV	-
karma	ADJ	-
karma	NOUN	-
karmaca	NOUN	-
karmakarış	ADJ	-
karmakarışık	ADJ	-
karmakarışık	NOUN	-
karmanyola	NOUN	-
karmaç	NOUN	VOICING
karmaş	VERB	-
karmaşa	NOUN	-
karmaşma	NOUN	-
karmaştır	VERB	-
karmaştırma	NOUN	-
karmaşık	ADJ	-
karmaşık	NOUN	-
karmaşıklaş	VERB	-
karmaşıklaştır	VERB	-
karmık	NOUN	VOICING
karnabahar	NOUN	-
karnabit	NOUN	-
karnaval	NOUN	-
karnavalsı	ADJ	-
karnavalımsı	ADJ	-
karne	NOUN	-
karni	NOUN	-
karnivor	ADJ	-
karnıkara	NOUN	-
karnıyarık	NOUN	VOICING
karo	NOUN	-
karoser	NOUN	-
karot	NOUN	-
karotçu	NOUN	-
karoça	NOUN	-
karpit	NOUN	-
karpuz	NOUN	-
karpuzlama	ADV	-
karpuzsu	ADJ	-
karpuzumsu	ADJ	-
karsak	NOUN	VOICING
karsanbaç	NOUN	VOICING
karst	NOUN	-
karstik	ADJ	-
kart	ADJ	-
kart	NOUN	-
kartal	NOUN	-
kartal	VERB	-
kartalgiller	NOUN	-
kartalgözü	NOUN	-
kartalkanadı	NOUN	-
kartallar	NOUN	-
kartalma	NOUN	-
kartaloz	ADJ	-
kartalozca	ADV	-
kartaloş	ADJ	-
kartaloşça	ADV	-
karteks	NOUN	-
kartel	NOUN	-
kartela	NOUN	-
kartelleş	VERB	-
kartlaş	VERB	-
kartograf	NOUN	-
kartografi	NOUN	-
kartografik	ADJ	-
kartografya	NOUN	-
karton	NOUN	-
kartonet	NOUN	-
kartonla	VERB	-
kartonlama	NOUN	-
kartonpiyer	NOUN	-
kartopu	ADJ	-
kartopu	NOUN	-
kartotek	NOUN	VOICING
kartoteks	NOUN	-
kartpostal	NOUN	-
kartuk	NOUN	VOICING
kartuş	NOUN	-
kartvizit	NOUN	-
kartça	ADJ	-
kartça	NOUN	-
karun	NOUN	-
karyağdı	NOUN	-
karye	NOUN	-
karyokinez	NOUN	-
karyola	NOUN	-
karı	NOUN	-
karı	VERB	-
karık	ADJ	VOICING
karık	NOUN	VOICING
karık	VERB	-
karıkla	VERB	-
karıklama	NOUN	-
karıkma	NOUN	-
karıl	VERB	-
karılaş	VERB	-
karılma	NOUN	-
karıma	NOUN	-
karın	NOUN	VOWEL_DROP
karın	VERB	-
karınca	NOUN	-
karıncaezmez	ADJ	-
karıncaezmez	NOUN	-
karıncaincitmez	ADJ	-
karıncakuşu	NOUN	-
karıncakuşugiller	NOUN	-
karıncalan	VERB	-
karıncalanış	NOUN	-
karıncalar	NOUN	-
karıncasever	NOUN	-
karıncayiyen	NOUN	-
karıncayiyengiller	NOUN	-
karıncık	NOUN	VOICING
karındaş	NOUN	-
karınla	VERB	-
karınlama	NOUN	-
karınma	NOUN	-
karınsa	NOUN	-
karıntası	NOUN	-
karıntı	NOUN	-
karış	NOUN	-
karış	VERB	-
karışabil	VERB	-
karışabilme	NOUN	-
karışla	VERB	-
karışlama	NOUN	-
karışma	NOUN	-
karıştır	VERB	-
karıştırabil	VERB	-
karıştırabilme	NOUN	-
karıştırma	NOUN	-
karıştırıl	VERB	-
karıştırılma	NOUN	-
karıştırıver	VERB	-
karıştırıverme	NOUN	-
karıştırış	NOUN	-
karışık	ADJ	-
karışık	NOUN	-
karışıl	VERB	-
karışılma	NOUN	-
karışım	NOUN	-
karışıver	VERB	-
karışıverme	NOUN	-
karşı	ADJ	-
karşı	ADV	-
karşı	NOUN	-
karşı	POSTP	-
karşıla	VERB	-
karşılama	NOUN	-
karşılan	VERB	-
karşılanabil	VERB	-
karşılanabilme	NOUN	-
karşılanış	NOUN	-
karşılayabil	VERB	-
karşılayabilme	NOUN	-
karşılayış	NOUN	-
karşılaş	VERB	-
karşılaşabil	VERB	-
karşılaşabilme	NOUN	-
karşılaştır	VERB	-
karşılaştırabil	VERB	-
karşılaştırabilme	NOUN	-
karşılaştırıl	VERB	-
karşılaştırılma	NOUN	-
karşılıklıca	ADV	-
karşılıksızca	ADV	-
karşın	POSTP	-
karşıt	ADJ	-
karşıtla	VERB	-
karşıtlama	NOUN	-
karşıtlaş	VERB	-
karşıtçı	ADJ	-
kas	NOUN	-
kas	VERB	-
kasa	NOUN	-
kasaba	NOUN	-
kasabacık	NOUN	VOICING
kasadar	NOUN	-
kasala	VERB	-
kasalama	NOUN	-
kasalan	VERB	-
kasap	ADJ	VOICING
kasap	NOUN	VOICING
kasaphane	NOUN	-
kasara	NOUN	-
kasatura	NOUN	-
kasavet	NOUN	-
kasavetlen	VERB	-
kasem	NOUN	-
kaset	NOUN	-
kasetçalar	NOUN	-
kasetçi	NOUN	-
kaside	NOUN	-
kasidehan	NOUN	-
kasis	NOUN	-
kasiyer	NOUN	-
kask	NOUN	-
kaskat	NOUN	VOICING
kaskatı	ADJ	-
kaskatı	ADV	-
kaskatı	NOUN	-
kasket	NOUN	-
kasketçi	NOUN	-
kasko	NOUN	-
kaskola	VERB	-
kaskolama	NOUN	-
kaskolat	VERB	-
kaskolatma	NOUN	-
kaslan	NOUN	-
kaslaş	VERB	-
kasma	NOUN	-
kasnak	NOUN	VOICING
kasnakla	VERB	-
kasnaklama	NOUN	-
kasnakçı	NOUN	-
kasnı	NOUN	-
kassıl	ADJ	-
kast	NOUN	-
kastanyet	NOUN	-
kastanyola	NOUN	-
kastar	NOUN	-
kastarla	VERB	-
kastarlama	NOUN	-
kastarlan	VERB	-
kasten	ADV	-
kastet	VERB	-
kastetme	NOUN	-
kasti	ADJ	-
kasti	ADV	-
kastor	ADJ	-
kastor	NOUN	-
kastır	VERB	-
kastırma	NOUN	-
kasvet	NOUN	-
kasık	NOUN	VOICING
kasıl	VERB	-
kasılgan	ADJ	-
kasılgan	NOUN	-
kasılma	NOUN	-
kasılış	NOUN	-
kasım	NOUN	-
kasımpatı	NOUN	-
kasın	VERB	-
kasınma	NOUN	-
kasıntı	ADJ	-
kasıntı	NOUN	-
kasınç	NOUN	VOICING
kasır	NOUN	VOWEL_DROP
kasırga	NOUN	-
kasıt	NOUN	-
kasıtlıca	ADV	-
kasıtsızca	ADV	-
kat	NOUN	-
kat	VERB	-
katabil	VERB	-
katabilme	NOUN	-
katabolizma	NOUN	-
katafalk	NOUN	-
katafot	NOUN	-
kataklastik	ADJ	-
kataklaz	NOUN	-
katakofti	NOUN	-
katakomp	NOUN	-
katalepsi	NOUN	-
kataleptik	ADJ	-
kataleptik	NOUN	-
katalitik	ADJ	-
katalitik	NOUN	-
kataliz	NOUN	-
katalizör	NOUN	-
katalog	NOUN	-
katalogla	VERB	-
kataloglama	NOUN	-
kataloglat	VERB	-
kataloglatma	NOUN	-
katalpa	NOUN	-
katamaran	NOUN	-
katana	NOUN	-
katar	NOUN	-
katarakt	VERB	-
katarla	VERB	-
katarlama	NOUN	-
katarlan	VERB	-
katastrof	NOUN	-
katastrofik	ADJ	-
katavaşya	NOUN	-
katbekat	ADV	-
katedebil	VERB	-
katedebilme	NOUN	-
katediş	NOUN	-
katedral	NOUN	-
kategori	NOUN	-
kategorik	ADJ	-
kategorik	ADV	-
kategorik	NOUN	-
kategorize	ADJ	-
katet	VERB	-
kateter	NOUN	-
katetme	NOUN	-
katgüt	NOUN	-
kati	ADJ	-
katil	ADJ	-
katil	NOUN	VOWEL_DROP
katileş	VERB	-
katiyen	ADV	-
katiyen	NOUN	-
katiyet	NOUN	-
katiyetle	ADV	-
katkı	NOUN	-
katkılan	VERB	-
katkısızca	ADV	-
katla	VERB	-
katlama	NOUN	-
katlan	VERB	-
katlanabil	VERB	-
katlanabilme	NOUN	-
katlandır	VERB	-
katlantı	NOUN	-
katlanıl	VERB	-
katlanılma	NOUN	-
katlanış	NOUN	-
katlat	VERB	-
katlatma	NOUN	-
katlayabil	VERB	-
katlayabilme	NOUN	-
katlayış	NOUN	-
katledebil	VERB	-
katledebilme	NOUN	-
katlediş	NOUN	-
katlet	VERB	-
katletme	NOUN	-
katlettir	VERB	-
katlettirme	NOUN	-
katliam	NOUN	-
katma	ADJ	-
katma	NOUN	-
katman	NOUN	-
katmanlaş	VERB	-
katmer	NOUN	-
katmerlen	VERB	-
katmerleş	VERB	-
katmerleştir	VERB	-
katolun	VERB	-
katolunma	NOUN	-
katot	NOUN	VOICING
katrak	NOUN	VOICING
katran	NOUN	-
katranköpüğü	NOUN	-
katranla	VERB	-
katranlama	NOUN	-
katranlan	VERB	-
katranlat	VERB	-
katranlatma	NOUN	-
katrat	NOUN	-
katre	NOUN	-
katrilyon	NOUN	-
katsayı	NOUN	-
katyon	NOUN	-
katçı	NOUN	-
katı	ADJ	-
katı	ADV	-
katı	NOUN	-
katık	NOUN	VOICING
katıkla	VERB	-
katıklama	NOUN	-
katıksızca	ADV	-
katıkçı	NOUN	-
katıl	VERB	-
katılabil	VERB	-
katılabilme	NOUN	-
katılan	NOUN	-
katılaş	VERB	-
katılaştır	VERB	-
katılgan	ADJ	-
katılma	NOUN	-
katılt	VERB	-
katıltma	NOUN	-
katılım	NOUN	-
katılıver	VERB	-
katılıverme	NOUN	-
katılış	NOUN	-
katım	NOUN	-
katıntı	ADJ	-
katıntı	NOUN	-
katır	ADJ	-
katır	NOUN	-
katırkuyruğu	NOUN	-
katırlaş	VERB	-
katırtırnağı	NOUN	-
katıver	VERB	-
katıverme	NOUN	-
katış	VERB	-
katışma	NOUN	-
katışmaç	NOUN	VOICING
katıştır	VERB	-
katıştırma	NOUN	-
katıştırıl	VERB	-
katıştırılma	NOUN	-
katışık	ADJ	-
kauçuk	ADJ	VOICING
kauçuk	NOUN	VOICING
kav	NOUN	-
kavaf	NOUN	-
kavafiye	NOUN	-
kavait	NOUN	VOICING
kavak	NOUN	VOICING
kavakçı	NOUN	-
kaval	NOUN	-
kavala	NOUN	-
kavalye	NOUN	-
kavanoz	NOUN	-
kavanço	NOUN	-
kavara	NOUN	-
kavas	NOUN	-
kavasya	NOUN	-
kavat	NOUN	-
kavata	NOUN	-
kavela	NOUN	-
kavga	NOUN	-
kavgalaş	VERB	-
kavgasızca	ADV	-
kavi	ADJ	-
kavi	ADV	-
kavil	NOUN	VOWEL_DROP
kavileş	VERB	-
kavileştir	VERB	-
kavilleş	VERB	-
kavilya	NOUN	-
kavim	NOUN	-
kavimleş	VERB	-
kavis	NOUN	-
kavislen	VERB	-
kavkı	NOUN	-
kavla	VERB	-
kavlak	ADJ	VOICING
kavlak	NOUN	VOICING
kavlama	NOUN	-
kavlan	VERB	-
kavlat	VERB	-
kavlatma	NOUN	-
kavlağan	NOUN	-
kavlaş	VERB	-
kavlet	VERB	-
kavletme	NOUN	-
kavlince	ADV	-
kavlükarar	NOUN	-
kavlıç	NOUN	VOICING
kavmiyat	NOUN	-
kavmiyet	NOUN	-
kavmiyetçi	NOUN	-
kavmî	ADJ	-
kavra	VERB	-
kavrak	NOUN	VOICING
kavram	NOUN	-
kavrama	NOUN	-
kavramlaş	VERB	-
kavramlaştır	VERB	-
kavramsal	ADJ	-
kavran	VERB	-
kavranma	NOUN	-
kavranıl	VERB	-
kavranılma	NOUN	-
kavranılmaz	ADJ	-
kavranış	NOUN	-
kavrat	VERB	-
kavratabil	VERB	-
kavratabilme	NOUN	-
kavratma	NOUN	-
kavrayabil	VERB	-
kavrayabilme	NOUN	-
kavrayıver	VERB	-
kavrayıverme	NOUN	-
kavrayış	NOUN	-
kavrayışsızca	ADV	-
kavraç	NOUN	VOICING
kavruk	ADJ	-
kavruk	NOUN	-
kavrul	VERB	-
kavrulabil	VERB	-
kavrulabilme	NOUN	-
kavrulma	NOUN	-
kavruluş	NOUN	-
kavuk	NOUN	VOICING
kavukçu	NOUN	-
kavun	NOUN	-
kavuniçi	ADJ	-
kavuniçi	NOUN	-
kavunsu	ADJ	-
kavunumsu	ADJ	-
kavur	VERB	-
kavurga	NOUN	-
kavurma	ADJ	-
kavurma	NOUN	-
kavurmaç	NOUN	VOICING
kavurt	VERB	-
kavurtma	NOUN	-
kavuruş	NOUN	-
kavut	NOUN	-
kavuz	NOUN	-
kavuzlular	NOUN	-
kavuş	VERB	-
kavuşabil	VERB	-
kavuşabilme	NOUN	-
kavuşma	NOUN	-
kavuştak	NOUN	VOICING
kavuştur	VERB	-
kavuşturabil	VERB	-
kavuşturabilme	NOUN	-
kavuşturma	NOUN	-
kavuşul	VERB	-
kavuşulma	NOUN	-
kavuşum	NOUN	-
kavuşuver	VERB	-
kavuşuverme	NOUN	-
kavza	VERB	-
kavzama	NOUN	-
kavşak	NOUN	VOICING
kay	NOUN	-
kay	VERB	-
kaya	NOUN	-
kayabaşı	NOUN	-
kayabil	VERB	-
kayabilme	NOUN	-
kayak	NOUN	VOICING
kayakevi	NOUN	-
kayakçı	NOUN	-
kayalaş	VERB	-
kayan	ADJ	-
kayan	NOUN	-
kayar	NOUN	-
kayarla	VERB	-
kayarlama	NOUN	-
kayarto	NOUN	-
kayaç	NOUN	VOICING
kayağan	ADJ	-
kaybedebil	VERB	-
kaybedebilme	NOUN	-
kaybedil	VERB	-
kaybediliş	NOUN	-
kaybedilme	NOUN	-
kaybediver	VERB	-
kaybediverme	NOUN	-
kaybediş	NOUN	-
kaybet	VERB	-
kaybetme	NOUN	-
kaybettir	VERB	-
kaybettirme	NOUN	-
kaybol	VERB	-
kaybolabil	VERB	-
kaybolabilme	NOUN	-
kaybolma	NOUN	-
kayboluver	VERB	-
kayboluverme	NOUN	-
kayboluş	NOUN	-
kaydedebil	VERB	-
kaydedebilme	NOUN	-
kaydedil	VERB	-
kaydedilebil	VERB	-
kaydedilebilme	NOUN	-
kaydedilme	NOUN	-
kaydediş	NOUN	-
kaydet	VERB	-
kaydetme	NOUN	-
kaydettir	VERB	-
kaydettirebil	VERB	-
kaydettirebilme	NOUN	-
kaydettirme	NOUN	-
kaydiye	NOUN	-
kaydol	VERB	-
kaydolma	NOUN	-
kaydıhayat	NOUN	-
kaydıihtiyat	NOUN	-
kaydır	VERB	-
kaydırabil	VERB	-
kaydırabilme	NOUN	-
kaydırak	NOUN	VOICING
kaydırma	NOUN	-
kaydırt	VERB	-
kaydırtma	NOUN	-
kaydırık	ADJ	-
kaydırıl	VERB	-
kaydırılma	NOUN	-
kaydırış	NOUN	-
kayet	VERB	-
kayetme	NOUN	-
kaygan	ADJ	-
kaygana	NOUN	-
kaygı	NOUN	-
kaygılan	VERB	-
kaygılanabil	VERB	-
kaygılanabilme	NOUN	-
kaygılandır	VERB	-
kaygılanış	NOUN	-
kaygılıca	NOUN	-
kaygın	NOUN	-
kaygısızca	ADJ	-
kaygısızca	ADV	-
kaykay	NOUN	-
kaykaç	NOUN	VOICING
kaykıl	VERB	-
kaykılma	NOUN	-
kaykılt	VERB	-
kaykıltma	NOUN	-
kayma	NOUN	-
kaymaca	NOUN	-
kaymak	NOUN	VOICING
kaymakaltı	NOUN	-
kaymakam	NOUN	-
kaymaklan	VERB	-
kaymakçı	NOUN	-
kayme	NOUN	-
kayna	VERB	-
kaynak	NOUN	VOICING
kaynakhane	NOUN	-
kaynaklan	VERB	-
kaynakça	NOUN	-
kaynakçı	NOUN	-
kaynama	NOUN	-
kaynana	NOUN	-
kaynar	ADJ	-
kaynar	NOUN	-
kaynarca	NOUN	-
kaynat	VERB	-
kaynata	NOUN	-
kaynatabil	VERB	-
kaynatabilme	NOUN	-
kaynatma	NOUN	-
kaynatıl	VERB	-
kaynatılma	NOUN	-
kaynatış	NOUN	-
kaynayıver	VERB	-
kaynayıverme	NOUN	-
kaynayış	NOUN	-
kaynaç	NOUN	VOICING
kaynaş	VERB	-
kaynaşabil	VERB	-
kaynaşabilme	NOUN	-
kaynaşma	NOUN	-
kaynaştır	VERB	-
kaynaştırabil	VERB	-
kaynaştırabilme	NOUN	-
kaynaştırma	NOUN	-
kaynaşık	ADJ	-
kaynaşık	NOUN	-
kaypak	ADJ	-
kaypak	NOUN	-
kaypaklaş	VERB	-
kaypakça	ADJ	-
kaypakça	ADV	-
kayra	NOUN	-
kayrak	NOUN	VOICING
kayran	NOUN	-
kayser	NOUN	-
kaytaban	ADJ	-
kaytaban	NOUN	-
kaytak	ADJ	-
kaytak	NOUN	-
kaytan	NOUN	-
kaytar	VERB	-
kaytarabil	VERB	-
kaytarabilme	NOUN	-
kaytarma	NOUN	-
kaytarış	NOUN	-
kayyum	NOUN	-
kayyım	NOUN	-
kayzer	NOUN	-
kayık	ADJ	VOICING
kayık	NOUN	VOICING
kayıkhane	NOUN	-
kayıkçı	NOUN	-
kayın	ADJ	-
kayın	NOUN	VOWEL_DROP
kayınbaba	NOUN	-
kayınbirader	NOUN	-
kayıngiller	NOUN	-
kayınpeder	NOUN	-
kayıntı	NOUN	-
kayınvalide	NOUN	-
kayınço	NOUN	-
kayıp	ADJ	-
kayıp	NOUN	-
kayır	NOUN	-
kayır	VERB	-
kayırma	NOUN	-
kayırt	VERB	-
kayırtma	NOUN	-
kayırıl	VERB	-
kayırılma	NOUN	-
kayırış	NOUN	-
kayısı	NOUN	-
kayısımsı	ADJ	-
kayıt	NOUN	-
kayıt	VERB	-
kayıtla	VERB	-
kayıtlama	NOUN	-
kayıtma	NOUN	-
kayıtsızca	ADV	-
kayıtsızlaş	VERB	-
kayıtım	NOUN	-
kayıver	VERB	-
kayıverme	NOUN	-
kayış	NOUN	-
kayışkıran	NOUN	-
kayışçı	ADJ	-
kayışçı	NOUN	-
kayşa	NOUN	-
kayşa	VERB	-
kayşama	NOUN	-
kayşat	NOUN	-
kaz	ADJ	-
kaz	NOUN	-
kaz	VERB	-
kaza	NOUN	-
kazabil	VERB	-
kazabilme	NOUN	-
kazaen	ADV	-
kazak	ADJ	VOICING
kazak	NOUN	VOICING
kazamat	NOUN	-
kazan	NOUN	-
kazan	VERB	-
kazanabil	VERB	-
kazanabilme	NOUN	-
kazandibi	NOUN	-
kazandır	VERB	-
kazandırabil	VERB	-
kazandırabilme	NOUN	-
kazandırma	NOUN	-
kazanma	NOUN	-
kazanç	NOUN	VOICING
kazanıl	VERB	-
kazanılma	NOUN	-
kazanım	NOUN	-
kazanış	NOUN	-
kazara	ADV	-
kazara	NOUN	-
kazaratar	NOUN	-
kazaska	NOUN	-
kazasker	NOUN	-
kazasızca	ADV	-
kazayağı	ADJ	-
kazayağı	NOUN	-
kazaz	NOUN	-
kazazede	NOUN	-
kazağı	NOUN	-
kazboku	ADJ	-
kazboku	NOUN	-
kazdır	VERB	-
kazdırma	NOUN	-
kazdırt	VERB	-
kazdırtma	NOUN	-
kazdırıl	VERB	-
kazdırılma	NOUN	-
kazein	NOUN	-
kazevi	NOUN	-
kazgıç	NOUN	VOICING
kaziye	NOUN	-
kazkanadı	NOUN	-
kazma	ADJ	-
kazma	NOUN	-
kazmaç	NOUN	VOICING
kazolit	NOUN	-
kazulet	ADJ	-
kazurat	NOUN	-
kazı	NOUN	-
kazı	VERB	-
kazık	ADJ	VOICING
kazık	NOUN	VOICING
kazıkazan	NOUN	-
kazıkla	VERB	-
kazıklama	NOUN	-
kazıklan	VERB	-
kazıklayış	NOUN	-
kazıkçı	NOUN	-
kazıl	NOUN	-
kazıl	VERB	-
kazılma	NOUN	-
kazılış	NOUN	-
kazım	NOUN	-
kazıma	NOUN	-
kazıma	VERB	-
kazımık	NOUN	VOICING
kazın	VERB	-
kazınma	NOUN	-
kazıntı	NOUN	-
kazıt	VERB	-
kazıtma	NOUN	-
kazıttır	VERB	-
kazıttırma	NOUN	-
kazıyabil	VERB	-
kazıyabilme	NOUN	-
kazıyış	NOUN	-
kaç	ADJ	-
kaç	NOUN	-
kaç	VERB	-
kaça	ADV	-
kaça	VERB	VOICING
kaçabil	VERB	-
kaçabilme	NOUN	-
kaçak	ADJ	VOICING
kaçak	ADV	VOICING
kaçak	NOUN	VOICING
kaçakaç	NOUN	-
kaçakçı	NOUN	-
kaçar	ADJ	-
kaçarcasına	ADV	-
kaçgöç	NOUN	-
kaçkaç	NOUN	-
kaçkın	NOUN	-
kaçkınımsı	ADJ	-
kaçma	NOUN	-
kaçta	ADV	-
kaçı	PRON	-
kaçık	ADJ	VOICING
kaçık	NOUN	VOICING
kaçıkça	ADJ	-
kaçıkça	ADV	-
kaçıl	VERB	-
kaçılma	NOUN	-
kaçımsa	VERB	-
kaçımsama	NOUN	-
kaçımsar	ADJ	-
kaçın	VERB	-
kaçınabil	VERB	-
kaçınabilme	NOUN	-
kaçındır	VERB	-
kaçındırma	NOUN	-
kaçıngan	ADJ	-
kaçınma	NOUN	-
kaçıntı	NOUN	-
kaçınık	ADJ	-
kaçınılmaz	ADJ	-
kaçınış	NOUN	-
kaçır	VERB	-
kaçırabil	VERB	-
kaçırabilme	NOUN	-
kaçırma	NOUN	-
kaçırt	VERB	-
kaçırtma	NOUN	-
kaçırıl	VERB	-
kaçırılma	NOUN	-
kaçırıver	VERB	-
kaçırıverme	NOUN	-
kaçırış	NOUN	-
kaçıver	VERB	-
kaçıverme	NOUN	-
kaçış	NOUN	-
kaçış	VERB	-
kaçışma	NOUN	-
kaçışıl	VERB	-
kaçışılma	NOUN	-
kağan	NOUN	-
kağnı	NOUN	-
kağşa	VERB	-
kağşak	ADJ	-
kağşama	NOUN	-
kaş	NOUN	-
kaşalot	ADJ	-
kaşalot	NOUN	-
kaşan	NOUN	-
kaşan	VERB	-
kaşandır	VERB	-
kaşandırma	NOUN	-
kaşanma	NOUN	-
kaşar	NOUN	-
kaşarlan	VERB	-
kaşağı	NOUN	-
kaşağıla	VERB	-
kaşağılama	NOUN	-
kaşağılan	VERB	-
kaşağılat	VERB	-
kaşağılatma	NOUN	-
kaşbastı	NOUN	-
kaşe	NOUN	-
kaşeksi	NOUN	-
kaşele	VERB	-
kaşeleme	NOUN	-
kaşelen	VERB	-
kaşelet	VERB	-
kaşeletme	NOUN	-
kaşelettir	VERB	-
kaşelettirme	NOUN	-
kaşkariko	NOUN	-
kaşkaval	ADJ	-
kaşkaval	NOUN	-
kaşkol	NOUN	-
kaşkorse	NOUN	-
kaşla	VERB	-
kaşlama	NOUN	-
kaşmer	NOUN	-
kaşmir	ADJ	-
kaşmir	NOUN	-
kaşpusiye	NOUN	-
kaşı	VERB	-
kaşık	NOUN	VOICING
kaşıkla	VERB	-
kaşıklama	NOUN	-
kaşıklan	VERB	-
kaşıklat	VERB	-
kaşıklatma	NOUN	-
kaşıklayış	NOUN	-
kaşıkçı	NOUN	-
kaşıkçın	NOUN	-
kaşıma	NOUN	-
kaşın	VERB	-
kaşındır	VERB	-
kaşındırma	NOUN	-
kaşınma	NOUN	-
kaşıntı	NOUN	-
kaşınış	NOUN	-
kaşıt	VERB	-
kaşıtma	NOUN	-
kaşıttır	VERB	-
kaşıttırma	NOUN	-
kaşıyabil	VERB	-
kaşıyabilme	NOUN	-
ke	NOUN	-
kebap	ADJ	VOICING
kebap	NOUN	VOICING
kebapçı	NOUN	-
kebe	NOUN	-
kebere	NOUN	-
kebir	ADJ	-
kebir	NOUN	-
kebze	NOUN	-
keder	NOUN	-
kederlen	VERB	-
kederlendir	VERB	-
kederleniş	NOUN	-
kedi	NOUN	-
kediayağı	NOUN	-
kedibastı	NOUN	-
kedigiller	NOUN	-
kedigözü	NOUN	-
kediyaladı	NOUN	-
kef	NOUN	-
kefal	NOUN	-
kefalet	NOUN	-
kefaleten	ADV	-
kefaletname	NOUN	-
kefalgiller	NOUN	-
kefaller	NOUN	-
kefaret	NOUN	-
kefe	NOUN	-
kefeki	NOUN	-
kefele	VERB	-
kefeleme	NOUN	-
kefen	NOUN	-
kefenimsi	ADJ	-
kefenle	VERB	-
kefenleme	NOUN	-
kefenleyiş	NOUN	-
kefere	NOUN	-
kefil	NOUN	-
kefir	NOUN	-
kefiye	NOUN	-
kefne	NOUN	-
kehanet	NOUN	-
kehle	NOUN	-
kehribar	ADJ	-
kehribar	NOUN	-
kek	NOUN	-
keka	INTERJ	-
keke	ADJ	-
kekele	VERB	-
kekeleme	NOUN	-
kekeleyiş	NOUN	-
kekeme	ADJ	-
kekemeleş	VERB	-
kekeç	ADJ	-
kekik	NOUN	VOICING
kekle	VERB	-
kekleme	NOUN	-
kekre	ADJ	-
kekrelen	VERB	-
kekremsi	ADJ	-
kekremsi	NOUN	-
kel	ADJ	-
kel	NOUN	-
kelalaka	INTERJ	-
kelam	NOUN	-
kelamıkibar	NOUN	-
kelaynak	NOUN	VOICING
kele	NOUN	-
kelebek	ADJ	VOICING
kelebek	NOUN	VOICING
kelebekler	NOUN	-
kelek	ADJ	VOICING
kelek	NOUN	VOICING
kelem	NOUN	-
keleme	ADJ	-
keleme	NOUN	-
kelep	NOUN	VOICING
kelepir	NOUN	-
keleple	VERB	-
kelepleme	NOUN	-
kelepser	NOUN	-
kelepçe	NOUN	-
kelepçele	VERB	-
kelepçeleme	NOUN	-
kelepçelen	VERB	-
kelepçelet	VERB	-
kelepçeletme	NOUN	-
kelepçi	NOUN	-
keler	NOUN	-
kelergiller	NOUN	-
keleş	ADJ	-
keleş	NOUN	-
kelifit	NOUN	-
kelime	NOUN	-
kelimeişehadet	NOUN	-
kelimeleş	VERB	-
kelle	NOUN	-
kelleş	VERB	-
keloğlan	NOUN	-
kem	ADJ	-
kem	NOUN	-
kemakân	ADV	-
kemal	NOUN	-
kemaliafiyet	NOUN	-
keman	NOUN	-
kemane	NOUN	-
kemani	NOUN	-
kemankeş	NOUN	-
kemançe	NOUN	-
keme	NOUN	-
kement	NOUN	VOICING
kementle	VERB	-
kementleme	NOUN	-
kemençe	NOUN	-
kemer	ADJ	-
kemer	NOUN	-
kemere	NOUN	-
kemerle	VERB	-
kemerleme	NOUN	-
kemha	NOUN	-
kemik	ADJ	VOICING
kemik	NOUN	VOICING
kemikleş	VERB	-
kemikleştir	VERB	-
kemiksi	ADJ	-
kemikçik	NOUN	VOICING
kemir	VERB	-
kemircik	NOUN	VOICING
kemirdek	NOUN	VOICING
kemirebil	VERB	-
kemirebilme	NOUN	-
kemirgen	ADJ	-
kemirgenler	NOUN	-
kemiriciler	NOUN	-
kemiril	VERB	-
kemirilme	NOUN	-
kemiriş	NOUN	-
kemirme	NOUN	-
kemiyet	NOUN	-
kemiğimsi	ADJ	-
kemoterapi	NOUN	-
kemre	NOUN	-
kemrele	VERB	-
kemreleme	NOUN	-
kenar	NOUN	-
kenarortay	NOUN	-
kendi	NOUN	-
kendi	PRON	-
kendigelen	ADJ	-
kendiliğinden	ADJ	-
kendiliğinden	ADV	-
kendiliğinden	NOUN	-
kendince	ADV	-
kendinden	ADV	-
kendir	ADJ	-
kendir	NOUN	-
kendirgiller	NOUN	-
kendirik	NOUN	VOICING
kendisince	ADV	-
kene	NOUN	-
kenef	ADJ	-
kenef	NOUN	-
keneler	NOUN	-
kenet	NOUN	VOICING
kenetle	VERB	-
kenetleme	NOUN	-
kenetlen	VERB	-
kenetlenebil	VERB	-
kenetlenebilme	NOUN	-
kenetleniş	NOUN	-
kenevir	NOUN	-
kengel	NOUN	-
kenger	NOUN	-
kent	NOUN	-
kental	NOUN	-
kenter	NOUN	-
kentet	NOUN	-
kentilyon	NOUN	-
kentleş	VERB	-
kentlileş	VERB	-
kentsel	ADJ	-
kenttaş	NOUN	-
kentçi	NOUN	-
kep	NOUN	-
kep	VERB	-
kepaze	ADJ	-
kepaze	NOUN	-
kepazece	ADJ	-
kepazece	ADV	-
kepbastı	NOUN	-
kepek	NOUN	VOICING
kepeklen	VERB	-
kepekçi	NOUN	-
kepenek	NOUN	VOICING
kepenk	NOUN	VOICING
kepez	NOUN	-
kepir	NOUN	-
kepme	NOUN	-
kepçe	ADJ	-
kepçe	NOUN	-
kepçeburun	NOUN	VOWEL_DROP
kepçele	VERB	-
kepçeleme	NOUN	-
ker	NOUN	-
kerahet	NOUN	-
keramet	NOUN	-
kerata	NOUN	-
keratin	NOUN	-
keratinleş	VERB	-
kerde	NOUN	-
kere	NOUN	-
kerem	NOUN	-
kerempe	NOUN	-
keres	NOUN	-
kereste	NOUN	-
kerevet	NOUN	-
kerevit	NOUN	-
kereviz	NOUN	-
kerh	NOUN	-
kerhane	NOUN	-
kerhen	ADV	-
kerhen	NOUN	-
kerih	ADJ	-
kerim	ADJ	-
kerim	NOUN	-
kerime	NOUN	-
keriz	NOUN	-
kerkenez	NOUN	-
kerkes	NOUN	-
kerki	NOUN	-
kerkin	VERB	-
kerkinme	NOUN	-
kermen	NOUN	-
kermes	NOUN	-
kerpeten	NOUN	-
kerpiç	ADJ	VOICING
kerpiç	NOUN	VOICING
kerpiçleş	VERB	-
kerpiççi	NOUN	-
kerrake	NOUN	-
kerrat	NOUN	-
kert	VERB	-
kerte	NOUN	-
kerteleme	NOUN	-
kerteles	NOUN	-
kertenkele	NOUN	-
kertenkeleler	NOUN	-
kerteriz	NOUN	-
kerterizle	VERB	-
kerterizleme	NOUN	-
kerti	ADJ	-
kerti	NOUN	-
kertik	ADJ	VOICING
kertik	NOUN	VOICING
kertikle	VERB	-
kertikleme	NOUN	-
kertil	VERB	-
kertilme	NOUN	-
kertme	NOUN	-
kervan	NOUN	-
kervanbaşı	NOUN	-
kervansaray	NOUN	-
kes	NOUN	-
kes	VERB	-
kesafet	NOUN	-
kesat	NOUN	VOICING
kesatlaş	VERB	-
kesbet	VERB	-
kesbetme	NOUN	-
kesbî	ADJ	-
kese	ADJ	-
kese	NOUN	-
kesebil	VERB	-
kesebilme	NOUN	-
kesecik	NOUN	VOICING
kesedar	NOUN	-
kesek	NOUN	VOICING
keseklen	VERB	-
kesel	NOUN	-
kesele	VERB	-
keseleme	NOUN	-
keselen	VERB	-
keseleniş	NOUN	-
keselet	VERB	-
keseletme	NOUN	-
keseliler	NOUN	-
kesen	ADJ	-
kesen	NOUN	-
kesene	NOUN	-
kesenek	NOUN	VOICING
kesenekçi	NOUN	-
keser	NOUN	-
kesi	NOUN	-
kesif	ADJ	-
kesif	NOUN	-
kesik	ADJ	VOICING
kesik	NOUN	VOICING
kesikleş	VERB	-
kesil	VERB	-
kesilebil	VERB	-
kesilebilme	NOUN	-
kesiliver	VERB	-
kesiliverme	NOUN	-
kesiliş	NOUN	-
kesilme	NOUN	-
kesim	NOUN	-
kesimevi	NOUN	-
kesimhane	NOUN	-
kesin	ADJ	-
kesin	ADV	-
kesin	VERB	-
kesinkes	ADV	-
kesinle	VERB	-
kesinleme	NOUN	-
kesinleş	VERB	-
kesinleştir	VERB	-
kesinleştirebil	VERB	-
kesinleştirebilme	NOUN	-
kesinlikle	ADV	-
kesinlikle	NOUN	-
kesinme	NOUN	-
kesinti	NOUN	-
kesir	NOUN	VOWEL_DROP
kesit	NOUN	-
kesiver	VERB	-
kesiverme	NOUN	-
kesiş	NOUN	-
kesiş	VERB	-
kesişebil	VERB	-
kesişebilme	NOUN	-
kesişen	ADJ	-
kesişim	NOUN	-
kesişiver	VERB	-
kesişiverme	NOUN	-
kesişme	NOUN	-
kesiştir	VERB	-
kesiştirme	NOUN	-
kesken	VERB	-
keskenme	NOUN	-
keski	NOUN	-
keskin	ADJ	-
keskin	ADV	-
keskin	NOUN	-
keskinlet	VERB	-
keskinletme	NOUN	-
keskinleş	VERB	-
keskinleştir	VERB	-
kesme	ADJ	-
kesme	NOUN	-
kesmece	ADJ	-
kesmece	ADV	-
kesmik	NOUN	VOICING
kesp	NOUN	VOICING
kesre	NOUN	-
kesret	NOUN	-
kestane	NOUN	-
kestanecik	NOUN	VOICING
kestere	NOUN	-
kestir	VERB	-
kestirebil	VERB	-
kestirebilme	NOUN	-
kestiril	VERB	-
kestirilme	NOUN	-
kestirim	NOUN	-
kestiriver	VERB	-
kestiriverme	NOUN	-
kestiriş	NOUN	-
kestirme	ADJ	-
kestirme	ADV	-
kestirme	NOUN	-
kestirmece	ADJ	-
kestirmece	ADV	-
kestirmeden	ADV	-
kestirt	VERB	-
kestirtme	NOUN	-
kesyap	NOUN	-
kesyapıştır	NOUN	-
ket	NOUN	-
ketal	NOUN	-
kete	NOUN	-
keten	ADJ	-
keten	NOUN	-
ketencik	NOUN	VOICING
ketengiller	NOUN	-
ketenpere	NOUN	-
kethüda	NOUN	-
keton	NOUN	-
ketum	ADJ	-
ketumiyet	NOUN	-
ketçap	NOUN	VOICING
kevel	NOUN	-
keven	NOUN	-
kevgir	NOUN	-
keyfekeder	ADJ	-
keyfet	VERB	-
keyfetme	NOUN	-
keyfince	ADV	-
keyfiyet	NOUN	-
keyfî	ADJ	-
keyfî	NOUN	-
keyif	NOUN	-
keyiflen	VERB	-
keyiflendir	VERB	-
keyifsizce	ADV	-
kez	NOUN	-
keza	ADV	-
kezzap	NOUN	VOICING
keçe	ADJ	-
keçe	NOUN	-
keçeci	NOUN	-
keçele	VERB	-
keçeleme	NOUN	-
keçelen	VERB	-
keçeleş	VERB	-
keçeleştir	VERB	-
keçi	ADJ	-
keçi	NOUN	-
keçiboynuzu	NOUN	-
keçiler	NOUN	-
keçileş	VERB	-
keçimemesi	NOUN	-
keçisağan	NOUN	-
keçisedefi	NOUN	-
keçitırnağı	NOUN	-
keş	ADJ	-
keş	NOUN	-
keşen	NOUN	-
keşfedebil	VERB	-
keşfedebilme	NOUN	-
keşfedil	VERB	-
keşfediliş	NOUN	-
keşfedilme	NOUN	-
keşfediver	VERB	-
keşfediverme	NOUN	-
keşfediş	NOUN	-
keşfet	VERB	-
keşfetme	NOUN	-
keşfettir	VERB	-
keşfettirme	NOUN	-
keşide	NOUN	-
keşif	NOUN	-
keşik	NOUN	VOICING
keşikleme	NOUN	-
keşikleş	VERB	-
keşiş	NOUN	-
keşişhane	NOUN	-
keşişleme	NOUN	-
keşke	INTERJ	-
keşkek	NOUN	VOICING
keşkekçi	NOUN	-
keşkem	INTERJ	-
keşki	INTERJ	-
keşkül	NOUN	-
keşkülüfukara	NOUN	-
keşle	VERB	-
keşleme	NOUN	-
keşmekeş	NOUN	-
keşşaf	NOUN	-
ki	CONJ	-
ki	NOUN	-
ki	POSTP	-
kibar	ADJ	-
kibar	NOUN	-
kibarca	ADV	-
kibarcasına	ADV	-
kibarlaş	VERB	-
kibarlaştır	VERB	-
kibarzade	NOUN	-
kibernetik	NOUN	VOICING
kibir	NOUN	VOWEL_DROP
kibirlen	VERB	-
kibirleniş	NOUN	-
kibrit	NOUN	-
kibritçi	ADJ	-
kibritçi	NOUN	-
kibutz	NOUN	-
kifaf	NOUN	-
kifaflan	VERB	-
kifafınefis	NOUN	-
kifayet	NOUN	-
kik	NOUN	-
kikirik	NOUN	VOICING
kikla	NOUN	-
kiklon	NOUN	-
kiklotron	NOUN	-
kil	NOUN	-
kildan	NOUN	-
kile	NOUN	-
kiler	NOUN	-
kilermeni	NOUN	-
kilim	NOUN	-
kilise	NOUN	-
kilit	NOUN	VOICING
kilitle	VERB	-
kilitleme	NOUN	-
kilitlen	VERB	-
kilitleniş	NOUN	-
kilitlet	VERB	-
kilitletme	NOUN	-
kilitleyebil	VERB	-
kilitleyebilme	NOUN	-
kiliz	NOUN	-
kilizman	NOUN	-
kille	VERB	-
killeme	NOUN	-
kilo	NOUN	-
kiloamper	NOUN	-
kilobayt	NOUN	-
kilogram	NOUN	-
kilogramkuvvet	NOUN	-
kilogrammetre	NOUN	-
kilohertz	NOUN	-
kilojul	NOUN	VOWEL_DROP
kilokalori	NOUN	-
kilometre	NOUN	-
kilometrekare	NOUN	-
kilometrelerce	ADJ	-
kilosikl	NOUN	-
kiloton	NOUN	-
kilovat	NOUN	-
kilovatsaat	NOUN	-
kilovolt	NOUN	-
kils	NOUN	-
kilsi	ADJ	-
kilüs	NOUN	-
kim	CONJ	-
kim	PRON	-
kimi	PRON	-
kimileyin	ADV	-
kimisi	PRON	-
kimlerden?	NOUN	-
kimliklileştir	VERB	-
kimliksizleştir	VERB	-
kimono	NOUN	-
kimse	PRON	-
kimsecik	PRON	VOICING
kimsesizlerevi	NOUN	-
kimya	NOUN	-
kimyaca	ADV	-
kimyager	NOUN	-
kimyasal	ADJ	-
kimyevi	ADJ	-
kimyon	NOUN	-
kimyoni	ADJ	-
kimyoni	NOUN	-
kimüs	NOUN	-
kin	NOUN	-
kinaye	NOUN	-
kindar	ADJ	-
kinematik	NOUN	VOICING
kinestetik	ADJ	-
kinestezi	NOUN	-
kinetik	ADJ	VOICING
kinetik	NOUN	VOICING
kinik	ADJ	-
kinin	NOUN	-
kinizm	NOUN	-
kiniş	NOUN	-
kinlen	VERB	-
kinoa	NOUN	-
kip	ADJ	-
kip	NOUN	-
kipe	NOUN	-
kir	NOUN	-
kira	NOUN	-
kirala	VERB	-
kiralama	NOUN	-
kiralan	VERB	-
kiralat	VERB	-
kiralatma	NOUN	-
kiralayabil	VERB	-
kiralayabilme	NOUN	-
kiraz	NOUN	-
kirde	NOUN	-
kirecimsi	ADJ	-
kiremit	NOUN	VOICING
kiremithane	NOUN	-
kiremitçi	NOUN	-
kiren	NOUN	-
kireç	NOUN	VOICING
kireçle	VERB	-
kireçleme	NOUN	-
kireçlen	VERB	-
kireçleş	VERB	-
kireçsi	ADJ	-
kireçsile	VERB	-
kireçsileme	NOUN	-
kireçsizleştir	VERB	-
kireçsütü	NOUN	-
kireçyeren	ADJ	-
kireççi	NOUN	-
kireççil	ADJ	-
kirizma	NOUN	-
kirizmala	VERB	-
kirizmalama	NOUN	-
kiriş	NOUN	-
kirişhane	NOUN	-
kirişle	VERB	-
kirişleme	ADV	-
kirişleme	NOUN	-
kirişçi	NOUN	-
kirkit	NOUN	-
kirlen	VERB	-
kirleniş	NOUN	-
kirlet	VERB	-
kirletebil	VERB	-
kirletebilme	NOUN	-
kirletilebil	VERB	-
kirletilebilme	NOUN	-
kirletiş	NOUN	-
kirletme	NOUN	-
kirlihanım	NOUN	-
kirlikartopu	NOUN	-
kirloş	ADJ	-
kirmen	NOUN	-
kirpi	NOUN	-
kirpigiller	NOUN	-
kirpik	NOUN	VOICING
kirpikliler	NOUN	-
kirpiksi	ADJ	-
kirtil	NOUN	-
kirve	NOUN	-
kispet	NOUN	-
kisra	NOUN	-
kist	NOUN	-
kistleş	VERB	-
kisve	NOUN	-
kit	NOUN	-
kitabe	NOUN	-
kitabet	NOUN	-
kitabevi	NOUN	-
kitabi	ADJ	-
kitabi	NOUN	-
kitap	NOUN	VOICING
kitaplaş	VERB	-
kitaplaştır	VERB	-
kitaplaştırabil	VERB	-
kitaplaştırabilme	NOUN	-
kitaplıca	ADV	-
kitapsever	ADJ	-
kitapsızca	NOUN	-
kitapça	ADV	-
kitapçı	NOUN	-
kitapçık	NOUN	VOICING
kitara	NOUN	-
kitin	NOUN	-
kitle	NOUN	-
kitre	NOUN	-
kivi	NOUN	-
kivigiller	NOUN	-
kiyanus	NOUN	-
kiyaset	NOUN	-
kizir	NOUN	-
kişi	NOUN	-
kişileş	VERB	-
kişileştir	VERB	-
kişisel	ADJ	-
kişiselleştir	VERB	-
kişiselleştirebil	VERB	-
kişiselleştirebilme	NOUN	-
kişizade	ADJ	-
kişmiri	ADJ	-
kişmiri	NOUN	-
kişmiş	NOUN	-
kişne	VERB	-
kişneme	NOUN	-
kişnet	VERB	-
kişnetme	NOUN	-
kişneyebil	VERB	-
kişneyebilme	NOUN	-
kişneyiş	NOUN	-
kişniş	NOUN	-
klakson	NOUN	-
klan	NOUN	-
klapa	NOUN	-
klarnet	NOUN	-
klarnetçi	NOUN	-
klas	ADJ	-
klas	NOUN	-
klasik	ADJ	VOICING
klasik	NOUN	VOICING
klasikleş	VERB	-
klasikleştir	VERB	-
klasisizm	NOUN	-
klasman	NOUN	-
klasör	NOUN	-
klavsen	NOUN	-
klavye	NOUN	-
kleptoman	NOUN	-
kleptomani	NOUN	-
klerikalizm	NOUN	-
klik	NOUN	VOICING
klikle	VERB	-
klikleme	NOUN	-
klikleş	VERB	-
klikçi	NOUN	-
klima	NOUN	-
klimatolog	NOUN	-
klimatoloji	NOUN	-
klimatolojik	ADJ	-
klinik	ADJ	VOICING
klinik	NOUN	VOICING
klinker	NOUN	-
klinometre	NOUN	-
klip	NOUN	VOICING
klips	NOUN	-
klitoris	NOUN	-
klişe	ADJ	-
klişe	NOUN	-
klişehane	NOUN	-
klişeleş	VERB	-
klon	NOUN	-
klonla	VERB	-
klonlama	NOUN	-
klor	NOUN	-
klorik	NOUN	VOICING
klorla	VERB	-
klorlama	NOUN	-
klorlan	VERB	-
klorofil	NOUN	-
kloroform	NOUN	-
klorometri	NOUN	-
kloroplast	NOUN	-
kloroz	NOUN	-
klorölçer	NOUN	-
klorür	NOUN	-
klorürlendir	VERB	-
klorürleştir	VERB	-
klostrofobi	NOUN	-
klostrofobik	ADJ	-
klozet	NOUN	-
kloş	ADJ	-
kloşet	NOUN	-
klüz	NOUN	-
koala	NOUN	-
koalisyon	NOUN	-
koaptör	NOUN	-
kobalt	NOUN	-
kobay	NOUN	-
kobaygiller	NOUN	-
kobra	NOUN	-
kobragiller	NOUN	-
koca	ADJ	-
koca	NOUN	-
koca	VERB	-
kocabaş	NOUN	-
kocabaşı	NOUN	-
kocakarı	NOUN	-
kocal	VERB	-
kocalma	NOUN	-
kocalt	VERB	-
kocaltma	NOUN	-
kocama	NOUN	-
kocaman	ADJ	-
kocaman	NOUN	-
kocamanca	ADJ	-
kocamanlaş	VERB	-
kocamanlaştır	VERB	-
kocaoğlan	NOUN	-
kocat	VERB	-
kocatma	NOUN	-
kocayış	NOUN	-
kod	NOUN	-
kodaman	NOUN	-
kodein	NOUN	-
kodeks	NOUN	-
kodes	NOUN	-
kodifikasyon	NOUN	-
kodla	VERB	-
kodlama	NOUN	-
kodlan	VERB	-
kodlat	VERB	-
kodlatma	NOUN	-
kodlayabil	VERB	-
kodlayabilme	NOUN	-
kodlayış	NOUN	-
kof	ADJ	-
kof	NOUN	-
kofa	NOUN	-
kofana	NOUN	-
koflaş	VERB	-
kofra	NOUN	-
kofti	NOUN	-
koful	NOUN	-
kognitif	ADJ	-
kohenit	NOUN	-
kohezyon	NOUN	-
kok	NOUN	-
kok	VERB	-
koka	NOUN	-
kokabil	VERB	-
kokabilme	NOUN	-
kokain	NOUN	-
kokainman	NOUN	-
kokainomani	NOUN	-
kokak	ADJ	-
kokarca	NOUN	-
kokart	NOUN	VOICING
koket	ADJ	-
koket	NOUN	-
koketri	NOUN	-
kokimbit	NOUN	-
kokla	VERB	-
koklama	NOUN	-
koklat	VERB	-
koklatabil	VERB	-
koklatabilme	NOUN	-
koklatma	NOUN	-
koklatma	VERB	-
koklatıl	VERB	-
koklatılma	NOUN	-
koklayabil	VERB	-
koklayabilme	NOUN	-
koklayış	NOUN	-
koklaş	VERB	-
koklaştır	VERB	-
kokma	NOUN	-
kokmuş	ADJ	-
kokmuş	NOUN	-
kokona	NOUN	-
kokoreç	NOUN	VOICING
kokoreççi	NOUN	-
kokoroz	NOUN	-
kokorozlan	VERB	-
kokot	NOUN	-
kokoz	ADJ	-
kokozlan	VERB	-
kokoş	NOUN	-
kokpit	NOUN	-
kokteyl	NOUN	-
koku	NOUN	-
kokulan	VERB	-
kokulandır	VERB	-
kokurdan	NOUN	-
kokut	VERB	-
kokutma	NOUN	-
kokuölçer	NOUN	-
kokuş	NOUN	-
kokuş	VERB	-
kokuşma	NOUN	-
kokuştur	VERB	-
kokuşturma	NOUN	-
kokuşuk	ADJ	-
kol	NOUN	-
kola	NOUN	-
kolagiller	NOUN	-
kolaj	NOUN	-
kolajen	NOUN	-
kolajla	VERB	-
kolajlama	NOUN	-
kolajlan	VERB	-
kolala	VERB	-
kolalama	NOUN	-
kolalan	VERB	-
kolalat	VERB	-
kolalatma	NOUN	-
kolalayış	NOUN	-
kolan	NOUN	-
kolay	ADJ	-
kolay	ADV	-
kolay	NOUN	-
kolayca	ADJ	-
kolayca	ADV	-
kolaycacık	ADJ	-
kolaycacık	ADV	-
kolayda	ADV	-
kolayla	VERB	-
kolaylama	NOUN	-
kolaylan	VERB	-
kolaylaş	VERB	-
kolaylaştır	VERB	-
kolaylaştırıl	VERB	-
kolaylaştırılma	NOUN	-
kolaylıkla	ADV	-
kolayına	ADV	-
kolaçan	NOUN	-
kolağası	NOUN	-
kolbastı	NOUN	-
kolbaşı	NOUN	-
koldaş	NOUN	-
koledok	NOUN	VOICING
kolej	NOUN	-
koleksiyon	NOUN	-
koleksiyoner	NOUN	-
kolektif	ADJ	-
kolektif	ADV	-
kolektifleş	VERB	-
kolektifleştir	VERB	-
kolektivist	ADJ	-
kolektivizm	NOUN	-
kolektör	NOUN	-
kolemanit	NOUN	-
kolera	NOUN	-
kolesterin	NOUN	-
kolesterol	NOUN	-
kolhoz	NOUN	-
kolibri	NOUN	-
kolibrigiller	NOUN	-
kolit	NOUN	-
kolla	VERB	-
kollama	NOUN	-
kollan	VERB	-
kollayabil	VERB	-
kollayabilme	NOUN	-
kollayış	NOUN	-
kollaş	VERB	-
kolodyum	NOUN	-
kolofan	NOUN	-
koloidal	ADJ	-
koloit	NOUN	VOICING
kolokyum	NOUN	-
kolombiyum	NOUN	-
kolon	NOUN	-
koloni	NOUN	-
kolonizatör	NOUN	-
kolonya	NOUN	-
kolonyal	ADJ	-
kolonyal	NOUN	-
kolonyala	VERB	-
kolonyalama	NOUN	-
kolonyalan	VERB	-
kolonyalist	NOUN	-
kolonyalizm	NOUN	-
kolordu	NOUN	-
koloridye	NOUN	-
kolorimetre	NOUN	-
kolorimetri	NOUN	-
kolostrum	NOUN	-
kolpo	NOUN	-
kolsu	ADJ	-
koltuk	NOUN	VOICING
koltukbaşı	NOUN	-
koltukla	VERB	-
koltuklama	NOUN	-
koltuklan	VERB	-
koltukçu	NOUN	-
kolye	NOUN	-
kolyoz	NOUN	-
kolza	NOUN	-
kolçak	NOUN	VOICING
kom	NOUN	-
koma	NOUN	-
komandit	NOUN	-
komandite	NOUN	-
komanditer	NOUN	-
komando	NOUN	-
komar	NOUN	-
kombi	NOUN	-
kombin	NOUN	-
kombina	NOUN	-
kombinasyon	NOUN	-
kombine	ADJ	-
kombine	NOUN	-
kombinezon	NOUN	-
komedi	NOUN	-
komedya	NOUN	-
komedyen	ADJ	-
komedyen	NOUN	-
komi	NOUN	-
komik	ADJ	VOICING
komik	NOUN	VOICING
komikleş	VERB	-
komikleştir	VERB	-
komiser	NOUN	-
komisyon	NOUN	-
komita	NOUN	-
komite	NOUN	-
komodin	NOUN	-
komodor	NOUN	-
komot	NOUN	-
kompakt	NOUN	-
kompartıman	NOUN	-
kompetan	ADJ	-
kompetitif	NOUN	-
kompilasyon	NOUN	-
komple	ADJ	-
komple	NOUN	-
kompleks	ADJ	-
kompleks	NOUN	-
komplekssizce	ADV	-
komplikasyon	NOUN	-
komplike	ADJ	-
kompliman	NOUN	-
komplo	NOUN	-
kompost	NOUN	-
komposto	NOUN	-
kompoze	ADJ	-
kompozisyon	NOUN	-
kompozit	ADJ	-
kompozit	NOUN	-
kompozitör	NOUN	-
komprador	NOUN	-
kompres	NOUN	-
kompresör	NOUN	-
komprime	NOUN	-
komut	NOUN	-
komuta	NOUN	-
komutan	NOUN	-
komün	NOUN	-
komünikasyon	NOUN	-
komünist	NOUN	-
komünizm	NOUN	-
komütatör	NOUN	-
komşu	ADJ	-
komşu	NOUN	-
kon	VERB	-
konabil	VERB	-
konabilme	NOUN	-
konak	NOUN	VOICING
konakla	VERB	-
konaklama	NOUN	-
konaklat	VERB	-
konaklatma	NOUN	-
konaklayabil	VERB	-
konaklayabilme	NOUN	-
konaklayış	NOUN	-
konakçı	NOUN	-
konalga	NOUN	-
konargöçer	ADJ	-
kondansatör	NOUN	-
kondisyon	NOUN	-
kondisyoner	NOUN	-
kondom	NOUN	-
kondor	NOUN	-
kondu	NOUN	-
kondur	VERB	-
kondurabil	VERB	-
kondurabilme	NOUN	-
kondurma	NOUN	-
kondurt	VERB	-
kondurtma	NOUN	-
konduruver	VERB	-
konduruverme	NOUN	-
kondüit	NOUN	-
kondüktör	NOUN	-
konfederasyon	NOUN	-
konfederatif	ADJ	-
konfedere	ADJ	-
konfeksiyon	NOUN	-
konferans	NOUN	-
konferansçı	NOUN	-
konfeti	NOUN	-
konfigürasyon	NOUN	-
konfirmasyon	NOUN	-
konfirme	ADJ	-
konfor	NOUN	-
konformist	ADJ	-
konformizm	NOUN	-
konglomera	NOUN	-
kongre	NOUN	-
kongövde	NOUN	-
koni	ADJ	-
koni	NOUN	-
konik	ADJ	VOICING
konik	NOUN	VOICING
konjonktivit	NOUN	-
konjonktür	NOUN	-
konkasör	NOUN	-
konkav	ADJ	-
konken	NOUN	-
konkordato	NOUN	-
konkre	ADJ	-
konkur	NOUN	-
konkurhipik	NOUN	VOICING
konma	NOUN	-
konnektör	NOUN	-
konsa	NOUN	-
konsantrasyon	NOUN	-
konsantre	ADJ	-
konsantre	NOUN	-
konsensüs	NOUN	-
konsept	NOUN	-
konseptüalist	ADJ	-
konseptüalizm	NOUN	-
konser	NOUN	-
konservatif	NOUN	-
konservatuvar	NOUN	-
konservatör	NOUN	-
konserve	ADJ	-
konserve	NOUN	-
konsey	NOUN	-
konsinye	NOUN	-
konsol	NOUN	-
konsolidasyon	NOUN	-
konsolide	ADJ	-
konsolit	NOUN	VOICING
konsolitçi	NOUN	-
konsolos	NOUN	-
konsoloshane	NOUN	-
konsomasyon	NOUN	-
konsomatris	NOUN	-
konsome	NOUN	-
konson	NOUN	-
konsonant	NOUN	-
konsorsiyum	NOUN	-
konstrüksiyon	NOUN	-
konstrüktif	NOUN	-
konstrüktivist	ADJ	-
konstrüktivizm	NOUN	-
konsulto	NOUN	-
konsül	NOUN	-
konsültasyon	NOUN	-
kont	NOUN	-
kontak	ADJ	VOICING
kontak	NOUN	VOICING
kontaminasyon	NOUN	-
kontekst	NOUN	-
kontenjan	NOUN	-
kontes	NOUN	-
konteyner	NOUN	-
kontra	ADJ	-
kontra	NOUN	-
kontraksiyon	NOUN	-
kontralto	NOUN	-
kontrasomun	NOUN	-
kontrast	ADJ	-
kontrast	NOUN	-
kontrat	NOUN	-
kontratabla	NOUN	-
kontratak	NOUN	VOICING
kontrbas	NOUN	-
kontrbasçı	NOUN	-
kontrfile	NOUN	-
kontrgerilla	NOUN	-
kontrol	NOUN	-
kontrolör	NOUN	-
kontrpiye	NOUN	-
kontrplak	NOUN	VOICING
kontrpuan	NOUN	-
kontur	NOUN	-
kontuvar	NOUN	-
kontör	NOUN	-
konu	NOUN	-
konuk	NOUN	VOICING
konukevi	NOUN	-
konukla	VERB	-
konuklama	NOUN	-
konuksever	ADJ	-
konukçu	NOUN	-
konul	VERB	-
konulabil	VERB	-
konulabilme	NOUN	-
konulma	NOUN	-
konuluver	VERB	-
konuluverme	NOUN	-
konuluş	NOUN	-
konum	NOUN	-
konumdaş	NOUN	-
konumla	VERB	-
konumlama	NOUN	-
konumlan	VERB	-
konumlandır	VERB	-
konumsal	ADJ	-
konur	ADJ	-
konut	NOUN	-
konutlan	VERB	-
konuver	VERB	-
konuverme	NOUN	-
konuş	NOUN	-
konuş	VERB	-
konuşabil	VERB	-
konuşabilme	NOUN	-
konuşkan	ADJ	-
konuşlan	VERB	-
konuşlandır	VERB	-
konuşma	NOUN	-
konuştur	VERB	-
konuşturabil	VERB	-
konuşturabilme	NOUN	-
konuşturma	NOUN	-
konuşturt	VERB	-
konuşturtma	NOUN	-
konuşu	NOUN	-
konuşul	VERB	-
konuşulma	NOUN	-
konuşur	NOUN	-
konuşuver	VERB	-
konuşuverme	NOUN	-
konuşuş	NOUN	-
konvansiyon	NOUN	-
konvansiyonel	ADJ	-
konvansiyonel	NOUN	-
konveks	ADJ	-
konveksiyon	NOUN	-
konvektör	NOUN	-
konvertibilite	NOUN	-
konvertibl	ADJ	-
konvertisör	NOUN	-
konveyör	NOUN	-
konvoy	NOUN	-
konyak	NOUN	VOICING
konç	NOUN	VOICING
konçerto	NOUN	-
konçina	NOUN	-
konşimento	NOUN	-
kooperatif	NOUN	-
kooperatifleş	VERB	-
kooperatifçi	NOUN	-
koordinasyon	NOUN	-
koordinat	NOUN	-
koordinatlar	NOUN	-
koordinatör	NOUN	-
koordine	ADJ	-
kop	VERB	-
kopabil	VERB	-
kopabilme	NOUN	-
kopal	NOUN	-
kopanaki	NOUN	-
kopar	VERB	-
koparabil	VERB	-
koparabilme	NOUN	-
koparan	NOUN	-
koparma	NOUN	-
kopart	VERB	-
kopartabil	VERB	-
kopartabilme	NOUN	-
kopartma	NOUN	-
koparttır	VERB	-
koparttırma	NOUN	-
kopartıl	VERB	-
kopartılma	NOUN	-
kopartılış	NOUN	-
kopartış	NOUN	-
koparıl	VERB	-
koparılma	NOUN	-
koparılış	NOUN	-
koparıver	VERB	-
koparıverme	NOUN	-
koparış	NOUN	-
kopil	NOUN	-
kopkoyu	ADJ	-
kopma	NOUN	-
kopolimer	NOUN	-
kopoy	NOUN	-
kopuk	ADJ	-
kopuk	NOUN	-
kopuntu	NOUN	-
kopuver	VERB	-
kopuverme	NOUN	-
kopuz	NOUN	-
kopuş	NOUN	-
kopya	ADJ	-
kopya	NOUN	-
kopyala	VERB	-
kopyalama	NOUN	-
kopyalan	VERB	-
kopyalanış	NOUN	-
kopyalayabil	VERB	-
kopyalayabilme	NOUN	-
kopyalayapıştır	NOUN	-
kopça	NOUN	-
kopçala	VERB	-
kopçalama	NOUN	-
kopçalan	VERB	-
kor	ADJ	-
kor	NOUN	-
korakor	ADV	-
korakor	NOUN	-
koral	ADJ	-
koral	NOUN	-
koramiral	NOUN	-
kordalılar	NOUN	-
kordiplomatik	NOUN	VOICING
kordon	NOUN	-
kordone	NOUN	-
kore	NOUN	-
korelasyon	NOUN	-
koreograf	NOUN	-
koreografi	NOUN	-
korgeneral	NOUN	-
korida	NOUN	-
koridor	NOUN	-
korindon	NOUN	-
korist	NOUN	-
kork	VERB	-
korkabil	VERB	-
korkabilme	NOUN	-
korkak	ADJ	VOICING
korkakça	ADV	-
korkala	VERB	-
korkalama	NOUN	-
korkma	NOUN	-
korkonsül	NOUN	-
korku	NOUN	-
korkul	VERB	-
korkulma	NOUN	-
korkunç	ADJ	-
korkunç	NOUN	-
korkunçlaş	VERB	-
korkunçlaştır	VERB	-
korkusuzca	ADV	-
korkut	VERB	-
korkutabil	VERB	-
korkutabilme	NOUN	-
korkutma	NOUN	-
korkutmaca	NOUN	-
korkutuş	NOUN	-
korkuş	NOUN	-
korlan	VERB	-
korlaş	VERB	-
korna	NOUN	-
kornea	NOUN	-
korner	NOUN	-
kornet	NOUN	-
kornetçi	NOUN	-
korniş	NOUN	-
kornişon	NOUN	-
kornişçi	NOUN	-
korno	NOUN	-
koro	NOUN	-
korona	NOUN	-
koronavirüs	NOUN	-
koroner	ADJ	-
korozif	ADJ	-
korozyon	NOUN	-
korporasyon	NOUN	-
korporatif	ADJ	-
korpus	NOUN	-
korsaj	NOUN	-
korsan	ADJ	-
korsan	NOUN	-
korse	NOUN	-
kort	NOUN	-
korte	NOUN	-
kortej	NOUN	-
korteks	NOUN	-
kortizon	NOUN	-
koru	NOUN	-
koru	VERB	-
korucuk	NOUN	VOICING
korugan	NOUN	-
koruk	ADJ	VOICING
koruk	NOUN	VOICING
korulan	VERB	-
koruma	NOUN	-
korun	NOUN	-
korun	VERB	-
korunabil	VERB	-
korunabilme	NOUN	-
korunak	NOUN	VOICING
koruncak	NOUN	VOICING
korunga	NOUN	-
korunma	NOUN	-
korunul	VERB	-
korunulabil	VERB	-
korunulabilme	NOUN	-
korunulma	NOUN	-
korunum	NOUN	-
korunuş	NOUN	-
korut	VERB	-
korutma	NOUN	-
koruyabil	VERB	-
koruyabilme	NOUN	-
koruyuş	NOUN	-
korvet	NOUN	-
korza	NOUN	-
kosa	NOUN	-
kosinüs	NOUN	-
koskoca	ADJ	-
koskoca	NOUN	-
koskocaman	ADJ	-
koskocaman	NOUN	-
kostak	ADJ	-
kostak	NOUN	-
kostaklan	VERB	-
kostaniçe	NOUN	-
koster	NOUN	-
kostik	ADJ	-
kostik	NOUN	-
kostüm	NOUN	-
kot	ADJ	-
kot	NOUN	-
kota	NOUN	-
kotan	NOUN	-
kotar	VERB	-
kotarabil	VERB	-
kotarabilme	NOUN	-
kotarma	NOUN	-
kotarıl	VERB	-
kotarılma	NOUN	-
kotarılış	NOUN	-
kotarış	NOUN	-
kotasyon	NOUN	-
kotla	VERB	-
kotlama	NOUN	-
kotlet	NOUN	-
kotletpane	NOUN	-
koton	ADJ	-
kotonperle	NOUN	-
kotra	NOUN	-
kov	NOUN	-
kov	VERB	-
kova	ADJ	-
kova	NOUN	-
kovabil	VERB	-
kovabilme	NOUN	-
kovala	VERB	-
kovalama	NOUN	-
kovalamaca	NOUN	-
kovalan	VERB	-
kovalanış	NOUN	-
kovalat	VERB	-
kovalatma	NOUN	-
kovalayabil	VERB	-
kovalayabilme	NOUN	-
kovalayış	NOUN	-
kovalaş	VERB	-
kovan	NOUN	-
kovboy	NOUN	-
kovdur	VERB	-
kovdurabil	VERB	-
kovdurabilme	NOUN	-
kovdurma	NOUN	-
kovdurt	VERB	-
kovdurtma	NOUN	-
kovla	VERB	-
kovlama	NOUN	-
kovma	NOUN	-
kovucuk	NOUN	VOICING
kovuk	NOUN	VOICING
kovul	VERB	-
kovulma	NOUN	-
kovuluş	NOUN	-
kovuntu	NOUN	-
kovuş	NOUN	-
kovuştur	VERB	-
kovuşturma	NOUN	-
koy	NOUN	-
koy	VERB	-
koyabil	VERB	-
koyabilme	NOUN	-
koyacak	NOUN	VOICING
koyak	NOUN	VOICING
koyar	NOUN	-
koycuk	NOUN	VOICING
koydur	VERB	-
koydurabil	VERB	-
koydurabilme	NOUN	-
koydurma	NOUN	-
koydurt	VERB	-
koydurtma	NOUN	-
koygun	ADJ	-
koyma	NOUN	-
koyu	ADJ	-
koyu	NOUN	-
koyuca	NOUN	-
koyul	VERB	-
koyulabil	VERB	-
koyulabilme	NOUN	-
koyulaş	VERB	-
koyulaştır	VERB	-
koyulaştırabil	VERB	-
koyulaştırabilme	NOUN	-
koyulma	NOUN	-
koyult	VERB	-
koyultma	NOUN	-
koyuluş	NOUN	-
koyun	NOUN	VOWEL_DROP
koyungöbeği	NOUN	-
koyungözü	NOUN	-
koyuntu	NOUN	-
koyunyünü	NOUN	-
koyut	NOUN	-
koyuver	VERB	-
koyuverme	NOUN	-
koyuş	NOUN	-
koyver	VERB	-
koyverme	NOUN	-
koz	NOUN	-
koza	NOUN	-
kozak	NOUN	VOICING
kozalak	NOUN	VOICING
kozalaklılar	NOUN	-
kozalaksı	ADJ	-
kozalağımsı	ADJ	-
kozmetik	NOUN	VOICING
kozmik	ADJ	-
kozmik	NOUN	-
kozmogoni	NOUN	-
kozmogonik	ADJ	-
kozmografya	NOUN	-
kozmoloji	NOUN	-
kozmolojik	ADJ	-
kozmonot	NOUN	-
kozmopolit	ADJ	-
kozmopolit	NOUN	-
kozmos	NOUN	-
koç	NOUN	-
koçak	ADJ	-
koçak	NOUN	-
koçaklama	NOUN	-
koçan	NOUN	-
koçbaşı	NOUN	-
koçboynuzu	NOUN	-
koçkar	NOUN	-
koçlan	VERB	-
koçsa	VERB	-
koçsama	NOUN	-
koçu	NOUN	-
koğuş	NOUN	-
koş	VERB	-
koşa	ADJ	-
koşa	ADV	-
koşabil	VERB	-
koşabilme	NOUN	-
koşaltı	NOUN	-
koşam	NOUN	-
koşamla	VERB	-
koşamlama	NOUN	-
koşaç	NOUN	VOICING
koşin	NOUN	-
koşma	NOUN	-
koşmaca	NOUN	-
koşnil	NOUN	-
koştur	VERB	-
koşturabil	VERB	-
koşturabilme	NOUN	-
koşturma	NOUN	-
koşturmaca	NOUN	-
koşturt	VERB	-
koşturtma	NOUN	-
koşturul	VERB	-
koşturulma	NOUN	-
koşturuş	NOUN	-
koşu	NOUN	-
koşuk	NOUN	VOICING
koşul	NOUN	-
koşul	VERB	-
koşulla	VERB	-
koşullama	NOUN	-
koşullan	VERB	-
koşullandır	VERB	-
koşullandırıl	VERB	-
koşullandırılma	NOUN	-
koşullanış	NOUN	-
koşulma	NOUN	-
koşum	NOUN	-
koşun	NOUN	-
koşuntu	NOUN	-
koşut	ADJ	-
koşutlaştır	VERB	-
koşutçu	ADJ	-
koşuver	VERB	-
koşuverme	NOUN	-
koşuş	VERB	-
koşuşma	NOUN	-
koşuştur	VERB	-
koşuşturma	NOUN	-
kraker	NOUN	-
kral	ADJ	-
kral	NOUN	-
kraliyet	NOUN	-
kraliçe	NOUN	-
krallaş	VERB	-
krallaştır	VERB	-
kramp	NOUN	-
krampon	NOUN	-
kraniyoloji	NOUN	-
kraniyolojik	ADJ	-
krank	NOUN	-
krater	NOUN	-
kravat	NOUN	-
kravatlıca	ADV	-
kravatsızca	NOUN	-
kravl	NOUN	-
kraça	NOUN	-
kreasyon	NOUN	-
kreatif	ADJ	-
kreatör	NOUN	-
kredi	NOUN	-
krediaçan	NOUN	-
kredibilite	NOUN	-
kredile	VERB	-
kredileme	NOUN	-
kredilendir	VERB	-
kreditör	NOUN	-
krem	ADJ	-
krem	NOUN	-
krema	NOUN	-
krematoryum	NOUN	-
kremle	VERB	-
kremleme	NOUN	-
kremsi	ADJ	-
kremsi	NOUN	-
kreozot	NOUN	-
krep	NOUN	-
krepdöşin	NOUN	-
krepe	NOUN	-
kreplin	NOUN	-
krepon	NOUN	-
krepsaten	NOUN	-
kretase	NOUN	-
kreten	NOUN	-
kretenizm	NOUN	-
kreton	NOUN	-
krezol	NOUN	-
kreş	NOUN	-
kreşendo	NOUN	-
kriket	NOUN	-
kriko	NOUN	-
kriminolog	NOUN	-
kriminoloji	NOUN	-
kriminolojik	ADJ	-
kripto	NOUN	-
kriptografi	NOUN	-
kriptolog	NOUN	-
kriptoloji	NOUN	-
kriptolojik	ADJ	-
kripton	NOUN	-
kristal	ADJ	-
kristal	NOUN	-
kristalize	ADJ	-
kristallen	VERB	-
kristallendir	VERB	-
kristallendiril	VERB	-
kristallendirilme	NOUN	-
kristalleş	VERB	-
kristalleşebil	VERB	-
kristalleşebilme	NOUN	-
kristalleştir	VERB	-
kristalleştirebil	VERB	-
kristalleştirebilme	NOUN	-
kristaloit	ADJ	-
kriter	NOUN	-
kritik	ADJ	VOICING
kritik	NOUN	VOICING
kritisizm	NOUN	-
kriyojenik	NOUN	VOICING
kriyoskopi	NOUN	-
kriz	NOUN	-
krizalit	NOUN	-
krizantem	NOUN	-
krizolit	NOUN	-
kroki	NOUN	-
krokodil	ADJ	-
krokodil	NOUN	-
krom	ADJ	-
krom	NOUN	-
kromaj	NOUN	-
kromatik	ADJ	-
kromatik	NOUN	-
kromatin	NOUN	-
kromatit	NOUN	-
kromatofor	NOUN	-
krome	ADJ	-
kromoplast	NOUN	-
kromosfer	NOUN	-
kromotropizm	NOUN	-
kromozom	NOUN	-
kromsu	ADJ	-
kron	NOUN	-
kronaksi	NOUN	-
kronik	ADJ	VOICING
kronik	NOUN	VOICING
kronikleş	VERB	-
kronikçi	NOUN	-
kronograf	NOUN	-
kronoloji	NOUN	-
kronolojik	ADJ	-
kronolojik	NOUN	-
kronometre	NOUN	-
kros	NOUN	-
kroşe	NOUN	-
krupiye	NOUN	-
kruton	NOUN	-
kruvasan	NOUN	-
kruvaze	ADJ	-
kruvaziyer	NOUN	-
kruvazör	NOUN	-
ksenofobi	NOUN	-
ksenon	NOUN	-
ksilofon	NOUN	-
ksiloloji	NOUN	-
ksilolojik	ADJ	-
kuaför	NOUN	-
kuantum	NOUN	-
kuartet	NOUN	-
kubar	VERB	-
kubarma	NOUN	-
kubat	ADJ	-
kubat	NOUN	-
kubaş	VERB	-
kubaşma	NOUN	-
kubbe	NOUN	-
kubur	NOUN	-
kucak	ADJ	VOICING
kucak	NOUN	VOICING
kucakla	VERB	-
kucaklama	NOUN	-
kucaklan	VERB	-
kucaklanış	NOUN	-
kucaklayabil	VERB	-
kucaklayabilme	NOUN	-
kucaklayıver	VERB	-
kucaklayıverme	NOUN	-
kucaklayış	NOUN	-
kucaklaş	VERB	-
kucaklaşabil	VERB	-
kucaklaşabilme	NOUN	-
kucaklaştır	VERB	-
kucakta	ADJ	-
kudas	NOUN	-
kudema	NOUN	-
kudret	NOUN	-
kudretten	ADV	-
kudur	VERB	-
kudurabil	VERB	-
kudurabilme	NOUN	-
kudurgan	ADJ	-
kudurma	NOUN	-
kudurt	VERB	-
kudurtma	NOUN	-
kuduruk	ADJ	-
kuduruk	NOUN	-
kuduruş	NOUN	-
kuduz	ADJ	-
kuduz	NOUN	-
kudüm	NOUN	-
kudümzen	NOUN	-
kuintet	NOUN	-
kuka	ADJ	-
kuka	NOUN	-
kukla	NOUN	-
kuklavari	ADJ	-
kukuleta	NOUN	-
kukumav	NOUN	-
kul	NOUN	-
kula	ADJ	-
kula	NOUN	-
kulak	NOUN	VOICING
kulaktan	ADV	-
kulaktozu	NOUN	-
kulakçı	NOUN	-
kulakçık	NOUN	VOICING
kulampara	NOUN	-
kulaç	NOUN	VOICING
kulaçla	VERB	-
kulaçlama	NOUN	-
kulaçlayış	NOUN	-
kulağakaçan	NOUN	-
kule	NOUN	-
kulis	NOUN	-
kullan	VERB	-
kullanabil	VERB	-
kullanabilme	NOUN	-
kullanat	ADJ	-
kullandır	VERB	-
kullandırabil	VERB	-
kullandırabilme	NOUN	-
kullandırt	VERB	-
kullandırtma	NOUN	-
kullandırım	NOUN	-
kullanıl	VERB	-
kullanılma	NOUN	-
kullanılmış	ADJ	-
kullanım	NOUN	-
kullanıver	VERB	-
kullanıverme	NOUN	-
kullanış	NOUN	-
kullap	NOUN	VOICING
kullaş	VERB	-
kullaştır	VERB	-
kulle	NOUN	-
kullukçu	NOUN	-
kulp	NOUN	-
kulun	NOUN	-
kulunla	VERB	-
kulunlama	NOUN	-
kulunuz	NOUN	-
kulunç	NOUN	VOICING
kuluçka	NOUN	-
kuluçkahane	NOUN	-
kulvar	NOUN	-
kulyuç	NOUN	VOICING
kulübe	NOUN	-
kulüp	NOUN	VOICING
kulüpçü	NOUN	-
kum	NOUN	-
kuma	NOUN	-
kumanda	NOUN	-
kumandan	NOUN	-
kumanya	NOUN	-
kumar	NOUN	-
kumarbaz	ADJ	-
kumarhane	NOUN	-
kumaş	NOUN	-
kumaşçı	NOUN	-
kumbara	NOUN	-
kumbarahane	NOUN	-
kumbaşı	NOUN	-
kumcul	ADJ	-
kumkayası	NOUN	-
kumkazan	NOUN	-
kumkuma	NOUN	-
kumla	NOUN	-
kumla	VERB	-
kumlama	NOUN	-
kumlaştır	VERB	-
kumpanya	NOUN	-
kumpas	NOUN	-
kumpir	NOUN	-
kumral	ADJ	-
kumral	NOUN	-
kumru	NOUN	-
kumrugöğsü	ADJ	-
kumrugöğsü	NOUN	-
kumsal	ADJ	-
kumsal	NOUN	-
kumsu	ADJ	-
kumul	NOUN	-
kumuç	NOUN	VOICING
kunda	NOUN	-
kundak	NOUN	VOICING
kundakla	VERB	-
kundaklama	NOUN	-
kundaklan	VERB	-
kundaklanış	NOUN	-
kundaklat	VERB	-
kundaklatma	NOUN	-
kundaklayış	NOUN	-
kundakçı	NOUN	-
kundura	NOUN	-
kunduru	NOUN	-
kunduz	NOUN	-
kungfu	NOUN	-
kunt	ADJ	-
kup	NOUN	-
kupa	ADJ	-
kupa	NOUN	-
kupes	NOUN	-
kupkuru	ADJ	-
kupkuru	NOUN	-
kuple	NOUN	-
kupon	ADJ	-
kupon	NOUN	-
kupür	NOUN	-
kur	NOUN	-
kur	VERB	-
kura	NOUN	-
kurabil	VERB	-
kurabilme	NOUN	-
kurabiye	NOUN	-
kurada	ADJ	-
kurada	NOUN	-
kurak	ADJ	-
kurak	NOUN	-
kurakçıl	ADJ	-
kural	NOUN	-
kurallaş	VERB	-
kurallaştır	VERB	-
kurallıca	ADV	-
kuralsızca	ADV	-
kuram	NOUN	-
kuramlaştır	VERB	-
kuramsal	ADJ	-
kurander	NOUN	-
kurban	INTERJ	-
kurban	NOUN	-
kurbağa	NOUN	-
kurbağacık	NOUN	VOICING
kurbağalama	NOUN	-
kurbağalar	NOUN	-
kurbağazehri	NOUN	-
kurbağazehrigiller	NOUN	-
kurca	NOUN	-
kurcala	VERB	-
kurcalama	NOUN	-
kurcalan	VERB	-
kurcalanış	NOUN	-
kurcalat	VERB	-
kurcalatma	NOUN	-
kurcalayabil	VERB	-
kurcalayabilme	NOUN	-
kurcalayış	NOUN	-
kurdele	NOUN	-
kurdeşen	NOUN	-
kurdur	VERB	-
kurdurabil	VERB	-
kurdurabilme	NOUN	-
kurdurma	NOUN	-
kurdurt	VERB	-
kurdurtma	NOUN	-
kurgan	NOUN	-
kurgu	NOUN	-
kurgula	VERB	-
kurgulama	NOUN	-
kurgulan	VERB	-
kurgulanış	NOUN	-
kurgulayış	NOUN	-
kurgusal	ADJ	-
kuridite	NOUN	-
kurlağan	NOUN	-
kurma	ADJ	-
kurma	NOUN	-
kurmaca	ADJ	-
kurmaca	NOUN	-
kurmay	ADJ	-
kurmay	NOUN	-
kurna	NOUN	-
kurnaz	ADJ	-
kurnazca	ADJ	-
kurnazca	ADV	-
kurnazcasına	ADV	-
kurnazlaş	VERB	-
kuron	NOUN	-
kurra	NOUN	-
kurs	NOUN	-
kursak	NOUN	VOICING
kursiyer	NOUN	-
kurt	ADJ	VOICING
kurt	NOUN	VOICING
kurtar	VERB	-
kurtarabil	VERB	-
kurtarabilme	NOUN	-
kurtarma	NOUN	-
kurtarıl	VERB	-
kurtarılabil	VERB	-
kurtarılabilme	NOUN	-
kurtarılma	NOUN	-
kurtarılış	NOUN	-
kurtarım	NOUN	-
kurtarıver	VERB	-
kurtarıverme	NOUN	-
kurtarış	NOUN	-
kurtayağı	NOUN	-
kurtağzı	NOUN	-
kurtbacağı	NOUN	-
kurtbağrı	NOUN	-
kurtboğan	NOUN	-
kurtkulağı	NOUN	-
kurtkıyan	NOUN	-
kurtlan	VERB	-
kurtlandır	VERB	-
kurtlanış	NOUN	-
kurtlaş	VERB	-
kurtluca	NOUN	-
kurtpençesi	NOUN	-
kurttırnağı	NOUN	-
kurtul	VERB	-
kurtulabil	VERB	-
kurtulabilme	NOUN	-
kurtulma	NOUN	-
kurtuluver	VERB	-
kurtuluverme	NOUN	-
kurtuluş	NOUN	-
kurtyeniği	NOUN	-
kurtça	ADV	-
kurtçuk	NOUN	VOICING
kurtçul	ADJ	-
kuru	ADJ	-
kuru	NOUN	-
kuru	VERB	-
kurukafa	NOUN	-
kurul	NOUN	-
kurul	VERB	-
kurula	VERB	-
kurulabil	VERB	-
kurulabilme	NOUN	-
kurulama	NOUN	-
kurulan	VERB	-
kurulanış	NOUN	-
kurulayabil	VERB	-
kurulayabilme	NOUN	-
kurulayış	NOUN	-
kurulaş	VERB	-
kurulma	NOUN	-
kurultay	NOUN	-
kuruluş	NOUN	-
kurum	NOUN	-
kuruma	NOUN	-
kurumlan	VERB	-
kurumlanabil	VERB	-
kurumlanabilme	NOUN	-
kurumlanış	NOUN	-
kurumlaş	VERB	-
kurumlaştır	VERB	-
kurumsal	ADJ	-
kurumsal	NOUN	-
kurumsallaş	VERB	-
kurumsallaştır	VERB	-
kurun	NOUN	-
kuruntu	NOUN	-
kurusıkı	NOUN	-
kurut	NOUN	-
kurut	VERB	-
kurutabil	VERB	-
kurutabilme	NOUN	-
kurutaç	NOUN	VOICING
kurutma	NOUN	-
kurutmaç	NOUN	VOICING
kurutul	VERB	-
kurutulabil	VERB	-
kurutulabilme	NOUN	-
kurutulma	NOUN	-
kurutuver	VERB	-
kurutuverme	NOUN	-
kurutuş	NOUN	-
kuruver	VERB	-
kuruverme	NOUN	-
kuruyabil	VERB	-
kuruyabilme	NOUN	-
kuruyasıca	ADJ	-
kuruyasıca	INTERJ	-
kuruyuver	VERB	-
kuruyuverme	NOUN	-
kuruyuş	NOUN	-
kuruş	NOUN	-
kuruşlandır	VERB	-
kurya	NOUN	-
kurye	NOUN	-
kurçatovyum	NOUN	-
kurşun	ADJ	-
kurşun	NOUN	-
kurşungeçirmez	ADJ	-
kurşuni	ADJ	-
kurşuni	NOUN	-
kurşunileş	VERB	-
kurşunla	VERB	-
kurşunlama	NOUN	-
kurşunlan	VERB	-
kurşunlat	VERB	-
kurşunlatma	NOUN	-
kurşunlaş	VERB	-
kurşunsu	ADJ	-
kurşunumsu	ADJ	-
kus	VERB	-
kusabil	VERB	-
kusabilme	NOUN	-
kusayaz	VERB	-
kusayazma	NOUN	-
kuskun	NOUN	-
kuskus	NOUN	-
kusma	NOUN	-
kusmuk	NOUN	VOICING
kustur	VERB	-
kusturabil	VERB	-
kusturabilme	NOUN	-
kusturma	NOUN	-
kusturuş	NOUN	-
kusuntu	NOUN	-
kusur	NOUN	-
kusuver	VERB	-
kusuverme	NOUN	-
kut	NOUN	-
kutan	NOUN	-
kutla	VERB	-
kutlama	NOUN	-
kutlan	VERB	-
kutlanış	NOUN	-
kutlat	VERB	-
kutlatma	NOUN	-
kutlayabil	VERB	-
kutlayabilme	NOUN	-
kutlayış	NOUN	-
kutlula	VERB	-
kutlulama	NOUN	-
kutlulan	VERB	-
kutnu	NOUN	-
kutsa	VERB	-
kutsal	ADJ	-
kutsal	NOUN	-
kutsallaş	VERB	-
kutsallaştır	VERB	-
kutsallaştırış	NOUN	-
kutsama	NOUN	-
kutsan	VERB	-
kutsanma	NOUN	-
kutsi	ADJ	-
kutsileş	VERB	-
kutsileştir	VERB	-
kutsiyet	NOUN	-
kutu	ADJ	-
kutu	NOUN	-
kutucuk	NOUN	VOICING
kutula	VERB	-
kutulama	NOUN	-
kutulan	VERB	-
kutulanış	NOUN	-
kutulayış	NOUN	-
kutup	NOUN	-
kutupbaşı	NOUN	-
kutuplan	VERB	-
kutuplaş	VERB	-
kutuplaştır	VERB	-
kutupsal	ADJ	-
kutur	NOUN	VOWEL_DROP
kuut	NOUN	VOICING
kuvars	NOUN	-
kuvarsit	NOUN	-
kuver	NOUN	-
kuvertür	NOUN	-
kuvve	NOUN	-
kuvvet	NOUN	-
kuvvetle	ADV	-
kuvvetle	NOUN	-
kuvvetlen	VERB	-
kuvvetlendir	VERB	-
kuvvetlendiriş	NOUN	-
kuvvetlenebil	VERB	-
kuvvetlenebilme	NOUN	-
kuvvetleniş	NOUN	-
kuvvetlice	ADJ	-
kuvvetlice	ADV	-
kuvvetsizce	ADV	-
kuvvetölçer	NOUN	-
kuvöz	NOUN	-
kuy	VERB	VOICING
kuyruk	NOUN	VOICING
kuyrukkakan	NOUN	-
kuyruklular	NOUN	-
kuyruksallayan	NOUN	-
kuyruksallayangiller	NOUN	-
kuyruksuzlar	NOUN	-
kuyruksüren	NOUN	-
kuyrukçu	NOUN	-
kuytu	ADJ	-
kuytu	NOUN	-
kuyu	NOUN	-
kuyudat	NOUN	-
kuyum	NOUN	-
kuz	ADJ	-
kuzen	NOUN	-
kuzey	ADJ	-
kuzey	NOUN	-
kuzeybatı	ADJ	-
kuzeybatı	NOUN	-
kuzeydoğu	ADJ	-
kuzeydoğu	NOUN	-
kuzgun	NOUN	-
kuzguncuk	NOUN	VOICING
kuzguni	ADJ	-
kuzin	NOUN	-
kuzine	NOUN	-
kuzu	NOUN	-
kuzucak	NOUN	VOICING
kuzucuk	NOUN	VOICING
kuzugöbeği	NOUN	-
kuzukulağı	NOUN	-
kuzula	VERB	-
kuzulama	NOUN	-
kuzulaş	VERB	-
kuzum!	NOUN	-
kuç	VERB	-
kuçma	NOUN	-
kuçukuçu	NOUN	-
kuçuş	VERB	-
kuçuşma	NOUN	-
kuğu	NOUN	-
kuğurda	VERB	-
kuğurdama	NOUN	-
kuş	NOUN	-
kuşak	NOUN	VOICING
kuşakla	VERB	-
kuşaklama	ADV	-
kuşaklama	NOUN	-
kuşaklan	VERB	-
kuşan	VERB	-
kuşanabil	VERB	-
kuşanabilme	NOUN	-
kuşandır	VERB	-
kuşandırma	NOUN	-
kuşane	NOUN	-
kuşanma	NOUN	-
kuşantı	NOUN	-
kuşanıl	VERB	-
kuşanılma	NOUN	-
kuşanış	NOUN	-
kuşat	VERB	-
kuşatabil	VERB	-
kuşatabilme	NOUN	-
kuşatma	NOUN	-
kuşatıl	VERB	-
kuşatılma	NOUN	-
kuşatış	NOUN	-
kuşbaz	NOUN	-
kuşbaşı	ADJ	-
kuşburnu	NOUN	-
kuşe	NOUN	-
kuşekmeği	NOUN	-
kuşet	NOUN	-
kuşgömü	NOUN	-
kuşgözü	NOUN	-
kuşhane	NOUN	-
kuşkanadı	NOUN	-
kuşkonmaz	NOUN	-
kuşku	NOUN	-
kuşkulan	VERB	-
kuşkulanabil	VERB	-
kuşkulanabilme	NOUN	-
kuşkulandır	VERB	-
kuşkulanış	NOUN	-
kuşlak	NOUN	VOICING
kuşlar	NOUN	-
kuşlokumu	NOUN	-
kuşmar	NOUN	-
kuşpalazı	NOUN	-
kuşyemi	NOUN	-
kuşça	ADJ	-
kuşçu	NOUN	-
kuşçubaşı	NOUN	-
kâbus	NOUN	-
kâffesi	PRON	-
kâfi	ADJ	-
kâfi	INTERJ	-
kâfir	INTERJ	-
kâfir	NOUN	-
kâfiristan	NOUN	-
kâfirleş	VERB	-
kâfur	ADJ	-
kâfur	NOUN	-
kâfuru	NOUN	-
kâgir	ADJ	-
kâh	ADV	-
kâhil	ADJ	-
kâhin	NOUN	-
kâhya	NOUN	-
kâin	ADJ	-
kâinat	NOUN	-
kâinat	PRON	-
kâkül	NOUN	-
kâm	NOUN	-
kâmil	ADJ	-
kâmilen	ADV	-
kânun	NOUN	-
kânunuevvel	NOUN	-
kânunusani	NOUN	-
kâp	NOUN	VOICING
kâr	NOUN	-
kârgir	ADJ	-
kârlıca	ADV	-
kârsızca	ADV	-
kârıkadim	NOUN	-
kâse	NOUN	-
kâsecik	NOUN	VOICING
kâseifağfur	NOUN	-
kâtibe	NOUN	-
kâtibiadil	NOUN	VOWEL_DROP
kâtip	NOUN	VOICING
kâğıdımsı	ADJ	-
kâğıt	ADJ	VOICING
kâğıt	NOUN	VOICING
kâğıtla	VERB	-
kâğıtlama	NOUN	-
kâğıtlan	VERB	-
kâğıtsı	ADJ	-
kâğıtçı	NOUN	-
kâşane	NOUN	-
kâşif	NOUN	-
köfte	NOUN	-
köftehor	INTERJ	-
köfter	NOUN	-
köftün	NOUN	-
köhne	ADJ	-
köhne	NOUN	-
köhne	VERB	-
köhneleş	VERB	-
köhneme	NOUN	-
kök	NOUN	-
kökboyası	NOUN	-
kökboyasıgiller	NOUN	-
köken	NOUN	-
kökenlen	VERB	-
kökensel	ADJ	-
kökert	VERB	-
kökertme	NOUN	-
kökle	VERB	-
kökleme	NOUN	-
köklen	VERB	-
köklendir	VERB	-
köklendiriş	NOUN	-
kökleniş	NOUN	-
kökleş	VERB	-
kökleşik	ADJ	-
kökleştir	VERB	-
kökleştiriş	NOUN	-
köknar	NOUN	-
köksel	ADJ	-
köksü	NOUN	-
kökten	ADJ	-
kökteş	ADJ	-
kökçü	NOUN	-
kökçük	NOUN	VOICING
köle	NOUN	-
köleleş	VERB	-
köleleştir	VERB	-
köleleştiriş	NOUN	-
kölemen	NOUN	-
kölçer	NOUN	-
kömbe	NOUN	-
kömeç	NOUN	VOICING
kömür	ADJ	-
kömür	NOUN	-
kömürkayası	NOUN	-
kömürleş	VERB	-
kömürleştir	VERB	-
kömürleştiril	VERB	-
kömürleştirilme	NOUN	-
kömürleştiriş	NOUN	-
kömürsü	ADJ	-
kömürümsü	ADJ	-
kömüş	NOUN	-
köpek	NOUN	VOICING
köpekayası	NOUN	-
köpekgiller	NOUN	-
köpekkuyruğu	NOUN	-
köpekle	VERB	-
köpekleme	NOUN	-
köpeklen	VERB	-
köpekleniş	NOUN	-
köpekleş	VERB	-
köpekleşiş	NOUN	-
köpekmemesi	NOUN	-
köpekoğluköpek	INTERJ	VOICING
köpekoğluköpek	NOUN	VOICING
köpoğluköpek	INTERJ	VOICING
köpoğluköpek	NOUN	VOICING
köprü	NOUN	-
köprübaşı	NOUN	-
köprücük	NOUN	VOICING
köprüle	VERB	-
köprüleme	NOUN	-
köprülen	VERB	-
köprüleniş	NOUN	-
köpük	NOUN	VOICING
köpüklen	VERB	-
köpükleniş	NOUN	-
köpüle	VERB	-
köpüleme	NOUN	-
köpür	VERB	-
köpürebil	VERB	-
köpürebilme	NOUN	-
köpürgen	ADJ	-
köpürme	NOUN	-
köpürt	VERB	-
köpürtme	NOUN	-
köpürtüş	NOUN	-
köpürüş	NOUN	-
kör	ADJ	-
kör	NOUN	-
körağaç	NOUN	VOICING
körcesine	ADV	-
kördüğüm	NOUN	-
köre	NOUN	-
körebe	NOUN	-
körel	VERB	-
köreliş	NOUN	-
körelme	NOUN	-
körelt	VERB	-
köreltebil	VERB	-
köreltebilme	NOUN	-
köreltme	NOUN	-
köreşe	NOUN	-
körfez	ADJ	-
körfez	NOUN	-
körfezcik	NOUN	VOICING
körkütük	ADJ	-
körle	VERB	-
körleme	ADV	-
körlemeden	ADV	-
körlemeden	NOUN	-
körlemesine	ADV	-
körlemesine	NOUN	-
körlen	VERB	-
körleniş	NOUN	-
körlet	VERB	-
körletebil	VERB	-
körletebilme	NOUN	-
körletiş	NOUN	-
körletme	NOUN	-
körleş	VERB	-
körleştir	VERB	-
körleştiriş	NOUN	-
körpe	ADJ	-
körpe	NOUN	-
körpecik	ADJ	VOICING
körpecik	NOUN	VOICING
körük	NOUN	VOICING
körükle	VERB	-
körükleme	NOUN	-
körüklen	VERB	-
körükleyebil	VERB	-
körükleyebilme	NOUN	-
körükçü	NOUN	-
kös	NOUN	-
köse	ADJ	-
kösele	ADJ	-
kösele	NOUN	-
kösem	NOUN	-
kösemen	NOUN	-
köseği	NOUN	-
köskötürüm	ADJ	-
kösnü	NOUN	-
kösnük	ADJ	-
kösnül	ADJ	-
kösnül	VERB	-
kösnülme	NOUN	-
köstebek	NOUN	VOICING
köstebekgiller	NOUN	-
köstek	NOUN	VOICING
köstekle	VERB	-
köstekleme	NOUN	-
kösteklen	VERB	-
köstekleniş	NOUN	-
köstekleyiş	NOUN	-
köstere	NOUN	-
kösçü	NOUN	-
kötek	NOUN	VOICING
kötü	ADJ	-
kötü	ADV	-
kötü	NOUN	-
kötücül	ADJ	-
kötücül	NOUN	-
kötüle	VERB	-
kötüleme	NOUN	-
kötülen	VERB	-
kötüleniş	NOUN	-
kötüleyebil	VERB	-
kötüleyebilme	NOUN	-
kötüleyiş	NOUN	-
kötüleş	VERB	-
kötüleştir	VERB	-
kötüleştiriş	NOUN	-
kötülükçü	ADJ	-
kötümse	VERB	-
kötümseme	NOUN	-
kötümser	ADJ	-
kötümserleş	VERB	-
kötümserleştir	VERB	-
kötürüm	ADJ	-
kötürüm	NOUN	-
kötürümleş	VERB	-
köy	NOUN	-
köyaltı	NOUN	-
köydeş	NOUN	-
köygöçüren	NOUN	-
köyleş	VERB	-
köyleştir	VERB	-
köz	NOUN	-
közle	VERB	-
közleme	NOUN	-
közleş	VERB	-
köçek	NOUN	VOICING
köçekçe	NOUN	-
köşe	NOUN	-
köşebaşı	NOUN	-
köşebent	NOUN	VOICING
köşegen	NOUN	-
köşek	NOUN	VOICING
köşekle	VERB	-
köşekleme	NOUN	-
köşele	VERB	-
köşeleme	ADV	-
köşeleme	NOUN	-
köşk	NOUN	-
köşker	NOUN	-
kûfi	NOUN	-
kûhi	ADJ	-
kübik	ADJ	-
kübik	NOUN	-
kübist	ADJ	-
kübizm	NOUN	-
küf	NOUN	-
küfe	ADJ	-
küfe	NOUN	-
küfeki	NOUN	-
küffar	NOUN	-
küflen	VERB	-
küflendir	VERB	-
küflüce	NOUN	-
küfran	NOUN	-
küfrediş	NOUN	-
küfret	VERB	-
küfretme	NOUN	-
küfrettir	VERB	-
küfrettirme	NOUN	-
küfür	NOUN	VOWEL_DROP
küfürbaz	ADJ	-
küfürleş	VERB	-
küheylan	NOUN	-
kükre	ADJ	-
kükre	VERB	-
kükreme	NOUN	-
kükret	VERB	-
kükretme	NOUN	-
kükreyiş	NOUN	-
kükürdümsü	ADJ	-
kükürt	NOUN	VOICING
kükürtatar	NOUN	-
kükürtdioksit	NOUN	VOICING
kükürtle	VERB	-
kükürtleme	NOUN	-
kükürtlen	VERB	-
kükürtsü	ADJ	-
kükürtçiçeği	NOUN	-
kül	NOUN	VOWEL_DROP
külah	ADJ	-
külah	NOUN	-
külahsı	ADJ	-
külahçı	NOUN	-
külahımsı	ADJ	-
külbastı	NOUN	-
küldöken	NOUN	-
külek	NOUN	VOICING
külfet	NOUN	-
külfetsizce	ADV	-
külhan	NOUN	-
külhanbeyce	ADJ	-
külhanbeyi	NOUN	-
külhani	INTERJ	-
külhani	NOUN	-
külkedisi	ADJ	-
külkedisi	NOUN	-
külle	VERB	-
külleme	NOUN	-
küllen	VERB	-
küllendir	VERB	-
külleniş	NOUN	-
külliyat	NOUN	-
külliye	NOUN	-
külliyen	ADV	-
külliyet	NOUN	-
külot	NOUN	-
kült	ADJ	-
kült	NOUN	-
külte	NOUN	-
kültivatör	NOUN	-
kültür	NOUN	-
kültürel	ADJ	-
kültürfizik	NOUN	VOICING
kültürlen	VERB	-
kültürsüzleş	VERB	-
kültürsüzleştir	VERB	-
külyutmaz	ADJ	-
külçe	ADJ	-
külçe	NOUN	-
külçeleş	VERB	-
külünk	NOUN	VOICING
külüstür	ADJ	-
kümbet	NOUN	-
kümbetlen	VERB	-
kümbetsi	ADJ	-
küme	NOUN	-
kümele	VERB	-
kümeleme	NOUN	-
kümelen	VERB	-
kümeleniş	NOUN	-
kümeleş	VERB	-
kümeleşim	NOUN	-
kümes	NOUN	-
kümülasyon	NOUN	-
kümülatif	ADJ	-
kümültü	NOUN	-
kümülüs	NOUN	-
künde	NOUN	-
kündekâr	NOUN	-
kündekâri	ADJ	-
kündekâri	NOUN	-
kündele	VERB	-
kündeleme	NOUN	-
künefe	NOUN	-
künh	NOUN	-
künk	NOUN	VOICING
künye	NOUN	-
küp	NOUN	-
küpe	NOUN	-
küpeşte	NOUN	-
küpkök	NOUN	-
küpleme	NOUN	-
küpleği	NOUN	-
kür	ADJ	-
kür	NOUN	-
kürar	NOUN	-
küraso	NOUN	-
küratör	NOUN	-
kürdan	NOUN	-
kürdi	NOUN	-
kürdilihicazkâr	NOUN	-
küre	NOUN	-
küre	VERB	-
kürek	NOUN	VOICING
kürekçi	NOUN	-
kürele	VERB	-
küreleme	NOUN	-
kürelen	VERB	-
küreme	NOUN	-
küremsi	ADJ	-
küremsi	NOUN	-
küresel	ADJ	-
küresel	NOUN	-
küreselleş	VERB	-
küreselleşebil	VERB	-
küreselleşebilme	NOUN	-
küreselleştir	VERB	-
küretaj	NOUN	-
kürevi	ADJ	-
kürit	NOUN	-
küriyum	NOUN	-
kürk	ADJ	-
kürk	NOUN	-
kürkas	NOUN	-
kürkçü	NOUN	-
kürne	VERB	-
kürneme	NOUN	-
kürsör	NOUN	-
kürsü	NOUN	-
kürtaj	NOUN	-
kürtün	NOUN	-
kürü	VERB	-
kürüme	NOUN	-
küs	ADJ	-
küs	VERB	-
küsebil	VERB	-
küsebilme	NOUN	-
küseğen	ADJ	-
küseğen	NOUN	-
küskü	NOUN	-
küskün	ADJ	-
küskün	NOUN	-
küskünleş	VERB	-
küsküt	NOUN	-
küskütük	ADJ	-
küskütük	ADV	-
küsme	NOUN	-
küspe	NOUN	-
küstah	ADJ	-
küstahlaş	VERB	-
küstahça	ADV	-
küstere	NOUN	-
küstür	VERB	-
küstürme	NOUN	-
küsuf	NOUN	-
küsur	NOUN	-
küsurat	NOUN	-
küsü	NOUN	-
küsüş	VERB	-
küsüşme	NOUN	-
küt	ADJ	-
küt	NOUN	-
kütikül	NOUN	-
kütin	NOUN	-
kütle	NOUN	-
kütle	VERB	-
kütleme	NOUN	-
kütlesel	ADJ	-
kütlet	VERB	-
kütletme	NOUN	-
kütleş	VERB	-
kütleştir	VERB	-
küttedek	ADV	-
kütör	NOUN	-
kütük	NOUN	VOICING
kütükleş	VERB	-
kütüphane	NOUN	-
kütürde	VERB	-
kütürdeme	NOUN	-
kütürdet	VERB	-
kütürdetme	NOUN	-
kütürtü	NOUN	-
küvet	NOUN	-
küçücük	ADJ	-
küçük	ADJ	VOICING
küçük	NOUN	VOICING
küçükbaş	NOUN	-
küçükleş	VERB	-
küçükse	VERB	-
küçükseme	NOUN	-
küçükçe	ADJ	-
küçül	VERB	-
küçülebil	VERB	-
küçülebilme	NOUN	-
küçülme	NOUN	-
küçült	VERB	-
küçültebil	VERB	-
küçültebilme	NOUN	-
küçültme	NOUN	-
küçülttür	VERB	-
küçülttürme	NOUN	-
küçültü	NOUN	-
küçültül	VERB	-
küçülüş	NOUN	-
küçümen	ADJ	-
küçümencik	ADJ	VOICING
küçümse	VERB	-
küçümseme	NOUN	-
küçümsen	VERB	-
küçümsenme	NOUN	-
küçümseyiş	NOUN	-
küçürek	ADJ	-
küşade	ADJ	-
küşat	NOUN	VOICING
küşayiş	NOUN	-
küşne	NOUN	-
küşüm	NOUN	-
küşümlen	VERB	-
kıble	NOUN	-
kıblenüma	NOUN	-
kıdem	NOUN	-
kıdemce	ADV	-
kıkırda	VERB	-
kıkırdak	NOUN	VOICING
kıkırdama	NOUN	-
kıkırdat	VERB	-
kıkırdatma	NOUN	-
kıkırdayış	NOUN	-
kıkırtı	NOUN	-
kıl	ADJ	-
kıl	NOUN	-
kıl	VERB	-
kılabil	VERB	-
kılabilme	NOUN	-
kılade	NOUN	-
kılaptan	ADJ	-
kılaptan	NOUN	-
kılavuz	NOUN	-
kılavuzla	VERB	-
kılavuzlama	NOUN	-
kılağı	NOUN	-
kılağıla	VERB	-
kılağılama	NOUN	-
kılbaz	NOUN	-
kılcal	ADJ	-
kılcan	NOUN	-
kıldır	VERB	-
kıldırabil	VERB	-
kıldırabilme	NOUN	-
kıldırma	NOUN	-
kıldırt	VERB	-
kıldırtma	NOUN	-
kıldırış	NOUN	-
kılgı	NOUN	-
kılgın	ADJ	-
kılgısal	ADJ	-
kılkapan	NOUN	-
kılkuyruk	NOUN	VOICING
kılkıran	NOUN	-
kıllan	VERB	-
kıllıca	ADJ	-
kıllıca	ADV	-
kılma	NOUN	-
kılçık	NOUN	VOICING
kılükal	NOUN	-
kılıbık	ADJ	VOICING
kılıbıklaş	VERB	-
kılıcına	ADV	-
kılıf	NOUN	-
kılıfla	VERB	-
kılıflama	NOUN	-
kılıfçı	NOUN	-
kılıksızca	ADV	-
kılıksızlaş	VERB	-
kılın	VERB	-
kılınabil	VERB	-
kılınabilme	NOUN	-
kılınma	NOUN	-
kılınış	NOUN	-
kılır	NOUN	-
kılıver	VERB	-
kılıverme	NOUN	-
kılıç	NOUN	VOICING
kılıçhane	NOUN	-
kılıçkalkan	NOUN	-
kılıçkuyruk	NOUN	VOICING
kılıçla	VERB	-
kılıçlama	ADV	-
kılıçlama	NOUN	-
kılıçlayış	NOUN	-
kılıçlaş	VERB	-
kılıççı	NOUN	-
kılış	NOUN	-
kımkım	ADJ	-
kımkım	NOUN	-
kımlan	VERB	-
kımıl	NOUN	-
kımılda	VERB	-
kımıldama	NOUN	-
kımıldan	VERB	-
kımıldanma	NOUN	-
kımıldanış	NOUN	-
kımıldat	VERB	-
kımıldatabil	VERB	-
kımıldatabilme	NOUN	-
kımıldatma	NOUN	-
kımıldayabil	VERB	-
kımıldayabilme	NOUN	-
kımıldayış	NOUN	-
kımıltı	NOUN	-
kımıltısızca	ADV	-
kımız	NOUN	-
kın	NOUN	-
kına	NOUN	-
kına	VERB	-
kınacık	NOUN	VOICING
kınakına	NOUN	-
kınala	VERB	-
kınalama	NOUN	-
kınalan	VERB	-
kınama	NOUN	-
kınan	VERB	-
kınanma	NOUN	-
kınayabil	VERB	-
kınayabilme	NOUN	-
kınayış	NOUN	-
kındıra	NOUN	-
kındıraç	NOUN	VOICING
kınla	VERB	-
kınlama	NOUN	-
kınnap	NOUN	VOICING
kıp	VERB	-
kıpkıp	ADJ	-
kıpkırmızı	ADJ	-
kıpkırmızı	NOUN	-
kıpkısa	ADJ	-
kıpkızıl	ADJ	-
kıpkızıl	NOUN	-
kıpma	NOUN	-
kıpra	VERB	-
kıprama	NOUN	-
kıprayış	NOUN	-
kıpık	ADJ	-
kıpırda	VERB	-
kıpırdak	ADJ	-
kıpırdama	NOUN	-
kıpırdan	VERB	-
kıpırdanma	NOUN	-
kıpırdanış	NOUN	-
kıpırdat	VERB	-
kıpırdatabil	VERB	-
kıpırdatabilme	NOUN	-
kıpırdatma	NOUN	-
kıpırdayabil	VERB	-
kıpırdayabilme	NOUN	-
kıpırdayış	NOUN	-
kıpırdaş	VERB	-
kıpırdaşma	NOUN	-
kıpırtı	NOUN	-
kıpırtısızca	ADV	-
kıpıştır	VERB	-
kıpıştırma	NOUN	-
kıpışık	ADJ	-
kır	ADJ	-
kır	NOUN	-
kır	VERB	-
kıraat	NOUN	-
kıraathane	NOUN	-
kırabil	VERB	-
kırabilme	NOUN	-
kıracak	NOUN	VOICING
kıran	ADJ	-
kıran	NOUN	-
kıranta	ADJ	-
kıranta	NOUN	-
kırat	NOUN	-
kıray	ADJ	-
kıray	NOUN	-
kıraç	ADJ	-
kıraçlaş	VERB	-
kırağı	NOUN	-
kırba	NOUN	-
kırbacık	NOUN	VOICING
kırbaç	NOUN	VOICING
kırbaçla	VERB	-
kırbaçlama	NOUN	-
kırbaçlan	VERB	-
kırbaçlat	VERB	-
kırbaçlatma	NOUN	-
kırbaçvari	ADJ	-
kırca	ADJ	-
kırcın	NOUN	-
kırdır	VERB	-
kırdırabil	VERB	-
kırdırabilme	NOUN	-
kırdırma	NOUN	-
kırdırt	VERB	-
kırdırtma	NOUN	-
kırgın	ADJ	-
kırgın	ADV	-
kırgın	NOUN	-
kırk	ADJ	-
kırk	NOUN	-
kırk	VERB	-
kırkabil	VERB	-
kırkabilme	NOUN	-
kırkambar	NOUN	-
kırkar	ADJ	-
kırkar	NOUN	-
kırkayak	NOUN	VOICING
kırkbayır	NOUN	-
kırkbudak	NOUN	VOICING
kırkgeçit	NOUN	VOICING
kırkikindi	NOUN	-
kırkla	VERB	-
kırklama	NOUN	-
kırklan	VERB	-
kırklar	NOUN	-
kırkma	NOUN	-
kırkmerak	ADJ	-
kırkmerdiven	NOUN	-
kırktır	VERB	-
kırktırma	NOUN	-
kırkyama	NOUN	-
kırkyıl	ADV	-
kırkı	NOUN	-
kırkıl	VERB	-
kırkılma	NOUN	-
kırkım	NOUN	-
kırkıntı	NOUN	-
kırlangıç	NOUN	VOICING
kırlangıçgiller	NOUN	-
kırlangıçkuyruğu	NOUN	-
kırlaş	VERB	-
kırlent	NOUN	-
kırma	ADJ	-
kırma	NOUN	-
kırmız	NOUN	-
kırmızı	ADJ	-
kırmızı	NOUN	-
kırmızıbiber	NOUN	-
kırmızıfener	NOUN	-
kırmızılahana	NOUN	-
kırmızılaş	VERB	-
kırmızılaştır	VERB	-
kırmızımsı	ADJ	-
kırmızımtırak	ADJ	-
kırmızıturp	NOUN	-
kırmızıçizgi	NOUN	-
kırnak	ADJ	VOICING
kırnak	NOUN	VOICING
kırnav	NOUN	-
kırp	VERB	-
kırpabil	VERB	-
kırpabilme	NOUN	-
kırpma	NOUN	-
kırptır	VERB	-
kırptırma	NOUN	-
kırpık	ADJ	-
kırpık	NOUN	-
kırpıl	VERB	-
kırpılma	NOUN	-
kırpım	NOUN	-
kırpıntı	NOUN	-
kırpış	NOUN	-
kırpış	VERB	-
kırpışma	NOUN	-
kırpıştır	VERB	-
kırpıştırma	NOUN	-
kırsal	ADJ	-
kırsal	NOUN	-
kırtasiye	NOUN	-
kırtlama	ADV	-
kırtık	ADJ	-
kırtıpil	ADJ	-
kırtıpilleş	VERB	-
kırç	NOUN	VOICING
kırçıl	ADJ	-
kırçıl	NOUN	-
kırçıllan	VERB	-
kırçıllaş	VERB	-
kırıcılaş	VERB	-
kırık	ADJ	VOICING
kırık	NOUN	VOICING
kırıkla	VERB	-
kırıklama	NOUN	-
kırıkçı	NOUN	-
kırıl	VERB	-
kırılgan	ADJ	-
kırılgan	NOUN	-
kırılma	NOUN	-
kırılım	NOUN	-
kırılıver	VERB	-
kırılıverme	NOUN	-
kırılış	NOUN	-
kırım	NOUN	-
kırın	VERB	-
kırınma	NOUN	-
kırıntı	NOUN	-
kırınım	NOUN	-
kırıt	VERB	-
kırıtkan	ADJ	-
kırıtma	NOUN	-
kırıtım	NOUN	-
kırıtış	NOUN	-
kırıver	VERB	-
kırıverme	NOUN	-
kırış	VERB	-
kırışma	NOUN	-
kırışmaca	NOUN	-
kırıştır	VERB	-
kırıştırma	NOUN	-
kırışık	ADJ	VOICING
kırışık	NOUN	VOICING
kıs	VERB	-
kısa	ADJ	-
kısa	ADV	-
kısa	NOUN	-
kısabil	VERB	-
kısabilme	NOUN	-
kısaca	ADJ	-
kısaca	ADV	-
kısacası	ADV	-
kısacık	ADJ	-
kısacık	ADV	-
kısadan	ADV	-
kısal	VERB	-
kısalma	NOUN	-
kısalt	VERB	-
kısaltabil	VERB	-
kısaltabilme	NOUN	-
kısaltma	NOUN	-
kısalttır	VERB	-
kısalttırma	NOUN	-
kısaltıl	VERB	-
kısaltılma	NOUN	-
kısaltım	NOUN	-
kısaltış	NOUN	-
kısalış	NOUN	-
kısarak	ADJ	-
kısas	NOUN	-
kısasen	ADV	-
kısayol	NOUN	-
kısaç	NOUN	VOICING
kısaçla	VERB	-
kısaçlama	NOUN	-
kıska	NOUN	-
kıskan	VERB	-
kıskanabil	VERB	-
kıskanabilme	NOUN	-
kıskandır	VERB	-
kıskandırabil	VERB	-
kıskandırabilme	NOUN	-
kıskandırma	NOUN	-
kıskanma	NOUN	-
kıskanç	ADJ	VOICING
kıskanıl	VERB	-
kıskanılma	NOUN	-
kıskanış	NOUN	-
kıskaç	NOUN	VOICING
kıskaçla	VERB	-
kıskaçlama	NOUN	-
kıskaçvari	ADJ	-
kıskı	NOUN	-
kıskıvrak	ADV	-
kısma	NOUN	-
kısmaç	NOUN	VOICING
kısmen	ADV	-
kısmen	NOUN	-
kısmet	INTERJ	-
kısmet	NOUN	-
kısmi	ADJ	-
kısmık	ADJ	-
kısrak	NOUN	VOICING
kıssa	NOUN	-
kıst	NOUN	-
kıstak	NOUN	VOICING
kıstas	NOUN	-
kıstır	VERB	-
kıstırabil	VERB	-
kıstırabilme	NOUN	-
kıstırma	NOUN	-
kıstırıl	VERB	-
kıstırılma	NOUN	-
kıstırılış	NOUN	-
kıstırış	NOUN	-
kısık	ADJ	VOICING
kısık	NOUN	VOICING
kısıkça	ADJ	-
kısıl	VERB	-
kısılma	NOUN	-
kısılış	NOUN	-
kısım	NOUN	-
kısımla	VERB	-
kısımlama	NOUN	-
kısın	VERB	-
kısınma	NOUN	-
kısıntı	NOUN	-
kısır	ADJ	-
kısır	NOUN	-
kısırgan	ADJ	-
kısırgan	VERB	-
kısırganma	NOUN	-
kısırlaş	VERB	-
kısırlaştır	VERB	-
kısıt	NOUN	-
kısıtla	VERB	-
kısıtlama	NOUN	-
kısıtlan	VERB	-
kısıtlanış	NOUN	-
kısıtlayabil	VERB	-
kısıtlayabilme	NOUN	-
kısıtlayış	NOUN	-
kısıver	VERB	-
kısıverme	NOUN	-
kısış	NOUN	-
kıt	ADJ	-
kıt	NOUN	-
kıta	NOUN	-
kıtaat	NOUN	-
kıtal	NOUN	-
kıtasal	ADJ	-
kıtavi	ADJ	-
kıtipiyoz	ADJ	-
kıtla	VERB	-
kıtlama	ADV	-
kıtlama	NOUN	-
kıtlaş	VERB	-
kıtık	NOUN	VOICING
kıtıkla	VERB	-
kıtıklama	NOUN	-
kıtır	NOUN	-
kıtırda	VERB	-
kıtırdak	ADJ	-
kıtırdama	NOUN	-
kıtırdat	VERB	-
kıtırdatma	NOUN	-
kıtırtı	NOUN	-
kıvam	NOUN	-
kıvamlan	VERB	-
kıvamlaştır	VERB	-
kıvamlıca	ADV	-
kıvan	VERB	-
kıvandır	VERB	-
kıvandırma	NOUN	-
kıvanma	NOUN	-
kıvanç	NOUN	VOICING
kıvançlan	VERB	-
kıvanış	NOUN	-
kıvra	VERB	-
kıvracık	ADJ	-
kıvracık	NOUN	-
kıvrak	ADJ	VOICING
kıvrak	NOUN	VOICING
kıvraklaş	VERB	-
kıvrakça	ADV	-
kıvrama	NOUN	-
kıvran	VERB	-
kıvrandır	VERB	-
kıvrandırma	NOUN	-
kıvranma	NOUN	-
kıvrantı	NOUN	-
kıvranış	NOUN	-
kıvrat	VERB	-
kıvratma	NOUN	-
kıvrık	ADJ	-
kıvrıl	VERB	-
kıvrılabil	VERB	-
kıvrılabilme	NOUN	-
kıvrılma	NOUN	-
kıvrılıver	VERB	-
kıvrılıverme	NOUN	-
kıvrılış	NOUN	-
kıvrım	NOUN	-
kıvrımlan	VERB	-
kıvrıntı	NOUN	-
kıvılcım	NOUN	-
kıvılcımlan	VERB	-
kıvır	VERB	-
kıvırabil	VERB	-
kıvırabilme	NOUN	-
kıvırcık	ADJ	VOICING
kıvırcık	NOUN	VOICING
kıvırcıklaş	VERB	-
kıvırcıklaştır	VERB	-
kıvırma	NOUN	-
kıvırt	VERB	-
kıvırtma	NOUN	-
kıvırış	NOUN	-
kıy	VERB	-
kıya	NOUN	-
kıyabil	VERB	-
kıyabilme	NOUN	-
kıyafet	NOUN	-
kıyafetname	NOUN	-
kıyak	ADJ	VOICING
kıyak	NOUN	VOICING
kıyaklaş	VERB	-
kıyakçı	NOUN	-
kıyam	NOUN	-
kıyamet	NOUN	-
kıyas	NOUN	-
kıyasen	ADV	-
kıyasen	NOUN	-
kıyasi	ADJ	-
kıyasi	NOUN	-
kıyasla	VERB	-
kıyaslama	NOUN	-
kıyaslan	VERB	-
kıyaslayış	NOUN	-
kıyasımukassem	NOUN	-
kıyasıya	ADJ	-
kıyasıya	ADV	-
kıydır	VERB	-
kıydırma	NOUN	-
kıygı	NOUN	-
kıygın	ADJ	-
kıyma	NOUN	-
kıymet	NOUN	-
kıymetiharbiye	NOUN	-
kıymetlen	VERB	-
kıymetlendir	VERB	-
kıymetlendiril	VERB	-
kıymetlendirilme	NOUN	-
kıymettar	ADJ	-
kıymık	NOUN	VOICING
kıytırık	ADJ	-
kıyye	NOUN	-
kıyı	NOUN	-
kıyıdaş	NOUN	-
kıyık	ADJ	VOICING
kıyık	NOUN	VOICING
kıyıl	VERB	-
kıyıla	VERB	-
kıyılama	NOUN	-
kıyılma	NOUN	-
kıyım	NOUN	-
kıyın	NOUN	-
kıyın	VERB	-
kıyınma	NOUN	-
kıyıntı	NOUN	-
kıyış	NOUN	-
kıyış	VERB	-
kıyışma	NOUN	-
kız	INTERJ	-
kız	NOUN	-
kız	VERB	-
kızabil	VERB	-
kızabilme	NOUN	-
kızak	NOUN	VOICING
kızakla	VERB	-
kızaklama	NOUN	-
kızamık	NOUN	VOICING
kızamıkçık	NOUN	VOICING
kızan	NOUN	-
kızar	VERB	-
kızarma	NOUN	-
kızart	VERB	-
kızartabil	VERB	-
kızartabilme	NOUN	-
kızartma	ADJ	-
kızartma	NOUN	-
kızartı	NOUN	-
kızartıl	VERB	-
kızartılma	NOUN	-
kızartılış	NOUN	-
kızartış	NOUN	-
kızarı	NOUN	-
kızarık	ADJ	-
kızarış	NOUN	-
kızcağız	NOUN	-
kızcık	NOUN	VOICING
kızdır	VERB	-
kızdırabil	VERB	-
kızdırabilme	NOUN	-
kızdırma	NOUN	-
kızdırıl	VERB	-
kızdırılabil	VERB	-
kızdırılabilme	NOUN	-
kızdırılma	NOUN	-
kızevi	NOUN	-
kızgın	ADJ	-
kızgın	NOUN	-
kızgınlaş	VERB	-
kızkalbi	NOUN	-
kızkaçıran	NOUN	-
kızkovalayan	NOUN	-
kızma	NOUN	-
kızmabirader	NOUN	-
kızmaca	NOUN	-
kızmemesi	NOUN	-
kızoğlan	ADJ	-
kızoğlankız	ADJ	-
kızıl	ADJ	-
kızıl	NOUN	-
kızıl	VERB	-
kızılaltı	NOUN	-
kızılağaç	NOUN	VOICING
kızılboya	NOUN	-
kızılca	ADJ	-
kızılca	NOUN	-
kızılcadişi	NOUN	-
kızılcık	NOUN	VOICING
kızılcıkgiller	NOUN	-
kızılgeyik	NOUN	VOICING
kızılkanat	NOUN	VOICING
kızılkantaron	NOUN	-
kızılkantarongiller	NOUN	-
kızılkurt	NOUN	VOICING
kızılkuyruk	NOUN	VOICING
kızılkök	NOUN	-
kızıllaş	VERB	-
kızılma	NOUN	-
kızılsöğüt	NOUN	VOICING
kızılsı	ADJ	-
kızıltuygun	NOUN	-
kızıltı	ADJ	-
kızıltı	NOUN	-
kızılyaprak	NOUN	VOICING
kızılyara	NOUN	-
kızılyörük	NOUN	VOICING
kızılçam	NOUN	-
kızılötesi	NOUN	-
kızılımsı	ADJ	-
kızılımtırak	ADJ	-
kızılış	NOUN	-
kızılşap	ADJ	-
kızılşap	NOUN	-
kızış	NOUN	-
kızış	VERB	-
kızışma	NOUN	-
kızıştır	VERB	-
kızıştırma	NOUN	-
kızıştırış	NOUN	-
kızışık	ADJ	-
kıç	ADJ	-
kıç	NOUN	-
kıçtankara	NOUN	-
kıçüstü	ADV	-
kığ	NOUN	-
kığı	NOUN	-
kığıla	VERB	-
kığılama	NOUN	-
kış	NOUN	-
kışkırt	VERB	-
kışkırtabil	VERB	-
kışkırtabilme	NOUN	-
kışkırtma	NOUN	-
kışkırtı	NOUN	-
kışkırtıl	VERB	-
kışkırtılma	NOUN	-
kışkırtış	NOUN	-
kışkışla	VERB	-
kışkışlama	NOUN	-
kışla	NOUN	-
kışla	VERB	-
kışlak	NOUN	VOICING
kışlama	NOUN	-
kışlat	VERB	-
kışlatma	NOUN	-
kışri	ADJ	-
kışri	NOUN	-
kışın	ADV	-
kışır	NOUN	VOWEL_DROP
la	NOUN	-
laakal	ADV	-
labada	NOUN	-
labirent	NOUN	-
laborant	NOUN	-
laboratuvar	NOUN	-
labrador	NOUN	-
labros	NOUN	-
lacerem	ADV	-
laciverdimsi	ADJ	-
laciverdî	ADJ	-
lacivert	ADJ	VOICING
lacivert	NOUN	VOICING
laciverttaş	NOUN	-
laden	NOUN	-
ladengiller	NOUN	-
lades	NOUN	-
ladeslen	VERB	-
ladin	NOUN	-
ladino	NOUN	-
ladinî	ADJ	-
laedri	ADJ	-
laedri	NOUN	-
laedriye	NOUN	-
laf	INTERJ	-
laf	NOUN	-
lafazan	ADJ	-
lafla	VERB	-
laflama	NOUN	-
laforizma	NOUN	-
lafzen	ADV	-
lafzi	ADJ	-
lafçı	ADJ	-
lafçı	NOUN	-
lafügüzaf	NOUN	-
lafız	NOUN	-
lagar	ADJ	-
lagos	NOUN	-
lagün	NOUN	-
lahana	NOUN	-
lahanamsı	ADJ	-
lahavle	INTERJ	-
lahika	NOUN	-
lahit	NOUN	-
lahmacun	NOUN	-
lahos	NOUN	-
lahuraki	ADJ	-
lahuri	ADJ	-
lahut	ADJ	-
lahut	NOUN	-
lahuti	ADJ	-
lahza	NOUN	-
lahzada	ADV	-
laik	ADJ	-
laikleş	VERB	-
laikleştir	VERB	-
laikleştiril	VERB	-
laikleştirilme	NOUN	-
lain	ADJ	-
laisizm	NOUN	-
lak	NOUN	-
laka	NOUN	-
lakap	NOUN	VOICING
lakaydi	NOUN	-
lakayt	ADV	-
lakayıt	ADJ	-
lakayıt	ADV	-
lake	ADJ	-
lakerda	NOUN	-
lakin	CONJ	-
lakin	NOUN	-
lakla	VERB	-
laklak	NOUN	VOICING
laklaka	NOUN	-
laklakiyat	NOUN	-
laklama	NOUN	-
lakonik	ADJ	-
lakoz	NOUN	-
lakrimal	ADJ	-
laktaz	NOUN	-
laktoz	NOUN	-
lakçı	NOUN	-
lakırtı	NOUN	-
lal	ADJ	-
lal	NOUN	-
lala	INTERJ	-
lala	NOUN	-
lalanga	NOUN	-
lale	NOUN	-
lalettayin	ADJ	-
lalettayin	NOUN	-
lalezar	NOUN	-
lalüebkem	ADJ	-
lam	NOUN	-
lama	NOUN	-
lamaist	ADJ	-
lamaizm	NOUN	-
lamba	NOUN	-
lambada	NOUN	-
lambader	NOUN	-
lambala	VERB	-
lambalama	NOUN	-
lambri	NOUN	-
lame	ADJ	-
lame	NOUN	-
lamekân	ADJ	-
lamekân	NOUN	-
lamel	NOUN	-
lamelif	ADJ	-
lamelif	NOUN	-
laminant	NOUN	-
laminarya	NOUN	-
lamise	NOUN	-
lan	INTERJ	-
lanarkit	NOUN	-
lando	NOUN	-
lanet	ADJ	-
lanet	INTERJ	-
lanet	NOUN	-
lanetle	VERB	-
lanetleme	ADJ	-
lanetleme	NOUN	-
lanetlen	VERB	-
lanetleniş	NOUN	-
langur	NOUN	-
langust	NOUN	-
langırt	NOUN	-
lanolin	NOUN	-
lanse	ADJ	-
lansman	NOUN	-
lantan	NOUN	-
lantanit	NOUN	-
lap	NOUN	-
lapa	NOUN	-
laparoskopi	NOUN	-
laparoskopik	ADJ	-
lapina	NOUN	-
lapinagiller	NOUN	-
lappadak	ADV	-
lappadak	NOUN	-
lappadanak	ADV	-
laptop	NOUN	-
lapçın	NOUN	-
larenjit	NOUN	-
larghetto	ADV	-
larghetto	NOUN	-
largo	ADV	-
largo	NOUN	-
larp	ADV	-
larp	NOUN	-
larpadak	ADV	-
larva	NOUN	-
larvacıl	ADJ	-
laski	ADJ	-
laskine	NOUN	-
laso	NOUN	-
lasta	NOUN	-
lasteks	ADJ	-
lasteks	NOUN	-
lastik	ADJ	VOICING
lastik	NOUN	VOICING
lastikotin	ADJ	-
lastikotin	NOUN	-
lastikçi	NOUN	-
lata	NOUN	-
latanya	NOUN	-
lateks	NOUN	-
laterit	NOUN	-
laterna	NOUN	-
latif	ADJ	-
latife	NOUN	-
latifundia	NOUN	-
latifçe	ADJ	-
latilokum	NOUN	-
laubalice	ADJ	-
laubalice	ADV	-
laubalileş	VERB	-
laubaliyane	ADV	-
lav	NOUN	-
lava	INTERJ	-
lavabo	NOUN	-
lavaj	NOUN	-
lavanta	NOUN	-
lavantin	NOUN	-
lavaş	NOUN	-
lavdanom	NOUN	-
lavman	NOUN	-
lavrovit	NOUN	-
lavsonit	NOUN	-
lavta	NOUN	-
lavuk	ADJ	VOICING
lavuk	NOUN	VOICING
layemut	ADJ	-
layenkati	ADJ	-
layiha	NOUN	-
laytmotif	NOUN	-
layuhti	ADJ	-
layık	ADJ	VOICING
layık	NOUN	VOICING
layıkıyla	ADV	-
laza	NOUN	-
lazanya	NOUN	-
lazer	NOUN	-
lazut	NOUN	-
lazım	ADJ	-
lazım	NOUN	-
lazıme	NOUN	-
laçka	ADJ	-
laçka	NOUN	-
laçkalaş	VERB	-
laçın	NOUN	-
lağvedil	VERB	-
lağvedilme	NOUN	-
lağvet	VERB	-
lağvetme	NOUN	-
lağvol	VERB	-
lağvolma	NOUN	-
lağvolun	VERB	-
lağvolunma	NOUN	-
lağım	NOUN	-
lağıv	NOUN	-
laşe	NOUN	-
le	NOUN	-
leasing	NOUN	-
leb	NOUN	-
lebalep	ADV	-
lebalep	NOUN	-
lebbeyk	INTERJ	-
lebdeğmez	NOUN	-
lebiderya	NOUN	-
leblebi	NOUN	-
ledün	NOUN	VOWEL_DROP
lef	NOUN	-
leffet	VERB	-
leffetme	NOUN	-
leffüneşir	NOUN	VOWEL_DROP
legal	ADJ	-
legalleş	VERB	-
legalleştir	VERB	-
legato	ADV	-
legorn	NOUN	-
leh	NOUN	-
lehim	NOUN	-
lehimle	VERB	-
lehimleme	NOUN	-
lehimlen	VERB	-
lehimlet	VERB	-
lehimletme	NOUN	-
lehtar	NOUN	-
lehçe	NOUN	-
lejander	ADJ	-
lejant	NOUN	VOICING
lejitimist	ADJ	-
lejyon	NOUN	-
lejyoner	NOUN	-
leke	NOUN	-
lekele	VERB	-
lekeleme	NOUN	-
lekelen	VERB	-
lekelet	VERB	-
lekeletme	NOUN	-
leksikograf	NOUN	-
leksikografi	NOUN	-
leksikolog	NOUN	-
leksikoloji	NOUN	-
leksikolojik	ADJ	-
lektör	NOUN	-
lemis	NOUN	-
lemur	NOUN	-
lenduha	ADJ	-
lenf	NOUN	-
lenfa	NOUN	-
lenfanjit	NOUN	-
lenfatik	ADJ	-
lenfatik	NOUN	-
lenfatizm	NOUN	-
lenfoma	NOUN	-
lenfosit	NOUN	-
lenger	ADJ	-
lenger	NOUN	-
lengüist	NOUN	-
lengüistik	NOUN	VOICING
lens	NOUN	-
lento	ADV	-
lento	NOUN	-
leopar	NOUN	-
lep	NOUN	VOICING
lepiska	ADJ	-
lepiska	NOUN	-
lepra	NOUN	-
lerzan	ADJ	-
lerze	NOUN	-
lesepase	NOUN	-
letafet	NOUN	-
letarji	NOUN	-
letarjik	ADJ	-
leva	NOUN	-
levanten	ADJ	-
levanten	NOUN	-
levantenleş	VERB	-
levanti	NOUN	-
levazım	NOUN	-
levazımat	NOUN	-
levazımatçı	NOUN	-
levendane	ADJ	-
levendane	ADV	-
levent	ADJ	VOICING
levent	NOUN	VOICING
levha	NOUN	-
levhimahfuz	NOUN	-
levrek	NOUN	VOICING
levrekgiller	NOUN	-
levye	NOUN	-
levüloz	NOUN	-
ley	NOUN	-
leydi	NOUN	-
leylak	NOUN	VOICING
leylaki	ADJ	-
leylaki	NOUN	-
leylek	NOUN	VOICING
leylekgagası	NOUN	-
leylekgiller	NOUN	-
leylekler	NOUN	-
leyleksiler	NOUN	-
lezar	NOUN	-
lezbiyen	NOUN	-
lezbiyenizm	NOUN	-
leziz	ADJ	-
leziz	NOUN	-
lezyon	NOUN	-
lezzet	NOUN	-
lezzetlen	VERB	-
lezzetlendir	VERB	-
leçe	NOUN	-
leçek	NOUN	VOICING
leğen	NOUN	-
leğençe	NOUN	-
leş	ADJ	-
leş	NOUN	-
leşker	NOUN	-
leşçil	ADJ	-
libas	NOUN	-
liberal	ADJ	-
liberal	NOUN	-
liberalist	ADJ	-
liberalizm	NOUN	-
liberalleş	VERB	-
liberalleştir	VERB	-
liberasyon	NOUN	-
libero	NOUN	-
libido	NOUN	-
liboş	NOUN	-
libre	NOUN	-
libretto	NOUN	-
lider	NOUN	-
liet	NOUN	VOICING
lif	NOUN	-
lifle	VERB	-
lifleme	NOUN	-
liflen	VERB	-
lifleş	VERB	-
lift	NOUN	-
lifting	NOUN	-
lifçik	NOUN	VOICING
lig	NOUN	-
liga	NOUN	-
liger	NOUN	-
light	ADJ	-
lignin	NOUN	-
lika	NOUN	-
liken	NOUN	-
likidasyon	NOUN	-
likide	ADJ	-
likidite	NOUN	-
likit	ADJ	VOICING
likit	NOUN	VOICING
likorinoz	NOUN	-
likör	NOUN	-
lim	NOUN	-
limaki	NOUN	-
liman	NOUN	-
limanla	VERB	-
limanlama	NOUN	-
limbo	NOUN	-
lime	NOUN	-
limit	NOUN	-
limitet	ADJ	-
limnoloji	NOUN	-
limnolojik	ADJ	-
limon	NOUN	-
limonata	NOUN	-
limoni	ADJ	-
limoni	NOUN	-
limonit	NOUN	-
limonküfü	ADJ	-
limonküfü	NOUN	-
limonla	VERB	-
limonlama	NOUN	-
limonlan	VERB	-
limonsu	ADJ	-
limonumsu	ADJ	-
limuzin	NOUN	-
lineer	ADJ	-
linet	NOUN	-
linin	NOUN	-
link	NOUN	-
linolyum	NOUN	-
linotip	ADJ	-
linyit	NOUN	-
linç	NOUN	VOICING
lipari	NOUN	-
liparit	NOUN	-
lipit	NOUN	VOICING
lipom	NOUN	-
lipostructure	NOUN	-
liposuction	NOUN	-
lipozom	NOUN	-
lipsos	NOUN	-
lir	NOUN	-
lira	NOUN	-
liret	NOUN	-
lirik	ADJ	VOICING
lirik	NOUN	VOICING
lirizm	NOUN	-
lisan	NOUN	-
lisani	ADJ	-
lisaniyat	NOUN	-
lisans	NOUN	-
lisansiyer	NOUN	-
lisanıhâl	NOUN	-
lisanımünasip	NOUN	VOICING
lise	NOUN	-
liste	NOUN	-
listele	VERB	-
listeleme	NOUN	-
listelen	VERB	-
listeleniş	NOUN	-
listelet	VERB	-
listeletme	NOUN	-
listeleyebil	VERB	-
listeleyebilme	NOUN	-
literatür	NOUN	-
litografya	ADJ	-
litografya	NOUN	-
litoloji	NOUN	-
litolojik	ADJ	-
litosfer	NOUN	-
litre	ADJ	-
litre	NOUN	-
litrelerce	ADV	-
liturya	NOUN	-
lityum	NOUN	-
liva	NOUN	-
livar	NOUN	-
livata	NOUN	-
liyakat	NOUN	-
liyakatsizce	ADV	-
liyan	NOUN	-
lizol	NOUN	-
lizöz	NOUN	-
loader	NOUN	-
lobelya	NOUN	-
lobi	NOUN	-
lobut	NOUN	-
loca	NOUN	-
loda	NOUN	-
lodos	NOUN	-
lodosla	VERB	-
lodoslama	NOUN	-
logaritma	NOUN	-
logaritmik	ADJ	-
logo	NOUN	-
logos	NOUN	-
lohusa	NOUN	-
lojik	ADJ	VOICING
lojik	NOUN	VOICING
lojistik	ADJ	VOICING
lojistik	NOUN	VOICING
lojman	NOUN	-
lok	NOUN	-
lokal	ADJ	-
lokal	NOUN	-
lokalizasyon	NOUN	-
lokalize	NOUN	-
lokanta	NOUN	-
lokasyon	NOUN	-
lokatif	NOUN	-
lokavt	NOUN	-
lokma	NOUN	-
lokmacık	NOUN	VOICING
lokomobil	NOUN	-
lokomotif	NOUN	-
lokum	NOUN	-
lolo	NOUN	-
lololo	NOUN	-
lombar	NOUN	-
lomboz	NOUN	-
lonca	NOUN	-
longa	NOUN	-
longoz	NOUN	-
lop	ADJ	-
lop	NOUN	VOICING
loppadak	ADV	-
loppadak	NOUN	-
lopur	NOUN	-
lopçuk	NOUN	VOICING
lor	NOUN	-
lorentiyum	NOUN	-
lort	NOUN	VOICING
lorta	NOUN	-
lostra	NOUN	-
lostromo	NOUN	-
losyon	NOUN	-
lot	NOUN	-
lota	NOUN	-
lotarya	NOUN	-
lotus	NOUN	-
loça	NOUN	-
loğ	NOUN	-
loğla	VERB	-
loğlama	NOUN	-
loş	ADJ	-
loş	NOUN	-
loşlaş	VERB	-
loşlaştır	VERB	-
loşça	ADJ	-
lumbago	NOUN	-
lunapark	NOUN	-
lup	NOUN	-
lustrin	ADJ	-
luti	NOUN	-
lutiye	NOUN	-
lutr	ADJ	-
lutr	NOUN	-
lâm	NOUN	-
lök	NOUN	-
lökle	VERB	-
lökleme	NOUN	-
lökoplast	NOUN	-
lökosit	NOUN	-
lökoz	NOUN	-
löp	ADJ	-
löpür	NOUN	-
lös	NOUN	-
lösemi	NOUN	-
lösemit	NOUN	-
lüfer	NOUN	-
lüfergiller	NOUN	-
lügat	NOUN	-
lügatçe	NOUN	-
lügatçi	NOUN	-
lügol	NOUN	-
lük	NOUN	-
lüknet	NOUN	-
lüks	ADJ	-
lüks	NOUN	-
lüksmetre	NOUN	-
lüle	NOUN	-
lümen	NOUN	-
lümensaat	NOUN	-
lümpen	ADJ	-
lümpen	NOUN	-
lünet	NOUN	-
lüp	NOUN	-
lüplet	VERB	-
lüpletme	NOUN	-
lüpten	ADV	-
lüpçü	NOUN	-
lütesyum	NOUN	-
lütfen	ADV	-
lütfen	NOUN	-
lütfet	VERB	-
lütfetme	NOUN	-
lütfeyle	VERB	-
lütfeyleme	NOUN	-
lütuf	NOUN	-
lütufkâr	ADJ	-
lütufkârane	ADV	-
lüver	NOUN	-
lüzucet	NOUN	-
lüzum	NOUN	-
lüzumsuzca	ADV	-
lıkır	NOUN	-
lıkırda	VERB	-
lıkırdama	NOUN	-
lığ	NOUN	-
lığla	VERB	-
lığlama	NOUN	-
lığlan	VERB	-
maada	POSTP	-
maaile	ADV	-
maalesef	ADV	-
maalmemnuniye	ADV	-
maarif	NOUN	-
maarifçi	NOUN	-
maatteessüf	ADV	-
maazallah	INTERJ	-
maaş	NOUN	-
mabat	NOUN	VOICING
mabet	NOUN	VOICING
mabeyin	NOUN	VOWEL_DROP
mablak	NOUN	VOICING
mabude	NOUN	-
mabut	NOUN	VOICING
macera	NOUN	-
maceraperest	ADJ	-
macerasever	ADJ	-
macun	NOUN	-
macunla	VERB	-
macunlama	NOUN	-
macunlan	VERB	-
macunlat	VERB	-
macunlatma	NOUN	-
macunlaş	VERB	-
madalya	NOUN	-
madalyon	NOUN	-
madam	NOUN	-
madama	NOUN	-
madara	ADJ	-
madaralaş	VERB	-
madde	NOUN	-
maddele	VERB	-
maddeleme	NOUN	-
maddeleş	VERB	-
maddeleştir	VERB	-
maddesel	ADJ	-
maddesel	NOUN	-
maddeten	ADV	-
maddi	ADJ	-
maddi	NOUN	-
maddileş	VERB	-
maddileştir	VERB	-
maddiyat	NOUN	-
maddiyatçı	NOUN	-
maddiyet	NOUN	-
madem	CONJ	-
mademki	CONJ	-
maden	ADJ	-
maden	NOUN	-
madenimsi	ADJ	-
madenkırmız	NOUN	-
madensel	ADJ	-
madenselleş	VERB	-
madensi	ADJ	-
madensi	NOUN	-
madenî	ADJ	-
madenî	NOUN	-
mader	NOUN	-
maderzat	ADJ	-
maderşahi	ADJ	-
madik	NOUN	VOICING
madikle	VERB	-
madikleme	NOUN	-
madikçi	NOUN	-
madrabaz	NOUN	-
madreporlar	NOUN	-
madrup	ADJ	VOICING
madrup	NOUN	VOICING
madun	NOUN	-
madı	VERB	VOICING
maestoso	ADV	-
maestoso	NOUN	-
maestro	NOUN	-
mafevk	NOUN	-
mafiş	NOUN	-
mafsal	NOUN	-
mafya	NOUN	-
mafyalaş	VERB	-
maganda	NOUN	-
magazin	NOUN	-
magazinel	ADJ	-
magazinleş	VERB	-
magazinleştir	VERB	-
magazinsel	ADJ	-
magma	NOUN	-
magmasal	ADJ	-
magmatik	ADJ	-
magnezit	NOUN	-
magnezyum	NOUN	-
magri	NOUN	-
mah	NOUN	-
mahal	NOUN	-
mahalle	NOUN	-
mahallece	ADV	-
mahallece	NOUN	-
mahallevari	ADJ	-
mahallî	ADJ	-
mahallîleş	VERB	-
maharet	NOUN	-
maharetsizce	ADV	-
mahbes	NOUN	-
mahbube	NOUN	-
mahbup	NOUN	VOICING
mahcubane	ADV	-
mahcubiyet	NOUN	-
mahcup	ADJ	VOICING
mahcup	ADV	VOICING
mahcupça	ADV	-
mahcur	ADJ	-
mahcuz	ADJ	-
mahdum	NOUN	-
mahdut	ADJ	-
mahdut	NOUN	-
mahfaza	NOUN	-
mahfe	NOUN	-
mahfi	ADJ	-
mahfil	NOUN	-
mahfuz	ADJ	-
mahfuzen	ADV	-
mahir	ADJ	-
mahir	NOUN	-
mahirane	ADJ	-
mahiye	ADV	-
mahiye	NOUN	-
mahiyet	NOUN	-
mahkeme	NOUN	-
mahkemeleş	VERB	-
mahkûk	ADJ	-
mahkûkât	NOUN	-
mahkûm	ADJ	-
mahkûm	NOUN	-
mahkûmane	ADV	-
mahkûmiyet	NOUN	-
mahlas	NOUN	-
mahlep	NOUN	VOICING
mahlukat	NOUN	-
mahlul	ADJ	VOWEL_DROP
mahlul	NOUN	VOWEL_DROP
mahlut	ADJ	-
mahlut	NOUN	-
mahmude	NOUN	-
mahmudiye	NOUN	-
mahmul	ADJ	VOWEL_DROP
mahmul	NOUN	VOWEL_DROP
mahmur	ADJ	-
mahmur	NOUN	-
mahmurlaş	VERB	-
mahmuz	NOUN	-
mahmuzla	VERB	-
mahmuzlama	NOUN	-
mahmuzlan	VERB	-
mahpus	ADJ	-
mahpus	NOUN	-
mahpushane	NOUN	-
mahra	NOUN	-
mahrama	NOUN	-
mahrek	NOUN	VOICING
mahrem	ADJ	-
mahrem	NOUN	-
mahremiyet	NOUN	-
mahreç	NOUN	VOICING
mahrukat	NOUN	-
mahrum	ADJ	-
mahrumiyet	NOUN	-
mahrut	NOUN	-
mahruti	ADJ	-
mahsuben	ADV	-
mahsul	NOUN	VOWEL_DROP
mahsulat	NOUN	-
mahsuldar	ADJ	-
mahsup	ADJ	-
mahsur	ADJ	-
mahsus	ADJ	-
mahsus	ADV	-
mahsus	NOUN	-
mahsusen	ADV	-
mahsustan	ADV	-
mahunya	NOUN	-
mahur	NOUN	-
mahut	ADJ	-
mahvedebil	VERB	-
mahvedebilme	NOUN	-
mahvediş	NOUN	-
mahvet	VERB	-
mahvetme	NOUN	-
mahviyet	NOUN	-
mahvol	VERB	-
mahvolma	NOUN	-
mahvoluş	NOUN	-
mahya	NOUN	-
mahzar	NOUN	-
mahzen	NOUN	-
mahzun	ADJ	-
mahzunane	ADV	-
mahzunca	ADV	-
mahzunlaş	VERB	-
mahzur	NOUN	-
mahzuz	ADJ	-
mahıv	NOUN	-
mahşer	NOUN	-
mahşerleş	VERB	-
mahşerî	ADJ	-
mai	NOUN	-
mail	ADJ	-
mail	NOUN	-
maile	NOUN	-
main	NOUN	-
maiyet	NOUN	-
maişet	NOUN	-
majeste	NOUN	-
majesteleri	NOUN	-
majör	ADJ	-
majör	NOUN	-
majüskül	NOUN	-
makabil	NOUN	VOWEL_DROP
makadam	NOUN	-
makadamla	VERB	-
makadamlama	NOUN	-
makak	NOUN	VOICING
makale	NOUN	-
makam	NOUN	-
makamında	ADV	-
makara	NOUN	-
makarena	NOUN	-
makarna	NOUN	-
makas	NOUN	-
makaskâr	NOUN	-
makasla	VERB	-
makaslama	ADV	-
makaslama	NOUN	-
makaslan	VERB	-
makastar	NOUN	-
makasçı	NOUN	-
makat	NOUN	VOICING
makber	NOUN	-
makbul	ADJ	-
makbul	NOUN	-
makbuz	NOUN	-
maket	NOUN	-
maketçi	NOUN	-
makferlan	NOUN	-
maki	NOUN	-
makigiller	NOUN	-
makina	NOUN	-
makine	NOUN	-
makineleş	VERB	-
makineleştir	VERB	-
makinist	NOUN	-
maklube	NOUN	-
makosen	NOUN	-
makrama	NOUN	-
makro	ADJ	-
makro	NOUN	-
makroekonomi	NOUN	-
makroekonomik	ADJ	-
makrome	NOUN	-
makromolekül	NOUN	-
makrosefal	ADJ	-
maksat	NOUN	VOICING
maksatlıca	ADV	-
maksatsızca	ADV	-
maksi	ADJ	-
maksi	NOUN	-
maksimal	ADJ	-
maksimal	NOUN	-
maksimum	ADJ	-
maksimum	NOUN	-
maksure	NOUN	-
maksut	ADJ	VOICING
makta	NOUN	-
maktel	NOUN	-
maktu	ADJ	-
maktu	NOUN	-
maktul	ADJ	-
makul	ADJ	-
makul	NOUN	-
makule	NOUN	-
makyaj	NOUN	-
makyajla	VERB	-
makyajlama	NOUN	-
makyajsızca	ADV	-
makyör	NOUN	-
makyöz	NOUN	-
makûs	ADJ	-
makûs	NOUN	-
mal	NOUN	-
mala	NOUN	-
malafa	NOUN	-
malaga	NOUN	-
malak	NOUN	VOICING
malakit	NOUN	-
malakla	VERB	-
malaklama	NOUN	-
malakâr	NOUN	-
malakâri	NOUN	-
malala	VERB	-
malalama	NOUN	-
malama	NOUN	-
malarya	NOUN	-
malayani	ADJ	-
malaz	NOUN	-
malca	ADV	-
malen	ADV	-
malgama	NOUN	-
malihülya	NOUN	-
malikiyet	NOUN	-
malikâne	NOUN	-
maliye	NOUN	-
maliyet	NOUN	-
malkadın	NOUN	-
malkoç	NOUN	-
malkıran	NOUN	-
mallan	VERB	-
malt	NOUN	-
maltlan	VERB	-
maltoz	NOUN	-
maltız	NOUN	-
malul	ADJ	-
malul	NOUN	-
malulen	ADV	-
malulen	NOUN	-
maluliyet	NOUN	-
malum	ADJ	-
malum	ADV	-
malum	NOUN	-
malumat	NOUN	-
malumatfuruş	ADJ	-
malumattar	ADJ	-
malya	NOUN	-
malzeme	NOUN	-
malç	NOUN	VOICING
mama	NOUN	-
mamafih	ADV	-
mamaliga	NOUN	-
mambo	NOUN	-
mamelek	NOUN	VOICING
mamografi	NOUN	-
mamul	ADJ	-
mamulat	NOUN	-
mamur	ADJ	-
mamure	NOUN	-
mamut	NOUN	-
mana	NOUN	-
manaca	ADV	-
manalandır	VERB	-
manalandırabil	VERB	-
manalandırabilme	NOUN	-
manalıca	ADV	-
manas	NOUN	-
manastır	NOUN	-
manasızca	ADV	-
manasızcasına	ADV	-
manat	NOUN	-
manav	NOUN	-
manca	NOUN	-
mancana	NOUN	-
mancınık	NOUN	VOICING
mancınıkçı	NOUN	-
manda	NOUN	-
mandagözü	NOUN	-
mandal	NOUN	-
mandalina	NOUN	-
mandalla	VERB	-
mandallama	NOUN	-
mandallan	VERB	-
mandapost	NOUN	-
mandar	NOUN	-
mandarin	NOUN	-
mandater	NOUN	-
mandepsi	NOUN	-
mandolin	NOUN	-
mandıra	NOUN	-
manej	NOUN	-
manen	ADV	-
manevi	ADJ	-
manevileş	VERB	-
maneviyat	NOUN	-
manevra	NOUN	-
manga	NOUN	-
mangal	NOUN	-
mangan	NOUN	-
manganez	NOUN	-
manganin	NOUN	-
mangiz	NOUN	-
mango	NOUN	-
mangır	NOUN	-
mani	NOUN	-
manidar	ADJ	-
manifatura	NOUN	-
manifesto	NOUN	-
manika	NOUN	-
manikür	NOUN	-
maniple	NOUN	-
manipülasyon	NOUN	-
manipülatif	ADJ	-
manipülatif	NOUN	-
manipülatör	ADJ	-
manipülatör	NOUN	-
manipüle	NOUN	-
manita	NOUN	-
manivela	NOUN	-
manişka	NOUN	-
mankafa	ADJ	-
mankafa	NOUN	-
manken	NOUN	-
mankurt	ADJ	-
mankurtlaş	VERB	-
mano	NOUN	-
manolya	NOUN	-
manolyagiller	NOUN	-
manometre	NOUN	-
mansiyon	NOUN	-
mansıp	NOUN	VOICING
mantalite	NOUN	-
mantar	NOUN	-
mantardoğuran	ADJ	-
mantarhane	NOUN	-
mantarla	VERB	-
mantarlama	NOUN	-
mantarlar	NOUN	-
mantarlaş	VERB	-
mantarsı	ADJ	-
mantarımsı	ADJ	-
manti	NOUN	-
mantin	NOUN	-
mantinota	NOUN	-
mantis	NOUN	-
manto	NOUN	-
mantolama	NOUN	-
mantı	NOUN	-
mantık	NOUN	VOICING
mantıken	ADV	-
mantıki	ADJ	-
mantıklıca	ADV	-
mantıksal	ADJ	-
mantıksızca	ADV	-
mantıksızcasına	ADV	-
mantıkça	ADV	-
mantıkçı	NOUN	-
manuel	ADJ	-
manuel	NOUN	-
manyak	ADJ	VOICING
manyak	INTERJ	VOICING
manyak	NOUN	VOICING
manyaklaş	VERB	-
manyaklaştır	VERB	-
manyakça	ADJ	-
manyakça	ADV	-
manyaluka	NOUN	-
manyat	NOUN	-
manyetik	ADJ	VOICING
manyetik	NOUN	VOICING
manyetit	NOUN	-
manyetize	ADJ	-
manyetizma	NOUN	-
manyeto	NOUN	-
manyetometre	NOUN	-
manyezi	NOUN	-
manyezit	NOUN	-
manyok	NOUN	-
manzara	NOUN	-
manzum	ADJ	-
manzum	NOUN	-
manzume	NOUN	-
manşet	NOUN	-
manşon	NOUN	-
mapa	NOUN	-
mapus	NOUN	-
mapushane	NOUN	-
maraba	NOUN	-
marabut	NOUN	-
maral	NOUN	-
marangoz	NOUN	-
marangozhane	NOUN	-
maranta	NOUN	-
maraton	NOUN	-
maraz	ADJ	-
maraz	NOUN	-
maraza	NOUN	-
marazi	ADJ	-
marazi	NOUN	-
marazlan	VERB	-
marda	NOUN	-
mareşal	NOUN	-
margarin	NOUN	-
margarit	NOUN	-
marifet	NOUN	-
marifetiyle	ADV	-
marifetsizce	ADV	-
marihuana	NOUN	-
marina	NOUN	-
marinat	NOUN	VOICING
marine	ADJ	-
mariz	ADJ	-
marizle	VERB	-
marizleme	NOUN	-
marj	NOUN	-
marjinal	ADJ	-
marjinal	NOUN	-
marjinalleş	VERB	-
mark	NOUN	-
marka	NOUN	-
markaj	NOUN	-
markala	VERB	-
markalama	NOUN	-
markalan	VERB	-
markalaş	VERB	-
marke	ADJ	-
market	NOUN	-
marketing	NOUN	-
marketçi	NOUN	-
marki	NOUN	-
markiz	NOUN	-
markizet	NOUN	-
markka	NOUN	-
markör	NOUN	-
marley	NOUN	-
marmelat	NOUN	VOICING
marn	NOUN	-
marnla	VERB	-
marnlama	NOUN	-
maroken	ADJ	-
maroken	NOUN	-
maron	ADJ	-
maron	NOUN	-
marpuç	NOUN	VOICING
marpuççu	NOUN	-
mars	NOUN	-
marsık	ADJ	VOICING
marsık	NOUN	VOICING
marsıvan	NOUN	-
mart	NOUN	-
martaval	NOUN	-
martavalca	ADJ	-
martavalca	ADV	-
martin	NOUN	-
martini	NOUN	-
martolos	NOUN	-
martı	NOUN	-
martıgiller	NOUN	-
maruf	ADJ	-
maruf	NOUN	-
marufiyet	NOUN	-
marul	NOUN	-
marulcuk	NOUN	VOICING
marulumsu	ADJ	-
maruz	ADJ	-
maruz	NOUN	-
maruzat	NOUN	-
marya	NOUN	-
marş	INTERJ	-
marş	NOUN	-
marşandiz	NOUN	-
mas	NOUN	-
masa	NOUN	-
masabaşı	ADJ	-
masabaşında	ADV	-
masacık	NOUN	VOICING
masaj	NOUN	-
masajla	VERB	-
masajlama	NOUN	-
masal	NOUN	-
masallaştır	VERB	-
masalsı	ADJ	-
masalımsı	ADJ	-
masara	NOUN	-
masarif	NOUN	-
masarika	NOUN	-
masat	NOUN	VOICING
masatla	VERB	-
masatlama	NOUN	-
masaüstü	NOUN	-
masif	ADJ	-
masiko	NOUN	-
mask	NOUN	-
maskanyin	NOUN	-
maskara	ADJ	-
maskara	NOUN	-
maskaraca	ADV	-
maskaralan	VERB	-
maskaralaş	VERB	-
maskarata	NOUN	-
maske	NOUN	-
maskele	VERB	-
maskeleme	NOUN	-
maskelen	VERB	-
maskot	NOUN	-
maskulen	ADJ	-
maskülenleş	VERB	-
maslahat	NOUN	-
maslahatgüzar	NOUN	-
maslak	NOUN	VOICING
maslup	ADJ	-
masmavi	ADJ	-
masnu	ADJ	-
masnu	NOUN	-
masnuat	NOUN	-
mason	NOUN	-
masraf	NOUN	-
masruf	ADJ	-
masset	VERB	-
massetme	NOUN	-
mastar	NOUN	-
mastara	NOUN	-
master	NOUN	-
mastika	NOUN	-
mastor	ADJ	-
mastori	NOUN	-
mastur	ADJ	-
masturi	NOUN	-
mastürbasyon	NOUN	-
mastı	NOUN	-
masum	ADJ	-
masum	NOUN	-
masumane	ADV	-
masumca	ADV	-
masumcasına	ADV	-
masumcuk	NOUN	VOICING
masume	ADJ	-
masume	NOUN	-
masumiyet	NOUN	-
masun	ADJ	-
masun	NOUN	-
masuniyet	NOUN	-
masura	NOUN	-
masör	NOUN	-
masöz	NOUN	-
mat	ADJ	-
mat	NOUN	-
matador	NOUN	-
matafora	NOUN	-
matafyon	NOUN	-
matah	NOUN	-
matara	NOUN	-
matbaa	NOUN	-
matbu	ADJ	-
matbua	NOUN	-
matbuat	NOUN	-
matem	NOUN	-
matematik	ADJ	VOICING
matematik	NOUN	VOICING
matematiksel	ADJ	-
matematiksel	NOUN	-
matematikçi	NOUN	-
matematisyen	NOUN	-
materyal	NOUN	-
materyalist	ADJ	-
materyalizm	NOUN	-
matine	NOUN	-
matiz	ADJ	-
matiz	NOUN	-
matkap	NOUN	VOICING
matla	NOUN	-
matlaş	VERB	-
matlaştır	VERB	-
matlup	NOUN	VOICING
matmazel	NOUN	-
matrah	NOUN	-
matrak	ADJ	VOICING
matrak	NOUN	VOICING
matrakçı	NOUN	-
matriarkal	ADJ	-
matriks	NOUN	-
matris	NOUN	-
matrut	ADJ	-
matruş	ADJ	-
matruşka	NOUN	-
matuf	ADJ	-
matuf	NOUN	-
matuh	ADJ	-
maun	ADJ	-
maun	NOUN	-
maval	NOUN	-
mavera	NOUN	-
maverai	ADJ	-
maveraileş	VERB	-
mavi	ADJ	-
mavi	NOUN	-
mavibalina	NOUN	-
mavikantaron	NOUN	-
maviküf	NOUN	-
mavileş	VERB	-
mavileştir	VERB	-
mavimsi	ADJ	-
mavimtırak	ADJ	-
mavisinek	NOUN	-
maviş	ADJ	-
mavna	NOUN	-
mavra	NOUN	-
mavruka	NOUN	-
mavzer	NOUN	-
maya	NOUN	-
mayabozan	NOUN	-
mayala	VERB	-
mayalama	NOUN	-
mayalan	VERB	-
mayalandır	VERB	-
mayalanış	NOUN	-
mayalaş	VERB	-
mayasıl	NOUN	-
maydanoz	NOUN	-
maydanozgiller	NOUN	-
mayhoş	ADJ	-
mayhoş	NOUN	-
mayi	NOUN	-
mayistra	NOUN	-
maymun	ADJ	-
maymun	NOUN	-
maymuncuk	NOUN	VOICING
maymunlar	NOUN	-
maymunlaş	VERB	-
maymunlaştır	VERB	-
maymunsu	ADJ	-
maymunumsu	ADJ	-
mayna	INTERJ	-
mayna	NOUN	-
mayo	NOUN	-
mayokin	NOUN	-
mayonez	NOUN	-
mayt	NOUN	-
maytap	NOUN	VOICING
mayın	NOUN	-
mayınla	VERB	-
mayınlama	NOUN	-
mayınlan	VERB	-
mayınlat	VERB	-
mayınlatma	NOUN	-
mayıs	NOUN	-
mayış	VERB	-
mayışma	NOUN	-
mayışık	ADJ	-
mayşor	NOUN	-
mazak	NOUN	VOICING
mazarrat	NOUN	-
mazbata	NOUN	-
mazbut	ADJ	-
mazbut	NOUN	-
mazeret	NOUN	-
mazgal	NOUN	-
mazhar	ADJ	-
mazhar	NOUN	-
mazhariyet	NOUN	-
mazi	NOUN	-
maziperest	ADJ	-
mazlum	ADJ	-
mazlum	NOUN	-
mazmun	NOUN	-
maznun	NOUN	-
mazohist	NOUN	-
mazohizm	NOUN	-
mazot	NOUN	-
mazotla	VERB	-
mazotlama	NOUN	-
mazoşist	NOUN	-
mazoşizm	NOUN	-
mazruf	ADJ	-
mazruf	NOUN	-
mazur	ADJ	-
mazurka	NOUN	-
mazuryum	NOUN	-
mazı	NOUN	-
maç	NOUN	-
maça	NOUN	-
maço	NOUN	-
maçuna	NOUN	-
mağara	NOUN	-
mağaza	NOUN	-
mağdur	ADJ	-
mağduriyet	NOUN	-
mağfiret	NOUN	-
mağfur	ADJ	-
mağlubiyet	NOUN	-
mağlup	ADJ	VOICING
mağmum	ADJ	-
mağmum	NOUN	-
mağrip	NOUN	VOICING
mağrur	ADJ	-
mağrurane	ADV	-
mağrurca	ADV	-
mağrurcasına	ADV	-
mağruren	ADV	-
mağrurlan	VERB	-
mağşuş	ADJ	-
mağşuş	NOUN	-
maş	NOUN	-
maşa	NOUN	-
maşala	NOUN	-
maşala	VERB	-
maşalama	NOUN	-
maşalan	VERB	-
maşallah	INTERJ	-
maşallah	NOUN	-
maşer	NOUN	-
maşerî	ADJ	-
maşerî	NOUN	-
maşlah	NOUN	-
maşrapa	NOUN	-
maşrık	NOUN	-
maşuk	NOUN	-
maşuka	NOUN	-
me	NOUN	-
meal	NOUN	-
mealen	ADV	-
mebde	NOUN	-
mebiz	NOUN	-
meblağ	NOUN	-
mebni	ADJ	-
mebni	ADV	-
mebus	NOUN	-
mebzul	ADJ	-
mebzuliyet	NOUN	-
mecal	NOUN	-
mecalsizce	ADV	-
mecalsizleş	VERB	-
mecalsizleştir	VERB	-
mecaz	NOUN	-
mecazen	ADV	-
mecazi	ADJ	-
mecazlaş	VERB	-
mecazımürsel	NOUN	-
mecbur	ADJ	-
mecbur	NOUN	-
mecburen	ADV	-
mecburi	ADJ	-
mecburiyet	NOUN	-
meccanen	ADV	-
meccani	ADJ	-
mecelle	NOUN	-
mecidit	NOUN	-
mecidiye	NOUN	-
meclis	NOUN	-
meclisara	ADJ	-
meclup	ADJ	-
mecmu	ADJ	-
mecmu	NOUN	-
mecmua	NOUN	-
mecnun	ADJ	-
mecnun	NOUN	-
mecnunane	ADJ	-
mecnunane	ADV	-
mecnunca	ADV	-
mecnuncasına	ADV	-
mecra	NOUN	-
mecruh	ADJ	-
mecruh	NOUN	-
meczup	NOUN	VOICING
medar	NOUN	-
medarıiftihar	NOUN	-
medarımaişet	NOUN	-
meddah	NOUN	-
medeni	ADJ	-
medeni	ADV	-
medeni	NOUN	-
medenice	ADV	-
medenileş	VERB	-
medenileştir	VERB	-
medenileştiril	VERB	-
medenileştirilme	NOUN	-
medeniyet	NOUN	-
medeniyetçi	NOUN	-
medet	INTERJ	VOICING
medet	NOUN	VOICING
medih	NOUN	-
medikal	ADJ	-
medikal	NOUN	-
medikososyal	NOUN	-
meditasyon	NOUN	-
mediyasten	NOUN	-
medlul	NOUN	VOWEL_DROP
medrese	NOUN	-
medya	NOUN	-
medyatik	ADJ	-
medyatik	NOUN	-
medyum	NOUN	-
medyun	ADJ	-
medyunuşükran	ADJ	-
medüz	NOUN	-
mefahir	NOUN	-
mefharet	NOUN	-
mefhum	NOUN	-
mefkûre	NOUN	-
mefluç	ADJ	-
mefluç	NOUN	-
mefret	ADJ	-
mefruş	ADJ	-
mefruşat	NOUN	-
mefruşatçı	NOUN	-
mefsuh	ADJ	-
meftun	ADJ	-
meftuniyet	NOUN	-
meful	ADJ	VOWEL_DROP
meful	NOUN	VOWEL_DROP
megabayt	NOUN	-
megafon	NOUN	-
megahertz	NOUN	-
megakent	NOUN	-
megaloman	ADJ	-
megaloman	NOUN	-
megalomani	NOUN	-
megapiksel	NOUN	-
megapol	NOUN	-
megastar	NOUN	-
megastore	NOUN	-
megaton	NOUN	-
megavat	NOUN	-
meh	NOUN	-
mehabet	NOUN	-
mehaz	NOUN	-
mehdi	ADJ	-
mehil	NOUN	VOWEL_DROP
mehle	NOUN	-
mehtap	NOUN	VOICING
mehter	NOUN	-
mehteran	NOUN	-
mehterbaşı	NOUN	-
mehterhane	NOUN	-
mekanik	ADJ	VOICING
mekanik	NOUN	VOICING
mekanikçi	NOUN	-
mekanizasyon	NOUN	-
mekanize	ADJ	-
mekanizm	NOUN	-
mekanizma	NOUN	-
mekatronik	NOUN	VOICING
meke	NOUN	-
mekik	NOUN	VOICING
mekkâre	NOUN	-
meknuz	ADJ	-
mekruh	ADJ	-
mekruh	NOUN	-
meksefe	NOUN	-
mektep	NOUN	VOICING
mektup	NOUN	VOICING
mektuplaş	VERB	-
mektupçu	NOUN	-
mekân	NOUN	-
mekânsal	ADJ	-
mekânsal	NOUN	-
melaike	NOUN	-
melal	NOUN	-
melamet	NOUN	-
melamin	ADJ	-
melamin	NOUN	-
melanet	NOUN	-
melanit	NOUN	-
melanurya	NOUN	-
melas	NOUN	-
melce	NOUN	-
mele	VERB	-
melek	NOUN	VOICING
meleke	NOUN	-
melekût	NOUN	-
meleme	ADJ	-
meleme	NOUN	-
meles	NOUN	-
melet	VERB	-
meletme	NOUN	-
melez	ADJ	-
melez	NOUN	-
melezle	VERB	-
melezleme	NOUN	-
melezlen	VERB	-
melezleş	VERB	-
melezleştir	VERB	-
meleş	NOUN	-
meleş	VERB	-
melfuf	ADJ	-
melfufen	ADV	-
melhem	NOUN	-
melhuz	ADJ	-
melike	NOUN	-
melinit	NOUN	-
melisa	NOUN	-
melodi	NOUN	-
melodik	ADJ	-
melodram	ADJ	-
melodram	NOUN	-
melon	ADJ	-
meltem	NOUN	-
melul	ADJ	-
melul	ADV	-
melun	ADJ	-
melun	NOUN	-
melunca	ADJ	-
memat	NOUN	-
memba	NOUN	-
membran	NOUN	-
meme	NOUN	-
memecik	NOUN	VOICING
memeliler	NOUN	-
mememsi	ADJ	-
memişhane	NOUN	-
memleha	NOUN	-
memleket	NOUN	-
memleketçi	NOUN	-
memnu	ADJ	-
memnuiyet	NOUN	-
memnun	ADJ	-
memnun	ADV	-
memnunca	ADJ	-
memnunca	ADV	-
memnuniyet	NOUN	-
memnuniyetle	ADV	-
memnunlukla	ADV	-
memorandum	NOUN	-
memul	ADJ	-
memur	ADJ	-
memur	NOUN	-
memure	NOUN	-
memurin	NOUN	-
memuriyet	NOUN	-
men	NOUN	-
menafi	NOUN	-
menafiiumumiye	NOUN	-
menajer	NOUN	-
menakıp	NOUN	VOICING
menakıpname	NOUN	-
mendebur	ADJ	-
mendelevyum	NOUN	-
menderes	NOUN	-
mendil	NOUN	-
mendirek	NOUN	VOICING
menedil	VERB	-
menediliş	NOUN	-
menedilme	NOUN	-
menediş	NOUN	-
menekşe	NOUN	-
menekşegiller	NOUN	-
menemen	NOUN	-
menengiç	NOUN	VOICING
menenjit	NOUN	-
menent	NOUN	VOICING
menet	VERB	-
menetme	NOUN	-
meneviş	NOUN	-
menevişle	VERB	-
menevişleme	NOUN	-
menevişlen	VERB	-
menfa	NOUN	-
menfaat	NOUN	-
menfaatperest	ADJ	-
menfaatperver	ADJ	-
menfaattar	ADJ	-
menfaatçi	NOUN	-
menfez	NOUN	-
menfi	ADJ	-
menfi	NOUN	-
menfur	ADJ	-
mengene	NOUN	-
menhiyat	NOUN	-
menhus	ADJ	-
meni	NOUN	-
menisk	NOUN	-
menisküs	NOUN	-
menkul	ADJ	VOWEL_DROP
menkul	NOUN	VOWEL_DROP
menkıbe	NOUN	-
menkıbevi	ADJ	-
menolun	VERB	-
menolunma	NOUN	-
menopoz	NOUN	-
mensubiyet	NOUN	-
mensucat	NOUN	-
mensup	ADJ	VOICING
mensur	NOUN	-
menteşe	NOUN	-
mentol	NOUN	-
mentor	NOUN	-
menus	ADJ	-
menus	NOUN	-
menzil	NOUN	-
menzile	NOUN	-
menü	NOUN	-
menüsküs	NOUN	-
menşe	NOUN	-
menşur	ADJ	-
menşur	NOUN	-
mepsuten	ADV	-
mera	NOUN	-
merak	NOUN	-
meraklan	VERB	-
meraklandır	VERB	-
meraklanış	NOUN	-
meraksızca	ADV	-
meram	NOUN	-
meraret	NOUN	-
merasim	NOUN	-
merbut	ADJ	-
merbut	POSTP	-
merbutiyet	NOUN	-
mercan	ADJ	-
mercan	NOUN	-
mercaniğnesi	NOUN	-
mercanköşk	NOUN	-
mercanlar	NOUN	-
mercek	NOUN	VOICING
merceksi	ADJ	-
merci	VERB	VOICING
mercimeksi	ADJ	-
merdane	ADJ	-
merdane	ADV	-
merdane	NOUN	-
merdanele	VERB	-
merdaneleme	NOUN	-
merdikıpti	NOUN	-
merdiven	NOUN	-
merdivenevi	NOUN	-
merdivenimsi	ADJ	-
merdivenkovası	NOUN	-
merdivensi	ADJ	-
merdümgiriz	ADJ	-
merek	NOUN	VOICING
meres	NOUN	-
meret	ADJ	VOICING
meret	NOUN	VOICING
mergup	ADJ	-
merhaba	INTERJ	-
merhaba	NOUN	-
merhabalaş	VERB	-
merhale	NOUN	-
merhamet	NOUN	-
merhameten	ADV	-
merhametsizce	ADV	-
merhametsizcesine	ADV	-
merhametsizleş	VERB	-
merhem	NOUN	-
merhemle	VERB	-
merhemleme	NOUN	-
merhum	NOUN	-
merhume	NOUN	-
merhun	ADJ	-
merhun	NOUN	-
meri	ADJ	-
meridyen	NOUN	-
merinos	ADJ	-
merinos	NOUN	-
meristem	NOUN	-
meritokrasi	NOUN	-
meriyet	NOUN	-
merkantilist	NOUN	-
merkantilizm	NOUN	-
merkat	NOUN	VOICING
merkep	NOUN	VOICING
merkepçi	NOUN	-
merkez	NOUN	-
merkezce	ADV	-
merkezcil	ADJ	-
merkeziyet	NOUN	-
merkeziyetçi	ADJ	-
merkeziyetçi	NOUN	-
merkezkaç	ADJ	-
merkezkaçlama	NOUN	-
merkezle	VERB	-
merkezleme	NOUN	-
merkezlen	VERB	-
merkezleş	VERB	-
merkezleştir	VERB	-
merkezî	ADJ	-
merkezîleş	VERB	-
merkezîleştir	VERB	-
merkum	ADJ	-
merkum	NOUN	-
merkûp	ADJ	-
merlanos	NOUN	-
mermer	ADJ	-
mermer	NOUN	-
mermerimsi	ADJ	-
mermerleş	VERB	-
mermerleştir	VERB	-
mermersi	ADJ	-
mermerşahi	NOUN	-
mermi	NOUN	-
merserize	ADJ	-
merserize	NOUN	-
mersin	NOUN	-
mersingiller	NOUN	-
mersiye	NOUN	-
mersiyehan	NOUN	-
mert	ADJ	-
mert	NOUN	-
mertebe	NOUN	-
mertek	NOUN	VOICING
mertçe	ADJ	-
mertçe	ADV	-
meryemanaeldiveni	NOUN	-
meryemanakuşağı	NOUN	-
merzengûş	NOUN	-
mesabe	NOUN	-
mesabesinde	ADV	-
mesafe	NOUN	-
mesaha	NOUN	-
mesai	NOUN	-
mesail	NOUN	-
mesaj	NOUN	-
mesajlaş	VERB	-
mesamat	NOUN	-
mesame	NOUN	-
mesane	NOUN	-
mescit	NOUN	VOICING
mesel	NOUN	-
mesela	CONJ	-
mesele	NOUN	-
mesen	NOUN	-
meserret	NOUN	-
mesh	NOUN	-
mesire	NOUN	-
mesken	NOUN	-
meskenet	NOUN	-
meskûkât	NOUN	-
meskûn	ADJ	-
meskûn	NOUN	-
meskût	ADJ	-
meslek	NOUN	VOICING
mesleki	ADJ	-
mesleksel	ADJ	-
meslektaş	NOUN	-
mesmu	ADJ	-
mesnet	NOUN	VOICING
mesnevi	NOUN	-
mesrur	ADJ	-
mest	ADJ	-
mest	NOUN	-
mestane	ADV	-
mestur	ADJ	-
mesture	ADJ	-
mestçi	NOUN	-
mesudane	ADV	-
mesul	ADJ	-
mesuliyet	NOUN	-
mesuliyetsizce	ADV	-
mesut	ADJ	VOICING
mesutça	ADV	-
met	NOUN	VOICING
meta	NOUN	-
metabolizma	NOUN	-
metafizik	NOUN	VOICING
metafizikçi	NOUN	-
metafor	NOUN	-
metaforik	ADJ	-
metal	ADJ	-
metal	NOUN	-
metalografi	NOUN	-
metaloit	NOUN	VOICING
metalsi	NOUN	-
metalürji	NOUN	-
metalürjik	ADJ	-
metamorfik	ADJ	-
metamorfizm	NOUN	-
metamorfoz	NOUN	-
metan	NOUN	-
metanet	NOUN	-
metanol	NOUN	-
metapsişik	ADJ	-
metastaz	NOUN	-
metatez	NOUN	-
metazori	ADV	-
metbu	ADJ	-
metcezir	NOUN	VOWEL_DROP
meteor	NOUN	-
meteorit	NOUN	-
meteorolog	NOUN	-
meteoroloji	NOUN	-
meteorolojik	ADJ	-
metfen	NOUN	-
metfun	ADJ	-
methal	NOUN	-
methaldar	ADJ	-
methediş	NOUN	-
methet	VERB	-
methetme	NOUN	-
methiye	NOUN	-
methüsena	NOUN	-
metil	NOUN	-
metilen	NOUN	-
metin	NOUN	VOWEL_DROP
metinsel	ADJ	-
metinsel	NOUN	-
metis	ADJ	-
metneryum	NOUN	-
metodik	ADJ	-
metodik	NOUN	-
metodoloji	NOUN	-
metodolojik	ADJ	-
metot	NOUN	VOICING
metraj	NOUN	-
metrdotel	NOUN	-
metre	NOUN	-
metrekare	NOUN	-
metreküp	NOUN	-
metrelerce	ADJ	-
metres	NOUN	-
metrik	ADJ	-
metris	NOUN	-
metro	NOUN	-
metrobüs	NOUN	-
metroloji	NOUN	-
metrolojik	ADJ	-
metronom	NOUN	-
metropol	NOUN	-
metropolit	NOUN	-
metropoliten	ADJ	-
metroseksüel	NOUN	-
metruk	ADJ	-
metruk	NOUN	-
metruke	ADJ	-
metrukiyet	NOUN	-
metrukât	NOUN	-
metîn	ADJ	-
mevcudat	NOUN	-
mevcudiyet	NOUN	-
mevcut	ADJ	VOICING
mevcut	NOUN	VOICING
mevdu	ADJ	-
mevduat	NOUN	-
mevhibe	NOUN	-
mevhibeiilahiye	NOUN	-
mevhum	ADJ	-
mevize	NOUN	-
mevki	NOUN	-
mevkidaş	NOUN	-
mevkuf	ADJ	-
mevkuf	NOUN	-
mevkufen	ADV	-
mevkufiyet	NOUN	-
mevkut	ADJ	-
mevkute	NOUN	-
mevla	NOUN	-
mevlit	NOUN	VOICING
mevlithan	NOUN	-
mevlut	NOUN	VOICING
mevrut	ADJ	-
mevsim	NOUN	-
mevsimsel	ADJ	-
mevsuf	ADJ	-
mevsuf	NOUN	-
mevsuk	ADJ	-
mevt	NOUN	-
mevta	NOUN	-
mevut	ADJ	-
mevzi	NOUN	-
mevzii	ADJ	-
mevzii	NOUN	-
mevzilen	VERB	-
mevzilendir	VERB	-
mevzileniş	NOUN	-
mevzu	NOUN	-
mevzuat	NOUN	-
mevzubahis	ADJ	-
mevzubahis	NOUN	-
mevzun	ADJ	-
mevzun	NOUN	-
mey	NOUN	-
meyan	NOUN	-
meyane	NOUN	-
meydan	NOUN	-
meydancık	NOUN	VOICING
meydanda	ADJ	-
meydani	NOUN	-
meyhane	NOUN	-
meyil	NOUN	VOWEL_DROP
meyillen	VERB	-
meylediş	NOUN	-
meylet	VERB	-
meyletme	NOUN	-
meylettir	VERB	-
meylettirme	NOUN	-
meymenet	NOUN	-
meymenetsizce	ADV	-
meyus	ADJ	-
meyus	NOUN	-
meyusiyet	NOUN	-
meyve	NOUN	-
meyvedar	ADJ	-
meyvehoş	NOUN	-
meyvelen	VERB	-
meyvelendir	VERB	-
meyvemsi	ADJ	-
meyyal	ADJ	-
meyyal	NOUN	-
meyyit	NOUN	-
mezalim	NOUN	-
mezamir	NOUN	-
mezar	NOUN	-
mezaristan	NOUN	-
mezat	NOUN	VOICING
mezatçı	NOUN	-
mezbaha	NOUN	-
mezbele	NOUN	-
mezcet	VERB	-
mezcetme	NOUN	-
meze	NOUN	-
mezelen	VERB	-
mezellet	NOUN	-
mezgit	NOUN	-
mezgitgiller	NOUN	-
mezhebî	ADJ	-
mezhep	NOUN	VOICING
mezhepsel	ADJ	-
mezhepçi	NOUN	-
meziyet	NOUN	-
mezkûr	ADJ	-
mezmur	NOUN	-
mezoderm	NOUN	-
mezon	NOUN	-
mezosefal	ADJ	-
mezosfer	NOUN	-
mezoterm	NOUN	-
mezozoik	ADJ	VOICING
mezozoik	NOUN	VOICING
mezozom	NOUN	-
mezra	NOUN	-
mezru	ADJ	-
mezun	ADJ	-
mezun	NOUN	-
mezuniyet	NOUN	-
mezura	NOUN	-
mezzo	ADV	-
mezzosoprano	NOUN	-
mezür	NOUN	-
meç	NOUN	-
meçhul	ADJ	VOWEL_DROP
meçhul	NOUN	VOWEL_DROP
meçhulat	NOUN	-
meğer	NOUN	-
meğerki	CONJ	-
meğerse	CONJ	-
meğersem	CONJ	-
meşakkat	NOUN	-
meşale	NOUN	-
meşbu	ADJ	-
meşbu	NOUN	-
meşe	ADJ	-
meşe	NOUN	-
meşecik	NOUN	VOICING
meşgale	NOUN	-
meşgul	ADJ	-
meşgul	NOUN	-
meşguliyet	NOUN	-
meşher	NOUN	-
meşhet	NOUN	VOICING
meşhur	ADJ	-
meşhut	ADJ	-
meşihat	NOUN	-
meşime	NOUN	-
meşin	ADJ	-
meşin	NOUN	-
meşk	NOUN	-
meşkûk	ADJ	-
meşkûr	ADJ	-
meşrep	NOUN	VOICING
meşru	ADJ	-
meşrubat	NOUN	-
meşrubatçı	NOUN	-
meşruhat	NOUN	-
meşruiyet	NOUN	-
meşruiyetçi	NOUN	-
meşrulaş	VERB	-
meşrulaşabil	VERB	-
meşrulaşabilme	NOUN	-
meşrulaştır	VERB	-
meşrulaştırabil	VERB	-
meşrulaştırabilme	NOUN	-
meşrut	ADJ	-
meşruta	NOUN	-
meşruten	ADV	-
meşruti	ADJ	-
meşrutiyet	NOUN	-
meşrutiyetçi	ADJ	-
meşum	ADJ	-
meşveret	NOUN	-
mi	NOUN	-
miat	NOUN	VOICING
mibzer	NOUN	-
mide	NOUN	-
midevi	ADJ	-
midevi	NOUN	-
midi	ADJ	-
midibüs	NOUN	-
midibüsçü	NOUN	-
midye	NOUN	-
miftah	NOUN	-
migmatit	NOUN	-
migren	NOUN	-
mihaniki	ADJ	-
mihenk	NOUN	VOICING
mihman	NOUN	-
mihmandar	NOUN	-
mihnet	NOUN	-
mihr	NOUN	-
mihrace	NOUN	-
mihrak	NOUN	-
mihrap	NOUN	VOICING
mihriban	ADJ	-
mihriban	NOUN	-
mihver	ADJ	-
mihver	NOUN	-
mika	ADJ	-
mika	NOUN	-
mikado	NOUN	-
mikamsı	ADJ	-
mikaşist	NOUN	-
mikolog	NOUN	-
mikoloji	NOUN	-
mikolojik	ADJ	-
mikoz	NOUN	-
mikro	ADJ	-
mikroamper	NOUN	-
mikrobik	ADJ	-
mikrobik	NOUN	-
mikrobiyolog	NOUN	-
mikrobiyoloji	NOUN	-
mikrobiyolojik	ADJ	-
mikrocerrahi	NOUN	-
mikrodalga	NOUN	-
mikroekonomi	NOUN	-
mikroekonomik	ADJ	-
mikrofilm	NOUN	-
mikrofiş	NOUN	-
mikrofon	NOUN	-
mikrofonik	ADJ	-
mikroklima	NOUN	-
mikrokok	NOUN	-
mikrokozmos	NOUN	-
mikrokredi	NOUN	-
mikrolit	NOUN	-
mikrometre	NOUN	-
mikron	NOUN	-
mikroorganizma	NOUN	-
mikrop	NOUN	VOICING
mikroplan	VERB	-
mikroplaş	VERB	-
mikropsuzlaştır	VERB	-
mikrosefal	ADJ	-
mikrosinema	NOUN	-
mikroskobik	ADJ	-
mikroskop	NOUN	VOICING
mikroteknoloji	NOUN	-
mikroteknolojik	ADJ	-
mikser	NOUN	-
miktar	NOUN	-
mikyas	NOUN	-
mikâp	NOUN	VOICING
mil	NOUN	-
miladi	ADJ	-
milat	NOUN	VOICING
mildiyu	NOUN	-
milel	NOUN	-
milenyum	NOUN	-
milföy	NOUN	-
milibar	NOUN	-
miligram	NOUN	-
mililitre	NOUN	-
milim	ADV	-
milim	NOUN	-
milimetre	NOUN	-
milimetrik	ADJ	-
milimetrik	NOUN	-
milimikron	NOUN	-
milis	NOUN	-
militan	NOUN	-
militanlaş	VERB	-
militanlaştır	VERB	-
militarist	NOUN	-
militarizm	NOUN	-
millen	VERB	-
millet	NOUN	-
milletlerarası	ADJ	-
milletlerarasılaş	VERB	-
milletlerarasılaştır	VERB	-
milletlerarasılaştırıl	VERB	-
milletlerarasılaştırılma	NOUN	-
milletleş	VERB	-
milletleşebil	VERB	-
milletleşebilme	NOUN	-
milletleştir	VERB	-
milletsever	ADJ	-
millettaş	NOUN	-
milletvekili	NOUN	-
milletvekilliği	NOUN	-
milletçe	ADV	-
milliyet	NOUN	-
milliyetperver	ADJ	-
milliyetsever	ADJ	-
milliyetçi	ADJ	-
millî	ADJ	-
millî	NOUN	-
millîleş	VERB	-
millîleştir	VERB	-
millîleştiril	VERB	-
millîleştirilme	NOUN	-
milyar	ADJ	-
milyar	NOUN	-
milyarder	NOUN	-
milyarlarca	ADJ	-
milyem	NOUN	-
milyon	ADJ	-
milyon	NOUN	-
milyoner	NOUN	-
milyonlarca	ADJ	-
mim	NOUN	-
mimar	NOUN	-
mimarbaşı	NOUN	-
mimari	ADJ	-
mimari	NOUN	-
mimik	NOUN	VOICING
mimle	VERB	-
mimleme	NOUN	-
mimlen	VERB	-
mimoza	NOUN	-
minakop	NOUN	VOICING
minare	NOUN	-
minarecik	NOUN	VOICING
minaregölgesi	NOUN	-
minber	NOUN	-
minder	NOUN	-
mine	NOUN	-
minele	VERB	-
mineleme	NOUN	-
mineral	ADJ	-
mineral	NOUN	-
mineralleştir	VERB	-
minerolog	NOUN	-
mineroloji	NOUN	-
minerolojik	ADJ	-
minerolojik	NOUN	-
mini	ADJ	-
minibüs	NOUN	-
minibüsçü	NOUN	-
minicik	ADJ	VOICING
minik	ADJ	VOICING
minimal	ADJ	-
minimal	NOUN	-
minimetre	NOUN	-
minimini	ADJ	-
minimini	NOUN	-
minimum	NOUN	-
mink	NOUN	-
minkale	NOUN	-
minnacık	ADJ	VOICING
minnet	NOUN	-
minnetsizce	ADV	-
minnettar	NOUN	-
minnettarane	ADV	-
minnettarca	ADV	-
minnoş	INTERJ	-
minorka	NOUN	-
mintan	NOUN	-
minval	NOUN	-
minyatür	NOUN	-
minyatürleş	VERB	-
minyatürleştir	VERB	-
minyatürleştirt	VERB	-
minyatürleştirtme	NOUN	-
minyon	ADJ	-
minör	ADJ	-
minör	NOUN	-
minüskül	NOUN	-
mir	NOUN	-
mira	NOUN	-
miralay	NOUN	-
miras	NOUN	-
mirasyedi	NOUN	-
mirasçı	NOUN	-
mirat	NOUN	-
miraç	NOUN	VOICING
mirim	NOUN	-
mirliva	NOUN	-
mirza	NOUN	-
mirî	ADJ	-
mis	ADJ	-
mis	NOUN	-
misafir	NOUN	-
misafirhane	NOUN	-
misafirperver	ADJ	-
misak	NOUN	-
misal	NOUN	-
misel	NOUN	-
misil	NOUN	VOWEL_DROP
misilleme	NOUN	-
misina	NOUN	-
misis	NOUN	-
misk	NOUN	-
miskal	NOUN	-
miskalle	ADV	-
misket	NOUN	-
miskin	ADJ	-
miskin	NOUN	-
miskinane	ADV	-
miskince	ADV	-
miskinhane	NOUN	-
miskinleş	VERB	-
miso	NOUN	-
mistik	ADJ	-
mistik	NOUN	-
mistisizm	NOUN	-
misvak	NOUN	VOICING
misvakla	VERB	-
misvaklama	NOUN	-
misvaklan	VERB	-
misyon	NOUN	-
misyoner	NOUN	-
mit	NOUN	-
mitil	NOUN	-
miting	NOUN	-
mitleş	VERB	-
mitleştir	VERB	-
mitokondri	NOUN	-
mitoloji	NOUN	-
mitolojik	ADJ	-
mitoman	ADJ	-
mitomani	NOUN	-
mitos	NOUN	-
mitoz	NOUN	-
mitral	ADJ	-
mitralyöz	NOUN	-
miyar	NOUN	-
miyasma	NOUN	-
miyav	NOUN	-
miyavla	VERB	-
miyavlama	NOUN	-
miyavlat	VERB	-
miyavlatma	NOUN	-
miyavlayış	NOUN	-
miyaz	NOUN	-
miyokart	NOUN	VOICING
miyom	NOUN	-
miyop	ADJ	VOICING
miyop	NOUN	VOICING
miyosen	ADJ	-
miyosen	NOUN	-
miza	NOUN	-
mizah	NOUN	-
mizahi	ADJ	-
mizahsı	ADJ	-
mizahçı	NOUN	-
mizahımsı	ADJ	-
mizan	NOUN	-
mizana	NOUN	-
mizanpaj	NOUN	-
mizansen	NOUN	-
mizantrop	ADJ	-
mizantrop	NOUN	-
mizantropi	NOUN	-
mizaç	NOUN	VOICING
mizaçgir	ADJ	-
miçel	NOUN	-
miço	NOUN	-
miğfer	NOUN	-
mnemotekni	NOUN	-
mobber	NOUN	-
mobbing	NOUN	-
mobese	NOUN	-
mobil	ADJ	-
mobil	NOUN	-
mobilet	NOUN	-
mobilize	ADJ	-
mobilya	NOUN	-
moda	ADJ	-
moda	NOUN	-
modaevi	NOUN	-
modalaş	VERB	-
modalaştır	VERB	-
model	NOUN	-
modelaj	NOUN	-
modelist	NOUN	-
modelle	VERB	-
modelleme	NOUN	-
modem	NOUN	-
moderato	NOUN	-
moderatör	NOUN	-
modern	ADJ	-
modern	NOUN	-
modernist	NOUN	-
modernite	NOUN	-
modernizasyon	NOUN	-
modernize	ADJ	-
modernizm	NOUN	-
modernleş	VERB	-
modernleşebil	VERB	-
modernleşebilme	NOUN	-
modernleştir	VERB	-
modifikasyon	NOUN	-
modifiye	ADJ	-
modistra	NOUN	-
modül	NOUN	-
modülasyon	NOUN	-
modüler	ADJ	-
moher	ADJ	-
moher	NOUN	-
moka	NOUN	-
mola	NOUN	-
molas	NOUN	-
molekül	NOUN	-
moleküler	ADJ	-
molibden	NOUN	-
molibdin	NOUN	-
molla	NOUN	-
moloz	ADJ	-
moloz	NOUN	-
moment	NOUN	-
momentum	NOUN	-
monadist	ADJ	-
monadizm	NOUN	-
monarşi	NOUN	-
monarşik	ADJ	-
monarşist	ADJ	-
monarşizm	NOUN	-
monat	NOUN	VOICING
monatçı	ADJ	-
monbey	NOUN	-
monden	ADJ	-
monden	NOUN	-
monist	ADJ	-
monitör	NOUN	-
monizm	NOUN	-
monoblok	NOUN	-
monogam	ADJ	-
monogami	NOUN	-
monografi	NOUN	-
monokl	NOUN	-
monolog	NOUN	-
monopol	NOUN	-
monoray	NOUN	-
monoteist	ADJ	-
monoteizm	NOUN	-
monotip	ADJ	-
monoton	ADJ	-
monotonlaş	VERB	-
monotonlaştır	VERB	-
monsenyör	NOUN	-
mont	NOUN	-
montaj	NOUN	-
montajla	VERB	-
montajlama	NOUN	-
montajlan	VERB	-
monte	NOUN	-
montgomer	NOUN	-
montür	NOUN	-
monşer	ADJ	-
monşer	INTERJ	-
mopet	NOUN	VOICING
mor	ADJ	-
mor	NOUN	-
moral	NOUN	-
moralist	ADJ	-
moralizm	NOUN	-
moralman	ADV	-
morar	VERB	-
morarma	NOUN	-
morart	VERB	-
morartabil	VERB	-
morartabilme	NOUN	-
morartma	NOUN	-
morartı	NOUN	-
morartış	NOUN	-
morarış	NOUN	-
moratoryum	NOUN	-
mordut	NOUN	-
moren	NOUN	-
morfem	NOUN	-
morfin	NOUN	-
morfinlen	VERB	-
morfinman	NOUN	-
morfoloji	NOUN	-
morfolojik	ADJ	-
morg	NOUN	-
morina	NOUN	-
morkaraman	NOUN	-
morlaş	VERB	-
mormenekşe	NOUN	-
mors	NOUN	-
morsalkım	NOUN	-
morsgiller	NOUN	-
mortadella	NOUN	-
mortgage	NOUN	-
mortla	VERB	-
mortlama	NOUN	-
morto	NOUN	-
moruk	NOUN	VOICING
morukla	VERB	-
moruklama	NOUN	-
moruklaş	VERB	-
morula	NOUN	-
morumsu	ADJ	-
morumtırak	ADJ	-
morötesi	NOUN	-
moskof	ADJ	-
mosmor	ADJ	-
mostra	NOUN	-
motamot	ADJ	-
motamot	ADV	-
motel	NOUN	-
motif	NOUN	-
motivasyon	NOUN	-
motive	NOUN	-
motokros	NOUN	-
motokrosçu	NOUN	-
motopomp	NOUN	-
motor	NOUN	-
motorbot	NOUN	-
motorin	NOUN	-
motorize	ADJ	-
motorize	NOUN	-
motosiklet	NOUN	-
mototren	NOUN	-
motris	NOUN	-
motto	NOUN	-
mouse	NOUN	-
moymul	NOUN	-
mozaik	ADJ	VOICING
mozaik	NOUN	VOICING
mozaikçi	NOUN	-
mozak	NOUN	VOICING
mozalak	NOUN	VOICING
mozerella	NOUN	-
mozole	NOUN	-
muaccel	ADJ	-
muaccel	NOUN	-
muacciz	ADJ	-
muacciz	NOUN	-
muaddel	ADJ	-
muadele	NOUN	-
muadelet	NOUN	-
muadil	ADJ	-
muaf	ADJ	-
muaf	NOUN	-
muafiyet	NOUN	-
muahede	NOUN	-
muahedename	NOUN	-
muaheze	NOUN	-
muahezename	NOUN	-
muahhar	ADJ	-
muahharen	ADV	-
muakkip	ADJ	-
muakkip	NOUN	-
mualla	ADJ	-
muallak	ADJ	-
muallak	NOUN	-
muallel	ADJ	-
muallel	NOUN	-
muallim	NOUN	-
muallime	NOUN	-
muamelat	NOUN	-
muamele	NOUN	-
muamma	ADJ	-
muamma	NOUN	-
muammer	ADJ	-
muannit	ADJ	-
muaraza	NOUN	-
muare	ADJ	-
muare	NOUN	-
muarefe	NOUN	-
muarız	ADJ	-
muasır	ADJ	-
muasırlaş	VERB	-
muasırlaştır	VERB	-
muattal	ADJ	-
muattal	NOUN	-
muattar	ADJ	-
muavenet	NOUN	-
muavin	NOUN	-
muayede	NOUN	-
muayene	NOUN	-
muayenehane	NOUN	-
muayyen	ADJ	-
muayyen	NOUN	-
muayyeniyet	NOUN	-
muazzam	ADJ	-
muazzam	NOUN	-
muazzep	ADJ	-
muazzez	ADJ	-
muazzez	NOUN	-
muaşaka	NOUN	-
muaşeret	NOUN	-
mubassır	NOUN	-
mucibince	ADV	-
mucip	ADJ	VOICING
mucir	NOUN	-
mucit	ADJ	VOICING
mucit	NOUN	VOICING
mucize	ADJ	-
mucize	NOUN	-
mucizevi	ADJ	-
mucuk	NOUN	VOICING
mucur	NOUN	-
mudarebe	NOUN	-
mudhike	NOUN	-
mudi	NOUN	-
muf	NOUN	-
mufassal	ADJ	-
mufla	NOUN	-
muflon	NOUN	-
mugaddi	ADJ	-
mugalata	NOUN	-
muganni	NOUN	-
muganniye	NOUN	-
mugayeret	NOUN	-
mugayir	ADJ	-
muhabbet	NOUN	-
muhabbetname	NOUN	-
muhaberat	NOUN	-
muhabere	NOUN	-
muhabir	NOUN	-
muhaceret	NOUN	-
muhacim	NOUN	-
muhacir	ADJ	-
muhacir	NOUN	-
muhaddep	ADJ	-
muhaddis	NOUN	-
muhafaza	NOUN	-
muhafazakâr	ADJ	-
muhafız	NOUN	-
muhakemat	NOUN	-
muhakeme	NOUN	-
muhakkak	ADJ	-
muhakkak	ADV	-
muhakkik	ADJ	-
muhakkik	NOUN	-
muhal	ADJ	-
muhalefet	NOUN	-
muhalif	ADJ	-
muhalif	NOUN	-
muhallebi	NOUN	-
muhammen	ADJ	-
muhammes	ADJ	-
muhammes	NOUN	-
muhammin	ADJ	-
muhannet	ADJ	-
muharebe	NOUN	-
muharip	NOUN	VOICING
muharrem	NOUN	-
muharrer	ADJ	-
muharrik	ADJ	-
muharrik	NOUN	-
muharrir	NOUN	-
muharrire	NOUN	-
muharriş	ADJ	-
muharriş	NOUN	-
muhasamat	NOUN	-
muhasara	NOUN	-
muhasebat	NOUN	-
muhasebe	NOUN	-
muhasebeleştir	VERB	-
muhasip	NOUN	VOICING
muhassala	NOUN	-
muhassas	ADJ	-
muhassasat	NOUN	-
muhassenat	NOUN	-
muhassıl	NOUN	-
muhasım	NOUN	-
muhasır	NOUN	-
muhat	ADJ	-
muhat	NOUN	-
muhatap	NOUN	VOICING
muhatara	NOUN	-
muhavere	NOUN	-
muhavvil	ADJ	-
muhayyel	ADJ	-
muhayyer	ADJ	-
muhayyer	NOUN	-
muhayyerkürdi	NOUN	-
muhayyersümbüle	NOUN	-
muhayyile	NOUN	-
muhbir	NOUN	-
muhdes	ADJ	-
muhdes	NOUN	-
muhibbe	ADJ	-
muhik	ADJ	-
muhil	ADJ	-
muhip	ADJ	-
muhit	NOUN	-
muhkem	ADJ	-
muhlis	ADJ	-
muhrik	ADJ	-
muhrik	NOUN	-
muhrip	NOUN	VOICING
muhtar	ADJ	-
muhtar	NOUN	-
muhtariyet	NOUN	-
muhtasar	ADJ	-
muhtasaran	ADV	-
muhtaç	ADJ	VOICING
muhtaç	NOUN	VOICING
muhtekir	ADJ	-
muhtel	ADJ	-
muhtelif	ADJ	-
muhtelif	NOUN	-
muhtelis	ADJ	-
muhtelit	ADJ	-
muhtemel	ADJ	-
muhtemelen	ADV	-
muhterem	ADJ	-
muhteri	ADJ	-
muhteri	NOUN	-
muhteris	ADJ	-
muhteriz	ADJ	-
muhtesip	NOUN	VOICING
muhteva	NOUN	-
muhtevi	ADJ	-
muhteviyat	NOUN	-
muhteşem	ADJ	-
muhteşem	NOUN	-
muhtıra	NOUN	-
muhzır	NOUN	-
muin	NOUN	-
muit	NOUN	VOICING
mujik	NOUN	VOICING
mukaar	ADJ	-
mukabele	NOUN	-
mukabil	ADJ	-
mukabil	NOUN	-
mukabil	POSTP	-
mukaddem	ADJ	-
mukaddem	NOUN	-
mukaddema	ADV	-
mukadder	ADJ	-
mukadderat	NOUN	-
mukaddes	ADJ	-
mukaddesat	NOUN	-
mukaddesatçı	NOUN	-
mukaddime	NOUN	-
mukaffa	ADJ	-
mukallit	NOUN	VOICING
mukannen	ADJ	-
mukannen	NOUN	-
mukarenet	NOUN	-
mukarrer	ADJ	-
mukarrerat	NOUN	-
mukassem	ADJ	-
mukassi	ADJ	-
mukataa	NOUN	-
mukatele	NOUN	-
mukattar	ADJ	-
mukavele	NOUN	-
mukavelename	NOUN	-
mukavemet	NOUN	-
mukavemetçi	NOUN	-
mukavim	ADJ	-
mukavim	NOUN	-
mukavva	NOUN	-
mukavves	ADJ	-
mukavvi	ADJ	-
mukayese	NOUN	-
mukayyet	ADJ	-
mukayyet	NOUN	-
mukayyit	NOUN	VOICING
mukim	ADJ	-
mukni	ADJ	-
mukoza	NOUN	-
mukriz	ADJ	-
muktebes	ADJ	-
muktedir	ADJ	-
muktesit	ADJ	-
mukteza	ADJ	-
mukteza	NOUN	-
muktezi	ADJ	-
mukus	NOUN	-
mulaj	NOUN	-
multimedya	NOUN	-
multimilyarder	NOUN	-
multimilyoner	NOUN	-
multipleks	ADJ	-
multivizyon	NOUN	-
mum	NOUN	-
mumaileyh	NOUN	-
mumhane	NOUN	-
mumla	VERB	-
mumlama	NOUN	-
mumlan	VERB	-
mumlaş	VERB	-
mumsöndü	NOUN	-
mumya	NOUN	-
mumyala	VERB	-
mumyalama	NOUN	-
mumyalan	VERB	-
mumyalat	VERB	-
mumyalatma	NOUN	-
mundar	ADJ	-
munfasıl	ADJ	-
munis	ADJ	-
munis	NOUN	-
munkabız	ADJ	-
munkabız	NOUN	-
munkalip	ADJ	-
munsap	ADJ	VOICING
munsap	NOUN	VOICING
muntazam	ADJ	-
muntazam	ADV	-
muntazam	NOUN	-
muntazaman	ADV	-
muntazaman	NOUN	-
muntazır	ADJ	-
munzam	ADJ	-
munzam	NOUN	-
murabaha	NOUN	-
murabba	ADJ	-
murabba	NOUN	-
murabıt	NOUN	-
murafaa	NOUN	-
murahhas	NOUN	-
murakabe	NOUN	-
murakıp	NOUN	VOICING
murana	NOUN	-
murassa	ADJ	-
murat	NOUN	VOICING
murdar	ADJ	-
murdar	NOUN	-
muris	ADJ	-
murt	NOUN	-
murç	NOUN	VOICING
mus	NOUN	-
musaddak	ADJ	-
musaffa	ADJ	-
musahabe	NOUN	-
musahhih	NOUN	-
musahip	NOUN	VOICING
musakka	NOUN	-
musalla	NOUN	-
musallat	ADJ	-
musammat	NOUN	-
musandıra	NOUN	-
musanna	ADJ	-
musanna	NOUN	-
musannif	NOUN	-
musap	ADJ	-
musap	NOUN	-
musavver	ADJ	-
musavver	NOUN	-
musibet	ADJ	-
musibet	NOUN	-
musikar	NOUN	-
musiki	NOUN	-
musikişinas	ADJ	-
muska	NOUN	-
muskat	NOUN	-
muslihane	ADV	-
muslin	ADJ	-
muslin	NOUN	-
muslukçu	NOUN	-
muson	NOUN	-
mustarip	ADJ	-
mustatil	NOUN	-
musır	ADJ	-
mut	ADJ	VOICING
mut	NOUN	VOICING
muta	NOUN	-
mutaassıp	ADJ	VOICING
mutaassıplaş	VERB	-
mutabakat	NOUN	-
mutabık	ADJ	-
mutabık	NOUN	-
mutaf	NOUN	-
mutallaka	NOUN	-
mutant	ADJ	-
mutant	NOUN	-
mutantan	ADJ	-
mutariza	NOUN	-
mutasarrıf	ADJ	-
mutasarrıf	NOUN	-
mutasavver	ADJ	-
mutasavvıf	NOUN	-
mutasyon	NOUN	-
mutasyonist	ADJ	-
mutasyonizm	NOUN	-
mutat	ADJ	-
mutavaat	ADJ	-
mutavaat	NOUN	-
mutavassıt	NOUN	-
mutazarrır	ADJ	-
muteber	ADJ	-
muteber	NOUN	-
mutedil	ADJ	-
mutedil	NOUN	-
mutekit	ADJ	-
mutekit	NOUN	-
mutemet	NOUN	VOICING
mutena	ADJ	-
mutena	NOUN	-
muteriz	ADJ	-
muteriz	NOUN	-
mutezile	NOUN	-
mutfak	NOUN	VOICING
muti	ADJ	-
mutlak	ADJ	-
mutlak	ADV	-
mutlak	NOUN	-
mutlaka	ADV	-
mutlakiyet	NOUN	-
mutlakçı	ADJ	-
mutlan	VERB	-
mutlandır	VERB	-
mutluca	ADJ	-
mutluca	ADV	-
mutlulan	VERB	-
mutlulandır	VERB	-
mutmain	ADJ	-
mutsuzlaş	VERB	-
muttarit	ADJ	-
muttasıf	ADJ	-
muttasıl	ADJ	-
muttasıl	ADV	-
mutçu	ADJ	-
muvacehe	NOUN	-
muvacehesinde	ADV	-
muvafakat	NOUN	-
muvafakatname	NOUN	-
muvaffak	ADJ	-
muvaffakiyet	NOUN	-
muvafık	ADJ	-
muvahhit	ADJ	-
muvakkat	ADJ	-
muvakkaten	ADV	-
muvakkit	NOUN	-
muvakkithane	NOUN	-
muvasala	NOUN	-
muvasalat	NOUN	-
muvazaa	NOUN	-
muvazene	NOUN	-
muvazi	ADJ	-
muvazzaf	ADJ	-
muvazzaf	NOUN	-
muvaşşah	NOUN	-
muz	NOUN	-
muzaffer	ADJ	-
muzaffer	NOUN	-
muzafferane	ADV	-
muzafferce	ADV	-
muzafferiyet	NOUN	-
muzdarip	ADJ	-
muzgiller	NOUN	-
muzip	ADJ	-
muzipleş	VERB	-
muzipçe	ADV	-
muzlim	ADJ	-
muzlim	NOUN	-
muzmahil	ADJ	-
muzsu	ADJ	-
muztar	ADJ	-
muztar	NOUN	-
muzumsu	ADJ	-
muzur	ADJ	-
muzır	ADJ	-
muzır	NOUN	-
muzırlaş	VERB	-
muço	NOUN	-
muğber	ADJ	-
muğlak	ADJ	-
muş	NOUN	-
muşamba	ADJ	-
muşamba	NOUN	-
muşambalaş	VERB	-
muşmula	NOUN	-
muşta	NOUN	-
muştala	VERB	-
muştalama	NOUN	-
muştu	NOUN	-
muştula	VERB	-
muştulama	NOUN	-
muştulan	VERB	-
mâni	NOUN	-
mânia	NOUN	-
möble	NOUN	-
mönü	NOUN	-
mösyö	NOUN	-
mübadele	NOUN	-
mübadil	ADJ	-
mübadil	NOUN	-
mübah	ADJ	-
mübah	NOUN	-
mübahase	NOUN	-
mübalağa	NOUN	-
mübarek	ADJ	VOICING
mübarek	NOUN	VOICING
mübareze	NOUN	-
mübayaa	NOUN	-
mübayenet	NOUN	-
mübaşeret	NOUN	-
mübaşir	NOUN	-
mübeyyiz	NOUN	-
mübeşşir	ADJ	-
mübrem	ADJ	-
mücadele	NOUN	-
mücahede	NOUN	-
mücahit	NOUN	VOICING
mücamaa	NOUN	-
mücavir	ADJ	-
mücazat	NOUN	-
mücbir	ADJ	-
mücehhez	ADJ	-
mücehhez	NOUN	-
mücella	ADJ	-
mücellit	NOUN	VOICING
mücellithane	NOUN	-
mücerrep	ADJ	-
mücerret	ADJ	VOICING
mücerret	NOUN	VOICING
mücessem	ADJ	-
mücessem	NOUN	-
mücevher	NOUN	-
mücevherat	NOUN	-
mücmel	ADJ	-
mücrim	ADJ	-
mücver	NOUN	-
müdafaa	NOUN	-
müdafaaname	NOUN	-
müdafi	NOUN	-
müdahale	NOUN	-
müdahil	ADJ	-
müdahil	NOUN	-
müdana	NOUN	-
müdara	NOUN	-
müdavi	ADJ	-
müdavim	ADJ	-
müdavim	NOUN	-
müddea	ADJ	-
müddea	NOUN	-
müddeaaleyh	ADJ	-
müddei	ADJ	-
müddeialeyh	ADJ	-
müddeiumumi	NOUN	-
müddet	NOUN	-
müdebbir	ADJ	-
müdekkik	NOUN	-
müdellel	ADJ	-
müdellel	ADV	-
müderris	NOUN	-
müdevven	ADJ	-
müdevven	NOUN	-
müdevvenat	NOUN	-
müdevver	ADJ	-
müdire	NOUN	-
müdrik	ADJ	-
müdrik	NOUN	-
müdrike	NOUN	-
müdrir	ADJ	-
müdür	NOUN	-
müdüriyet	NOUN	-
müebbeden	ADV	-
müebbet	ADJ	VOICING
müebbet	NOUN	VOICING
müeccel	ADJ	-
müeddep	ADJ	-
müellefat	NOUN	-
müellif	NOUN	-
müemmen	ADJ	-
müemmen	NOUN	-
müennes	ADJ	-
müesses	ADJ	-
müessesat	NOUN	-
müessese	NOUN	-
müesseseleş	VERB	-
müesseseleştir	VERB	-
müessif	ADJ	-
müessif	NOUN	-
müessir	ADJ	-
müessir	NOUN	-
müessiriyet	NOUN	-
müessis	ADJ	-
müeyyide	NOUN	-
müezzin	NOUN	-
müfekkire	NOUN	-
müferrih	ADJ	-
müfessir	ADJ	-
müfessir	NOUN	-
müfettiş	NOUN	-
müfit	ADJ	-
müfit	NOUN	-
müflis	ADJ	-
müfredat	NOUN	-
müfret	NOUN	VOICING
müfrez	ADJ	-
müfreze	NOUN	-
müfrit	ADJ	-
müfsit	ADJ	-
müft	ADJ	-
müftehir	ADJ	-
müfteri	ADJ	-
müfteris	ADJ	-
müftü	NOUN	-
müge	NOUN	-
mühendis	NOUN	-
mühendishane	NOUN	-
müheyya	ADJ	-
müheyyiç	ADJ	-
mühim	ADJ	-
mühimmat	NOUN	-
mühimse	VERB	-
mühimseme	NOUN	-
mühlet	NOUN	-
mühliye	NOUN	-
mühmel	ADJ	-
mühre	NOUN	-
mührele	VERB	-
mühreleme	NOUN	-
mühresenk	NOUN	VOICING
mührüsüleyman	NOUN	-
mühtedi	ADJ	-
mühür	NOUN	VOWEL_DROP
mühürdar	NOUN	-
mühürle	VERB	-
mühürleme	NOUN	-
mühürlen	VERB	-
mühürleniş	NOUN	-
mühürlet	VERB	-
mühürletme	NOUN	-
mühürleyiş	NOUN	-
müjde	INTERJ	-
müjde	NOUN	-
müjdele	VERB	-
müjdeleme	NOUN	-
müjdelen	VERB	-
müjdeleş	VERB	-
müjgân	NOUN	-
mükedder	ADJ	-
mükedder	ADV	-
mükellef	ADJ	-
mükellef	NOUN	-
mükellefiyet	NOUN	-
mükemmel	ADJ	-
mükemmel	ADV	-
mükemmel	NOUN	-
mükemmelen	ADV	-
mükemmeliyet	NOUN	-
mükemmeliyetçi	ADJ	-
mükemmeliyetçi	NOUN	-
mükemmelleş	VERB	-
mükemmelleşebil	VERB	-
mükemmelleşebilme	NOUN	-
mükemmelleştir	VERB	-
mükemmelleştirebil	VERB	-
mükemmelleştirebilme	NOUN	-
mükerrer	ADJ	-
mükerreren	ADV	-
mükevvenat	NOUN	-
mükeyyifat	NOUN	-
mükrim	ADJ	-
müktesebat	NOUN	-
müktesep	ADJ	VOICING
mükâfat	NOUN	-
mükâfaten	ADV	-
mükâfatlandır	VERB	-
mükâleme	NOUN	-
mül	NOUN	-
mülahaza	NOUN	-
mülahazat	NOUN	-
mülahham	ADJ	-
mülakat	NOUN	-
mülaki	ADJ	-
mülayemet	NOUN	-
mülayim	ADJ	-
mülayim	NOUN	-
mülazım	ADJ	-
mülazım	NOUN	-
mülemma	ADJ	-
mülemma	NOUN	-
mülevven	ADJ	-
mülevves	ADJ	-
müleyyin	ADJ	-
müleyyin	NOUN	-
mülga	ADJ	-
mülhak	ADJ	-
mülhak	NOUN	-
mülhakat	NOUN	-
mülhem	ADJ	-
mülhit	ADJ	-
mülhit	NOUN	-
mülhiye	NOUN	-
mülk	NOUN	-
mülki	ADJ	-
mülki	NOUN	-
mülkiye	NOUN	-
mülkiyet	NOUN	-
mülksüzleş	VERB	-
mülksüzleştir	VERB	-
mültefit	ADJ	-
mültezim	NOUN	-
mümanaat	NOUN	-
mümarese	NOUN	-
mümas	ADJ	-
mümas	NOUN	-
mümasil	ADJ	-
mümbit	ADJ	-
mümessil	NOUN	-
mümeyyiz	ADJ	-
mümeyyiz	NOUN	-
mümin	ADJ	-
mümin	NOUN	-
mümkün	ADJ	-
mümkün	NOUN	-
mümtaz	ADJ	-
mümtazen	ADV	-
mümteni	ADJ	-
mümteni	NOUN	-
münacat	NOUN	-
münadi	NOUN	-
münafık	ADJ	-
münafık	NOUN	-
münakalat	NOUN	-
münakale	NOUN	-
münakasa	NOUN	-
münakaşa	NOUN	-
münasebat	NOUN	-
münasebet	NOUN	-
münasebetiyle	ADV	-
münasebetsizce	ADV	-
münasip	ADJ	VOICING
münasip	NOUN	VOICING
münavebe	NOUN	-
münazaa	NOUN	-
münazara	NOUN	-
müncer	ADJ	-
mündemiç	ADJ	-
münderecat	NOUN	-
münderiç	ADJ	-
münebbih	ADJ	-
müneccim	NOUN	-
müneccimbaşı	NOUN	-
münekkit	NOUN	VOICING
münevver	ADJ	-
münevver	NOUN	-
münezzeh	ADJ	-
münezzeh	NOUN	-
münfail	ADJ	-
münfail	NOUN	-
münferiden	ADV	-
münferit	ADJ	-
münfesih	ADJ	-
münhal	ADJ	-
münhal	NOUN	-
münhani	ADJ	-
münharif	ADJ	-
münhasır	ADJ	-
münhasır	NOUN	-
münhasıran	ADV	-
münhat	ADJ	-
münhezim	ADJ	-
münkesir	ADJ	-
münkesir	NOUN	-
münkir	ADJ	-
münkir	NOUN	-
münteha	ADJ	-
münteha	NOUN	-
müntehabat	NOUN	-
müntehap	ADJ	-
müntehap	NOUN	-
müntehip	NOUN	VOICING
müntehir	ADJ	-
müntesip	ADJ	-
müntesip	NOUN	-
münteşir	ADJ	-
münteşir	NOUN	-
münzevi	ADJ	-
münşeat	NOUN	-
münşi	ADJ	-
müphem	ADJ	-
müphem	ADV	-
müphemiyet	NOUN	-
müptedi	ADJ	-
müptela	ADJ	-
müptela	NOUN	-
müptezel	ADJ	-
müptezel	NOUN	-
müracaat	NOUN	-
müracaatçı	NOUN	-
müradif	ADJ	-
mürai	ADJ	-
mürdesenk	NOUN	VOICING
mürdüm	NOUN	-
mürdümük	NOUN	VOICING
mürebbi	NOUN	-
mürebbiye	NOUN	-
müreccah	ADJ	-
müreffeh	ADJ	-
müreffehen	ADV	-
mürekkep	ADJ	VOICING
mürekkep	NOUN	VOICING
mürekkeple	VERB	-
mürekkepleme	NOUN	-
mürekkeplen	VERB	-
mürekkepçi	NOUN	-
mürettebat	NOUN	-
mürettep	ADJ	-
mürettep	NOUN	-
mürettip	ADJ	VOICING
mürettip	NOUN	VOICING
mürettiphane	NOUN	-
mürevviç	NOUN	VOICING
mürit	NOUN	VOICING
mürt	ADJ	-
mürtefi	ADJ	-
mürtefi	NOUN	-
mürtekip	ADJ	-
mürtekip	NOUN	-
mürtesem	NOUN	-
mürtet	ADJ	-
mürteşi	NOUN	-
mürur	NOUN	-
müruriye	NOUN	-
müruruzaman	NOUN	-
mürver	NOUN	-
mürüvvet	NOUN	-
mürşit	NOUN	VOICING
müsaade	NOUN	-
müsabaka	NOUN	-
müsabık	NOUN	-
müsademe	NOUN	-
müsadere	NOUN	-
müsadif	ADJ	-
müsait	ADJ	-
müsakkafat	NOUN	-
müsamaha	NOUN	-
müsamahakâr	ADJ	-
müsamahasızca	ADV	-
müsamere	NOUN	-
müsavat	NOUN	-
müsavatçı	ADJ	-
müsavi	ADJ	-
müsebbip	ADJ	VOICING
müseccel	ADJ	-
müseddes	NOUN	-
müsekkin	ADJ	-
müsellem	ADJ	-
müselles	ADJ	-
müselles	NOUN	-
müsellesat	NOUN	-
müsellim	NOUN	-
müselsel	ADJ	-
müsemma	ADJ	-
müsemmen	ADJ	-
müsemmen	NOUN	-
müsevvit	NOUN	VOICING
müshil	NOUN	-
müsilaj	NOUN	-
müskat	NOUN	VOICING
müskirat	NOUN	-
müsmir	ADJ	-
müsmir	NOUN	-
müsnet	ADJ	-
müsnet	NOUN	-
müspet	ADJ	-
müsrif	ADJ	-
müstacel	ADJ	-
müstacelen	ADV	-
müstaceliyet	NOUN	-
müstafi	ADJ	-
müstahak	ADJ	-
müstahak	NOUN	-
müstahdem	NOUN	-
müstahkem	ADJ	-
müstahsil	ADJ	-
müstahzar	ADJ	-
müstahzar	NOUN	-
müstahzarat	NOUN	-
müstait	ADJ	-
müstakar	ADJ	-
müstakar	NOUN	-
müstakbel	ADJ	-
müstakil	ADJ	-
müstakil	NOUN	-
müstakilen	ADV	-
müstakim	ADJ	-
müstakim	NOUN	-
müstamel	ADJ	-
müstamel	NOUN	-
müstantik	NOUN	-
müstağni	ADJ	-
müstağni	NOUN	-
müstear	ADJ	-
müstear	NOUN	-
müstebat	ADJ	-
müstebit	ADJ	-
müstecir	NOUN	-
müstefit	ADJ	-
müstehap	ADJ	VOICING
müstehap	NOUN	VOICING
müstehase	NOUN	-
müstehcen	ADJ	-
müstehcenleş	VERB	-
müstehzi	ADJ	-
müstehzi	ADV	-
müstekbir	ADJ	-
müstekreh	ADJ	-
müstelzim	ADJ	-
müstelzim	NOUN	-
müstemirren	ADV	-
müstemleke	NOUN	-
müstemlekeleş	VERB	-
müstemlekeleştir	VERB	-
müsteniden	ADV	-
müstenit	ADJ	-
müstenkif	ADJ	-
müstensih	NOUN	-
müsterih	ADJ	-
müstesna	ADJ	-
müstesna	ADV	-
müstesna	NOUN	-
müstevi	ADJ	-
müstevi	NOUN	-
müstezat	NOUN	VOICING
müsteşar	NOUN	-
müsteşrik	NOUN	-
müsvedde	NOUN	-
mütalaa	NOUN	-
mütareke	NOUN	-
müteaddi	ADJ	-
müteaddit	ADJ	-
müteaffin	ADJ	-
müteahhit	NOUN	VOICING
müteakiben	ADV	-
müteakip	ADJ	-
müteakip	ADV	-
mütealiye	NOUN	-
müteammim	ADJ	-
mütearife	NOUN	-
mütebahhir	ADJ	-
mütebaki	ADJ	-
mütebasbıs	ADJ	-
mütebeddil	ADJ	-
mütebessim	ADJ	-
mütecanis	ADJ	-
mütecasir	ADJ	-
mütecaviz	ADJ	-
mütecaviz	NOUN	-
mütecessis	ADJ	-
mütecessis	NOUN	-
mütedair	ADJ	-
mütedavil	ADJ	-
mütedeyyin	ADJ	-
müteessif	ADJ	-
müteessif	NOUN	-
müteessir	ADJ	-
müteessir	NOUN	-
mütefekkir	NOUN	-
mütefennin	NOUN	-
müteferrik	ADJ	-
müteferrika	NOUN	-
mütegallibe	ADJ	-
mütehakkim	ADJ	-
mütehakkim	NOUN	-
mütehammil	ADJ	-
müteharrik	ADJ	-
müteharrik	NOUN	-
mütehassis	ADJ	-
mütehassıs	ADJ	-
mütehavvil	ADJ	-
mütehayyil	ADJ	-
mütehayyir	ADJ	-
mütehevvir	ADJ	-
müteheyyiç	ADJ	-
mütekabil	ADJ	-
mütekabiliyet	NOUN	-
mütekait	ADJ	-
mütekebbir	ADJ	-
mütekellim	ADJ	-
mütekellim	NOUN	-
mütekâmil	ADJ	-
mütekâsif	ADJ	-
mütekâsif	NOUN	-
mütelezziz	ADJ	-
mütemadi	ADJ	-
mütemadi	ADV	-
mütemadiyen	ADV	-
mütemayil	ADJ	-
mütemayiz	ADJ	-
mütemekkin	ADJ	-
mütemerkiz	ADJ	-
mütemmim	ADJ	-
mütemmim	NOUN	-
mütenakıs	ADJ	-
mütenakız	ADJ	-
mütenasip	ADJ	-
mütenavip	ADJ	-
mütenazır	ADJ	-
mütenebbih	ADJ	-
müteneffir	ADJ	-
müteneffir	ADV	-
mütenekkir	ADJ	-
mütenekkiren	ADV	-
mütenevvi	ADJ	-
müteradif	ADJ	-
müterakim	ADJ	-
müterakki	ADJ	-
mütercem	ADJ	-
mütercim	NOUN	-
mütereddi	ADJ	-
mütereddit	ADJ	VOICING
mütesanit	ADJ	-
mütesanit	NOUN	-
müteselsil	ADJ	-
müteselsilen	ADV	-
mütetebbi	ADJ	-
mütevakkıf	ADJ	-
mütevazi	ADJ	-
mütevazi	NOUN	-
mütevazin	ADJ	-
mütevazı	ADJ	-
mütevazı	NOUN	-
müteveccih	ADJ	-
müteveccih	NOUN	-
müteveccihen	ADV	-
müteveccihen	NOUN	-
müteveffa	NOUN	-
mütevehhim	ADJ	-
mütevehhim	NOUN	-
mütevekkil	ADJ	-
mütevellit	ADJ	-
mütevellit	NOUN	-
müteverrim	ADJ	-
müteyakkız	ADJ	-
mütezayit	ADJ	-
müteşebbis	NOUN	-
müteşekkil	ADJ	-
müteşekkir	ADJ	-
müthiş	ADJ	-
müthiş	INTERJ	-
müthiş	NOUN	-
müttefik	ADJ	-
müttefiken	ADV	-
müttefiken	NOUN	-
müttehiden	ADV	-
müttehit	ADJ	VOICING
müvekkil	NOUN	-
müvekkile	NOUN	-
müvellidülhumuza	NOUN	-
müvellidülma	NOUN	-
müverrih	NOUN	-
müvesvis	ADJ	-
müvezzi	NOUN	-
müyesser	ADJ	-
müzaheret	NOUN	-
müzahir	ADJ	-
müzahrefat	NOUN	-
müzakerat	NOUN	-
müzakere	NOUN	-
müzayaka	NOUN	-
müzayede	NOUN	-
müze	NOUN	-
müzebzep	ADJ	-
müzebzep	NOUN	-
müzehhep	ADJ	-
müzehhep	NOUN	-
müzekker	ADJ	-
müzekkere	NOUN	-
müzevir	ADJ	-
müzevirle	VERB	-
müzevirleme	NOUN	-
müzeyyen	ADJ	-
müzik	NOUN	VOICING
müzikal	ADJ	-
müzikal	NOUN	-
müzikalite	NOUN	-
müzikevi	NOUN	-
müzikhol	NOUN	-
müziklendir	VERB	-
müzikleştir	VERB	-
müzikolog	NOUN	-
müzikoloji	NOUN	-
müzikolojik	ADJ	-
müziksel	ADJ	-
müziksever	ADJ	-
müzikçi	NOUN	-
müzisyen	NOUN	-
müziç	ADJ	-
müzmin	ADJ	-
müzminleş	VERB	-
müzminleştir	VERB	-
müçtehit	NOUN	VOICING
müşabehet	NOUN	-
müşabih	ADJ	-
müşahede	NOUN	-
müşahhas	ADJ	-
müşahit	NOUN	VOICING
müşareket	NOUN	-
müşarünileyh	NOUN	-
müşavere	NOUN	-
müşavir	NOUN	-
müşebbeh	ADJ	-
müşekkel	ADJ	-
müşekkel	NOUN	-
müşerref	ADJ	-
müşevveş	ADJ	-
müşevvik	ADJ	-
müşevvik	NOUN	-
müşfik	ADJ	-
müşir	ADJ	-
müşir	NOUN	-
müşkül	ADJ	-
müşkül	NOUN	-
müşkülat	NOUN	-
müşküle	NOUN	-
müşkülleş	VERB	-
müşkülpesent	ADJ	VOICING
müşkülpesent	NOUN	VOICING
müşrik	ADJ	-
müştak	ADJ	-
müştak	NOUN	-
müştehi	ADJ	-
müştehi	NOUN	-
müşteki	ADJ	-
müştemilat	NOUN	-
müşterek	ADJ	-
müşterek	ADV	-
müşterek	NOUN	-
müştereken	ADV	-
müşteri	NOUN	-
mıcır	NOUN	-
mıgri	NOUN	-
mıgır	ADJ	-
mıh	NOUN	-
mıhbaşı	NOUN	-
mıhla	VERB	-
mıhlama	NOUN	-
mıhlan	VERB	-
mıhlayabil	VERB	-
mıhlayabilme	NOUN	-
mıhlayıver	VERB	-
mıhlayıverme	NOUN	-
mıhsıçtı	ADJ	-
mıhtepesi	NOUN	-
mıhçı	NOUN	-
mıklep	NOUN	VOICING
mıknatıs	NOUN	-
mıknatısi	ADJ	-
mıknatısiyet	NOUN	-
mıknatısla	VERB	-
mıknatıslama	NOUN	-
mıknatıslan	VERB	-
mıncık	NOUN	VOICING
mıncıkla	VERB	-
mıncıklama	NOUN	-
mıncıklan	VERB	-
mıncırık	ADJ	-
mıntıka	NOUN	-
mırla	VERB	-
mırlama	NOUN	-
mırlan	VERB	-
mırmır	NOUN	-
mırmırık	ADJ	-
mırmırık	NOUN	-
mırnav	NOUN	-
mırra	NOUN	-
mırılda	VERB	-
mırıldama	NOUN	-
mırıldan	VERB	-
mırıldanabil	VERB	-
mırıldanabilme	NOUN	-
mırıldanma	NOUN	-
mırıldanış	NOUN	-
mırıltı	NOUN	-
mısdak	NOUN	VOICING
mıskal	NOUN	-
mıskala	NOUN	-
mısmıl	ADJ	-
mısra	NOUN	-
mısır	NOUN	-
mısırtavuğu	NOUN	-
mıymıntı	ADJ	-
mıymıntı	NOUN	-
mızmız	ADJ	-
mızmız	NOUN	-
mızmızca	ADJ	-
mızmızca	ADV	-
mızmızlan	VERB	-
mızmızlaş	VERB	-
mızrak	NOUN	VOICING
mızraksı	ADJ	-
mızrap	NOUN	VOICING
mızı	VERB	-
mızıka	NOUN	-
mızıklan	VERB	-
mızıkçı	ADJ	-
mızıldan	VERB	-
mızıldanma	NOUN	-
mızıma	NOUN	-
mızırdan	VERB	-
mızırdanma	NOUN	-
mışmış	NOUN	-
mışılda	VERB	-
mışıldama	NOUN	-
naat	NOUN	-
naaş	NOUN	-
nabekâr	ADJ	-
nabekâr	NOUN	-
nabız	NOUN	-
nacak	NOUN	VOICING
nadan	ADJ	-
nadan	NOUN	-
nadanca	ADJ	-
nadanca	ADV	-
nadas	NOUN	-
nadide	ADJ	-
nadim	ADJ	-
nadir	ADJ	-
nadir	ADV	-
nadirat	NOUN	-
nadiren	ADV	-
nafaka	NOUN	-
nafakalan	VERB	-
nafakalandır	VERB	-
nafi	ADJ	-
nafia	NOUN	-
nafile	ADJ	-
nafile	ADV	-
nafile	NOUN	-
nafiz	ADJ	-
nafiz	NOUN	-
nafta	NOUN	-
naftalin	NOUN	-
naftalinle	VERB	-
naftalinleme	NOUN	-
naftalinlen	VERB	-
nagehan	ADV	-
nah	INTERJ	-
nahak	ADJ	-
nahif	ADJ	-
nahif	NOUN	-
nahiv	NOUN	-
nahiye	NOUN	-
nahoş	ADJ	-
nahır	NOUN	-
naif	ADJ	-
naif	NOUN	-
nail	ADJ	-
naip	NOUN	VOICING
nakarat	NOUN	-
nakavt	NOUN	-
nakden	ADV	-
nakden	NOUN	-
nakdî	ADJ	-
nakibüleşraf	NOUN	-
nakil	NOUN	VOWEL_DROP
nakip	NOUN	VOICING
nakisa	NOUN	-
nakit	NOUN	-
nakkare	NOUN	-
nakkarhane	NOUN	-
nakkaş	NOUN	-
nakledebil	VERB	-
nakledebilme	NOUN	-
nakledil	VERB	-
naklediliş	NOUN	-
nakledilme	NOUN	-
naklediş	NOUN	-
naklen	ADV	-
naklen	NOUN	-
naklet	VERB	-
nakletme	NOUN	-
naklettir	VERB	-
naklettirme	NOUN	-
nakliyat	NOUN	-
nakliyatçı	NOUN	-
nakliye	NOUN	-
naklî	ADJ	-
naklî	NOUN	-
nakzen	ADV	-
nakzet	VERB	-
nakzetme	NOUN	-
nakıs	ADJ	-
nakıs	ADV	-
nakıs	NOUN	-
nakız	NOUN	-
nakış	NOUN	-
nakışla	VERB	-
nakışlama	NOUN	-
nakışçı	NOUN	-
nakşedebil	VERB	-
nakşedebilme	NOUN	-
nakşet	VERB	-
nakşetme	NOUN	-
nakşol	VERB	-
nakşolma	NOUN	-
nakşolun	VERB	-
nakşolunma	NOUN	-
nal	NOUN	-
nalan	ADJ	-
nalayık	ADJ	-
nalbant	NOUN	VOICING
nalbur	NOUN	-
naldöken	NOUN	-
nale	NOUN	-
nalekâr	ADJ	-
nalla	VERB	-
nallama	NOUN	-
nallan	VERB	-
nallanış	NOUN	-
nalça	NOUN	-
nalın	NOUN	-
nam	NOUN	-
namahrem	ADJ	-
namahrem	NOUN	-
namaz	NOUN	-
namazbozan	NOUN	-
namazgâh	NOUN	-
namazlağı	NOUN	-
namağlup	ADJ	VOICING
namağlup	ADV	VOICING
namdar	ADJ	-
name	NOUN	-
namert	ADJ	-
namertçe	ADJ	-
namertçe	ADV	-
namevcut	ADJ	VOICING
namus	NOUN	-
namuskâr	ADJ	-
namusluca	ADV	-
namussuzca	ADJ	-
namussuzca	ADV	-
namussuzcasına	ADV	-
namzet	NOUN	VOICING
namünasip	ADJ	-
namüsait	ADJ	-
namütenahi	ADJ	-
namütenahi	ADV	-
namıdiğer	ADV	-
namıdiğer	NOUN	-
namına	ADV	-
namına	NOUN	-
nan	NOUN	-
nanay	NOUN	-
nane	NOUN	-
nanemolla	ADJ	-
nanemolla	NOUN	-
nanik	NOUN	VOICING
nanikle	VERB	-
nanikleme	NOUN	-
nankör	ADJ	-
nankörce	ADJ	-
nankörce	ADV	-
nankörcesine	ADV	-
nankörleş	VERB	-
nanobakteri	NOUN	-
nanometre	NOUN	-
nanoteknoloji	NOUN	-
nanoteknolojik	ADJ	-
nansuk	NOUN	VOICING
nanıaziz	NOUN	-
napalm	NOUN	-
nar	NOUN	-
nara	NOUN	-
narcıl	NOUN	-
nardenk	NOUN	VOICING
nardin	NOUN	-
narenciye	NOUN	-
narenç	NOUN	VOICING
nargile	NOUN	-
nargiller	NOUN	-
narh	NOUN	-
narin	ADJ	-
narin	NOUN	-
narince	NOUN	-
narkotik	ADJ	-
narkotik	NOUN	-
narkotizm	NOUN	-
narkoz	NOUN	-
narkozitör	NOUN	-
narsisizm	NOUN	-
narsist	ADJ	-
narteks	NOUN	-
narval	NOUN	-
narven	NOUN	-
narçiçeği	ADJ	-
narçiçeği	NOUN	-
nas	NOUN	-
nasbet	VERB	-
nasbetme	NOUN	-
nasfet	NOUN	-
nasihat	NOUN	-
nasihatname	NOUN	-
nasihatçi	NOUN	-
nasip	NOUN	VOICING
nasiplen	VERB	-
nasiplendir	VERB	-
nasiplenebil	VERB	-
nasiplenebilme	NOUN	-
nasir	NOUN	-
nasyonalist	NOUN	-
nasyonalizm	NOUN	-
nasıl	ADJ	-
nasıl	ADV	-
nasıl	NOUN	-
nasılsa	ADV	-
nasılsınız	NOUN	-
nasıp	NOUN	-
nasır	NOUN	-
nasırlan	VERB	-
nasırlaş	VERB	-
natamam	ADJ	-
natamam	NOUN	-
nativizm	NOUN	-
nato	ADJ	-
natron	NOUN	-
natuk	ADJ	-
natura	NOUN	-
natür	NOUN	-
natüralist	ADJ	-
natüralizm	NOUN	-
natürel	ADJ	-
natürist	ADJ	-
natürizm	NOUN	-
natürmort	NOUN	VOICING
natıka	NOUN	-
natır	NOUN	-
navigasyon	NOUN	-
navigatör	NOUN	-
navlun	NOUN	-
navteks	NOUN	-
navçağan	NOUN	-
naylon	ADJ	-
naylon	NOUN	-
naz	NOUN	-
nazal	ADJ	-
nazar	NOUN	-
nazaran	POSTP	-
nazari	ADJ	-
nazariyat	NOUN	-
nazariyatçı	NOUN	-
nazariye	NOUN	-
nazarıdikkat	NOUN	-
nazarıitibar	NOUN	-
nazarında	ADV	-
nazende	ADJ	-
nazenin	ADJ	-
nazenin	NOUN	-
nazik	ADJ	VOICING
nazik	NOUN	VOICING
nazikleş	VERB	-
nazikleştir	VERB	-
nazikâne	ADV	-
nazikçe	ADJ	-
nazikçe	ADV	-
nazil	ADJ	-
nazil	NOUN	-
nazir	ADJ	-
nazire	NOUN	-
nazla	VERB	-
nazlama	NOUN	-
nazlan	VERB	-
nazlanabil	VERB	-
nazlanabilme	NOUN	-
nazlandır	VERB	-
nazlanış	NOUN	-
nazlaş	VERB	-
nazmen	ADV	-
nazmet	VERB	-
nazmetme	NOUN	-
nazım	NOUN	-
nazır	ADJ	-
nazır	NOUN	-
naçar	ADJ	-
naçar	NOUN	-
naçiz	ADJ	-
naçizane	ADV	-
naçizane	NOUN	-
nağme	NOUN	-
naşad	ADJ	-
naşi	POSTP	-
naşir	ADJ	-
naşir	NOUN	-
ne	ADJ	-
ne	ADV	-
ne	INTERJ	-
ne	NOUN	-
ne	PRON	-
nebat	NOUN	-
nebatat	NOUN	-
nebati	ADJ	-
nebbaş	NOUN	-
nebevi	ADJ	-
nebi	NOUN	-
nebülöz	NOUN	-
necabet	NOUN	-
necaset	NOUN	-
necat	NOUN	-
nece	ADV	-
necip	ADJ	-
nedamet	NOUN	-
nedbe	NOUN	-
neden	ADV	-
neden	NOUN	-
nedeniyle	POSTP	-
nedense	ADV	-
nedensel	ADJ	-
nedim	NOUN	-
nedime	NOUN	-
nedret	NOUN	-
nefaset	NOUN	-
nefer	NOUN	-
nefes	NOUN	-
nefesle	VERB	-
nefesleme	NOUN	-
nefeslen	VERB	-
nefeslenebil	VERB	-
nefeslenebilme	NOUN	-
nefha	NOUN	-
nefir	NOUN	-
nefis	ADJ	-
nefis	NOUN	VOWEL_DROP
nefiy	NOUN	-
nefret	NOUN	-
nefrit	NOUN	-
nefsani	ADJ	-
nefsaniyet	NOUN	-
nefsî	ADJ	-
neft	NOUN	-
nefte	NOUN	-
neftçi	NOUN	-
neftî	ADJ	-
neftî	NOUN	-
neftîleş	VERB	-
neftîleştir	VERB	-
neftîmsi	ADJ	-
nefyedil	VERB	-
nefyedilme	NOUN	-
nefyet	VERB	-
nefyetme	NOUN	-
negatif	ADJ	-
negatif	NOUN	-
nehari	ADJ	-
nehari	ADV	-
nehir	NOUN	VOWEL_DROP
nehiy	NOUN	-
nekahet	NOUN	-
nekahethane	NOUN	-
nekais	NOUN	-
nekes	ADJ	-
nekre	ADJ	-
nekrofil	ADJ	-
nekroloji	NOUN	-
nekrolojik	ADJ	-
nekropol	NOUN	-
nekrotik	ADJ	-
nekroz	NOUN	-
nektar	NOUN	-
neler	NOUN	-
nem	NOUN	-
nema	NOUN	-
nemalan	VERB	-
nemalandır	VERB	-
nemcil	ADJ	-
nemdenetir	NOUN	-
nemf	NOUN	-
nemlen	VERB	-
nemlendir	VERB	-
nemleniş	NOUN	-
nemlet	VERB	-
nemletme	NOUN	-
nemrut	ADJ	-
nemrut	NOUN	-
nemrutlaş	VERB	-
nemçeker	ADJ	-
nemçeker	NOUN	-
nemölçer	NOUN	-
nene	NOUN	-
neodim	NOUN	-
neofaşist	NOUN	-
neofaşizm	NOUN	-
neojen	ADJ	-
neojen	NOUN	-
neoklasik	ADJ	-
neoklasik	NOUN	-
neoklasisizm	NOUN	-
neoliberal	ADJ	-
neolitik	ADJ	-
neolojizm	NOUN	-
neon	NOUN	-
neoplatonizm	NOUN	-
neoplazma	NOUN	-
neozoik	ADJ	-
nepotist	NOUN	-
nepotizm	NOUN	-
neptünyum	NOUN	-
nere	NOUN	-
nerede	ADV	-
nerede	INTERJ	-
nereden	ADV	-
nereden	NOUN	-
neredeyse	ADV	-
neredeyse	NOUN	-
neresi	ADV	-
neresi	PRON	-
nereye	ADV	-
nergis	NOUN	-
nergisgiller	NOUN	-
neritik	ADJ	-
nervür	NOUN	-
nesep	NOUN	VOICING
nesi	NOUN	-
nesi	PRON	-
nesih	NOUN	-
nesil	NOUN	VOWEL_DROP
nesildaş	NOUN	-
nesim	NOUN	-
nesir	NOUN	VOWEL_DROP
nesiç	NOUN	-
neskafe	NOUN	-
nesne	NOUN	-
nesnel	ADJ	-
nesnel	NOUN	-
nesnelleş	VERB	-
nesnelleştir	VERB	-
nesnesel	ADJ	-
nesren	ADV	-
net	ADJ	-
net	NOUN	-
netice	NOUN	-
neticelen	VERB	-
neticelendir	VERB	-
neticelendirebil	VERB	-
neticelendirebilme	NOUN	-
neticelendiril	VERB	-
neticelendirilme	NOUN	-
neticeleniş	NOUN	-
neticeleş	VERB	-
neticeten	ADV	-
netleş	VERB	-
netleştir	VERB	-
netleştirebil	VERB	-
netleştirebilme	NOUN	-
neuzübillah	INTERJ	-
nev	NOUN	-
neva	NOUN	-
nevale	NOUN	-
nevazil	NOUN	-
nevaziş	NOUN	-
nevbahar	NOUN	-
neveser	NOUN	-
nevir	NOUN	VOWEL_DROP
nevmit	ADJ	-
nevmit	ADV	-
nevralji	NOUN	-
nevraljik	ADJ	-
nevrasteni	NOUN	-
nevresim	NOUN	-
nevropat	NOUN	-
nevrotik	ADJ	-
nevroz	NOUN	-
nevruz	NOUN	-
nevton	NOUN	-
nevzat	NOUN	VOICING
nevzuhur	ADJ	-
nevzuhur	NOUN	-
ney	NOUN	-
neye	ADV	-
neyleyim	NOUN	-
neymiş	NOUN	-
neyse	ADV	-
neyse	CONJ	-
neyse	INTERJ	-
neyzen	NOUN	-
neyçe	NOUN	-
nezafet	NOUN	-
nezahet	NOUN	-
nezaket	NOUN	-
nezaketen	ADV	-
nezaketsizce	ADV	-
nezaret	NOUN	-
nezarethane	NOUN	-
nezdinde	ADV	-
nezet	VERB	-
nezetme	NOUN	-
nezgep	NOUN	VOICING
nezif	NOUN	-
nezih	ADJ	-
nezih	NOUN	-
nezir	NOUN	VOWEL_DROP
nezle	NOUN	-
nezret	VERB	-
nezretme	NOUN	-
neşe	NOUN	-
neşelen	VERB	-
neşelendir	VERB	-
neşelendirebil	VERB	-
neşelendirebilme	NOUN	-
neşeleniş	NOUN	-
neşet	NOUN	-
neşide	NOUN	-
neşir	NOUN	VOWEL_DROP
neşredebil	VERB	-
neşredebilme	NOUN	-
neşredil	VERB	-
neşredilme	NOUN	-
neşren	ADV	-
neşret	VERB	-
neşretme	NOUN	-
neşrettir	VERB	-
neşrettirme	NOUN	-
neşriyat	NOUN	-
neşrolun	VERB	-
neşrolunma	NOUN	-
neşter	NOUN	-
neşterle	VERB	-
neşterleme	NOUN	-
neşvünema	NOUN	-
nice	ADJ	-
nice	ADV	-
nice	NOUN	-
nicel	ADJ	-
nicele	VERB	-
niceleme	NOUN	-
niceleyiş	NOUN	-
nickname	NOUN	-
nida	NOUN	-
nifak	NOUN	-
nifakçı	ADJ	-
nigâhban	NOUN	-
nihai	ADJ	-
nihale	NOUN	-
nihan	ADJ	-
nihavent	NOUN	VOICING
nihayet	ADV	-
nihayet	NOUN	-
nihayetinde	ADV	-
nihayetlen	VERB	-
nihayetlendir	VERB	-
nihilist	ADJ	-
nihilizm	NOUN	-
nikap	NOUN	VOICING
nikbet	NOUN	-
nikbin	ADJ	-
nikel	NOUN	-
nikelaj	NOUN	-
nikelle	VERB	-
nikelleme	NOUN	-
nikelsi	ADJ	-
nikotin	NOUN	-
nikris	NOUN	-
nikriz	NOUN	-
nikâh	NOUN	-
nikâhla	VERB	-
nikâhlama	NOUN	-
nikâhlan	VERB	-
nikâhlanış	NOUN	-
nikâhlayış	NOUN	-
nilüfer	NOUN	-
nilüfergiller	NOUN	-
nim	ADJ	-
nimbus	NOUN	-
nimet	NOUN	-
nimetşinas	ADJ	-
nine	INTERJ	-
nine	NOUN	-
ninni	INTERJ	-
ninni	NOUN	-
nipel	NOUN	-
nirengi	NOUN	-
nisa	NOUN	-
nisai	ADJ	-
nisai	NOUN	-
nisaiye	NOUN	-
nisan	NOUN	-
nisanbalığı	NOUN	-
nisap	NOUN	VOICING
nispet	ADV	-
nispet	NOUN	-
nispet	POSTP	-
nispeten	ADV	-
nispeten	POSTP	-
nispetle	NOUN	-
nispetle	POSTP	-
nispetçi	NOUN	-
nispi	ADJ	-
nispi	NOUN	-
nisyan	NOUN	-
nite	ADV	-
nitekim	ADV	-
nitekim	NOUN	-
nitel	ADJ	-
nitele	VERB	-
niteleme	NOUN	-
nitelen	VERB	-
nitelendir	VERB	-
nitelendirebil	VERB	-
nitelendirebilme	NOUN	-
nitelendiril	VERB	-
nitelendiriliş	NOUN	-
nitelendirilme	NOUN	-
nitelendiriş	NOUN	-
niteleniş	NOUN	-
niteleyebil	VERB	-
niteleyebilme	NOUN	-
niteleyiş	NOUN	-
nitramit	NOUN	-
nitrat	NOUN	-
nitratin	NOUN	-
nitrogliserin	NOUN	-
nitrojen	NOUN	-
nitroselüloz	NOUN	-
niyabet	NOUN	-
niyaz	NOUN	-
niye	ADV	-
niyet	NOUN	-
niyetlen	VERB	-
niyetleniş	NOUN	-
niyetçi	NOUN	-
niyobyum	NOUN	-
niza	NOUN	-
nizam	NOUN	-
nizami	ADJ	-
nizami	NOUN	-
nizamiye	NOUN	-
nizamname	NOUN	-
nizamsızca	ADV	-
niçin	ADV	-
niş	NOUN	-
nişaburek	NOUN	VOICING
nişadır	NOUN	-
nişan	NOUN	-
nişane	NOUN	-
nişangeç	NOUN	VOICING
nişangâh	NOUN	-
nişanla	VERB	-
nişanlama	NOUN	-
nişanlan	VERB	-
nişanlanış	NOUN	-
nişanlayabil	VERB	-
nişanlayabilme	NOUN	-
nişanlayıver	VERB	-
nişanlayıverme	NOUN	-
nişasta	NOUN	-
nişastalan	VERB	-
nobelyum	NOUN	-
nobran	ADJ	-
nobranca	ADJ	-
nobranca	ADV	-
nod	NOUN	-
nodul	NOUN	-
nodulla	VERB	-
nodullama	NOUN	-
nodullan	VERB	-
nodül	NOUN	-
nohudi	ADJ	-
nohudi	NOUN	-
nohut	NOUN	VOICING
nohutsu	ADJ	-
nokra	NOUN	-
noksan	ADJ	-
noksan	NOUN	-
nokta	NOUN	-
noktainazar	NOUN	-
noktala	VERB	-
noktalama	NOUN	-
noktalan	VERB	-
noktalandır	VERB	-
noktalanış	NOUN	-
noktalayabil	VERB	-
noktalayabilme	NOUN	-
noktalayış	NOUN	-
nom	NOUN	-
nomanklatür	NOUN	-
nominal	ADJ	-
nominal	NOUN	-
nominalizm	NOUN	-
nominatif	NOUN	-
nomografi	NOUN	-
nonfigüratif	ADJ	-
nonoş	INTERJ	-
nonoş	NOUN	-
nordik	ADJ	-
norm	NOUN	-
normal	ADJ	-
normal	NOUN	-
normalaltı	NOUN	-
normalleş	VERB	-
normalleştir	VERB	-
normalleştirebil	VERB	-
normalleştirebilme	NOUN	-
normalüstü	ADJ	-
normatif	ADJ	-
nostalji	NOUN	-
nostaljik	ADJ	-
nosyon	NOUN	-
not	NOUN	-
nota	NOUN	-
notala	VERB	-
notalama	NOUN	-
notam	NOUN	-
notasyon	NOUN	-
notebook	NOUN	-
noter	NOUN	-
notla	VERB	-
notlama	NOUN	-
notlan	VERB	-
notlandır	VERB	-
notlandırıl	VERB	-
notlandırılma	NOUN	-
nova	NOUN	-
nuhuset	NOUN	-
nukut	NOUN	VOICING
numara	NOUN	-
numarala	VERB	-
numaralama	NOUN	-
numaralan	VERB	-
numaralandır	VERB	-
numaralanış	NOUN	-
numaralayış	NOUN	-
numen	NOUN	-
numerik	ADJ	-
numerik	ADV	-
numune	ADJ	-
numune	NOUN	-
nur	NOUN	-
nurani	ADJ	-
nurani	NOUN	-
nurlan	VERB	-
nurlandır	VERB	-
nurlanış	NOUN	-
nuruaynım	INTERJ	-
nuruaynım	NOUN	-
nurudidem	INTERJ	-
nurudidem	NOUN	-
nuruçeşmim	INTERJ	-
nuruçeşmim	NOUN	-
nutuk	NOUN	-
nâkil	ADJ	-
nâkil	NOUN	-
nâr	NOUN	-
nârıbeyza	ADJ	-
nâzım	ADJ	-
nâzım	NOUN	-
nöbet	NOUN	-
nöbetleş	VERB	-
nöbetleşe	ADV	-
nöbetçi	NOUN	-
nörolog	NOUN	-
nöroloji	NOUN	-
nörolojik	ADJ	-
nöron	NOUN	-
nörotik	ADJ	VOICING
nörotik	NOUN	VOICING
nöroşirürji	NOUN	-
nöroşirürjik	ADJ	-
nöroşirürjiyen	NOUN	-
nötr	ADJ	-
nötr	NOUN	-
nötralizasyon	NOUN	-
nötralizm	NOUN	-
nötrle	VERB	-
nötrleme	NOUN	-
nötrleş	VERB	-
nötrleştir	VERB	-
nötron	NOUN	-
nü	ADJ	-
nü	NOUN	-
nüans	NOUN	-
nübüvvet	NOUN	-
nüdist	NOUN	-
nüdizm	NOUN	-
nüfus	NOUN	-
nüfusçu	NOUN	-
nüfuz	NOUN	-
nüfuzkâr	ADJ	-
nühüft	NOUN	-
nükleer	ADJ	-
nükleon	NOUN	-
nükleoprotein	NOUN	-
nüks	NOUN	-
nükte	NOUN	-
nüktedan	ADJ	-
nükûl	NOUN	-
nümayiş	NOUN	-
nümayişkâr	ADJ	-
nümayişçi	NOUN	-
nümismat	NOUN	-
nümismatik	NOUN	VOICING
nüsha	ADJ	-
nüsha	NOUN	-
nütasyon	NOUN	-
nüvaziş	NOUN	-
nüve	NOUN	-
nüzul	NOUN	VOWEL_DROP
nısfiye	NOUN	-
nısfınnehar	NOUN	-
nısıf	NOUN	-
o	ADJ	-
o	INTERJ	-
o	PRON	-
oba	NOUN	-
obabaşı	NOUN	-
obelisk	NOUN	-
oberj	NOUN	-
obez	ADJ	-
obezite	NOUN	-
obje	NOUN	-
objektif	ADJ	-
objektif	NOUN	-
objektivist	ADJ	-
objektivite	NOUN	-
objektivizm	NOUN	-
obligasyon	NOUN	-
obru	VERB	-
obruk	ADJ	VOICING
obruk	NOUN	VOICING
obruklan	VERB	-
obruklaş	VERB	-
obruma	NOUN	-
observatuvar	NOUN	-
obsesif	ADJ	-
obsesyon	NOUN	-
obsidiyen	NOUN	-
obskürantist	ADJ	-
obskürantizm	NOUN	-
obstrüksiyon	NOUN	-
obturatoryus	ADJ	-
obtüratör	NOUN	-
obua	NOUN	-
obur	ADJ	-
obur	NOUN	-
oburca	ADV	-
oburcasına	ADV	-
oburlaş	VERB	-
obuz	NOUN	-
obüs	NOUN	-
ocak	NOUN	VOICING
ocakayı	NOUN	-
ocakbaşı	NOUN	-
ocakeşeği	NOUN	-
ocakçı	NOUN	-
ocu	VERB	-
ocuma	NOUN	-
od	NOUN	-
oda	NOUN	-
odabaşı	NOUN	-
odacık	NOUN	VOICING
odak	NOUN	VOICING
odakla	VERB	-
odaklama	NOUN	-
odaklan	VERB	-
odaklanabil	VERB	-
odaklanabilme	NOUN	-
odaklandır	VERB	-
odaklanış	NOUN	-
odaklayabil	VERB	-
odaklayabilme	NOUN	-
odaklaş	VERB	-
odaklaştır	VERB	-
odaşık	NOUN	VOICING
odeon	NOUN	-
oditoryum	NOUN	-
odograf	NOUN	-
odografi	NOUN	-
odolyograf	NOUN	-
odolyometri	NOUN	-
odometre	NOUN	-
odontalji	NOUN	-
odontatrofi	NOUN	-
odontektomi	NOUN	-
odontit	NOUN	-
odontoblast	NOUN	-
odontofobi	NOUN	-
odontoglif	NOUN	-
odontografi	NOUN	-
odontoit	ADJ	VOICING
odontojen	NOUN	-
odontojenez	NOUN	-
odontojenik	NOUN	-
odontoklast	NOUN	-
odontoklazi	NOUN	-
odontoksi	NOUN	-
odontolit	NOUN	-
odontoliz	NOUN	-
odontolog	NOUN	-
odontoloji	NOUN	-
odontoloksi	NOUN	-
odontom	NOUN	-
odontometre	NOUN	-
odontonozoloji	NOUN	-
odontopati	NOUN	-
odontoraji	NOUN	-
odontosi	NOUN	-
odontoskop	NOUN	VOICING
odontoterapi	NOUN	-
odontotomi	NOUN	-
odontotripi	NOUN	-
odorimetre	NOUN	-
odorimetri	NOUN	-
odotakimetre	NOUN	-
odun	ADJ	-
odun	NOUN	-
odunağa	ADJ	-
oduncul	NOUN	-
odunlaş	VERB	-
odunsu	ADJ	-
odunsu	NOUN	-
odunumsu	ADJ	-
odyofon	NOUN	-
odyofrekans	NOUN	-
odyogram	NOUN	-
odyometre	NOUN	-
odyovizüel	ADJ	-
oerstedit	NOUN	-
oerstit	NOUN	-
of	INTERJ	-
ofans	ADJ	-
ofansif	ADJ	-
ofis	NOUN	-
ofla	VERB	-
oflama	NOUN	-
oflayış	NOUN	-
oflaz	ADJ	-
ofris	NOUN	-
ofsayt	NOUN	-
ofset	NOUN	-
ofsetçi	NOUN	-
oftalmolog	NOUN	-
oftalmoloji	NOUN	-
oftalmolojik	ADJ	-
oftalmoskop	NOUN	VOICING
oh	INTERJ	-
oha	INTERJ	-
oha	NOUN	-
ohla	VERB	-
ohlama	NOUN	-
ohm	NOUN	-
oje	NOUN	-
ojele	VERB	-
ojeleme	NOUN	-
ojit	NOUN	-
ok	NOUN	-
okaliptus	NOUN	-
okapi	NOUN	-
okar	NOUN	-
okarina	NOUN	-
okazyon	ADJ	-
okazyon	NOUN	-
okey	NOUN	-
okka	NOUN	-
okkala	VERB	-
okkalama	NOUN	-
okla	VERB	-
oklama	NOUN	-
oklan	VERB	-
oklava	NOUN	-
okra	NOUN	-
okra	VERB	-
okrama	NOUN	-
okruk	NOUN	VOICING
oksalat	NOUN	-
oksidasyon	NOUN	-
okside	ADJ	-
oksijen	NOUN	-
oksijenle	VERB	-
oksijenleme	NOUN	-
oksijenlen	VERB	-
oksilit	NOUN	-
oksimoron	NOUN	-
oksit	NOUN	VOICING
oksitle	VERB	-
oksitleme	NOUN	-
oksitlen	VERB	-
oksitleniş	NOUN	-
oksitleş	VERB	-
oksiyür	NOUN	-
oksu	ADJ	-
oktan	NOUN	-
oktant	NOUN	-
oktav	NOUN	-
oktrua	NOUN	-
oku	VERB	-
okul	NOUN	-
okuldaş	NOUN	-
okullaş	VERB	-
okullulaş	VERB	-
okuma	NOUN	-
okume	NOUN	-
okumuş	ADJ	-
okun	VERB	-
okunabil	VERB	-
okunabilme	NOUN	-
okunma	NOUN	-
okuntu	NOUN	-
okunul	VERB	-
okunulma	NOUN	-
okunuş	NOUN	-
okur	NOUN	-
okuryazar	ADJ	-
okuryazarlaş	VERB	-
okut	VERB	-
okutabil	VERB	-
okutabilme	NOUN	-
okutma	NOUN	-
okutman	NOUN	-
okuttur	VERB	-
okutturabil	VERB	-
okutturabilme	NOUN	-
okutturma	NOUN	-
okutul	VERB	-
okutulma	NOUN	-
okutuş	NOUN	-
okuyabil	VERB	-
okuyabilme	NOUN	-
okuyuver	VERB	-
okuyuverme	NOUN	-
okuyuş	NOUN	-
okyanus	NOUN	-
okçu	NOUN	-
oküler	NOUN	-
okültizm	NOUN	-
okşa	VERB	-
okşama	NOUN	-
okşan	VERB	-
okşanma	NOUN	-
okşantı	NOUN	-
okşanış	NOUN	-
okşat	VERB	-
okşatma	NOUN	-
okşayabil	VERB	-
okşayabilme	NOUN	-
okşayıver	VERB	-
okşayıverme	NOUN	-
okşayış	NOUN	-
ol	ADJ	-
ol	PRON	-
ol	VERB	-
olabil	VERB	-
olabildiğince	ADV	-
olabildiğince	NOUN	-
olabilir	ADJ	-
olabilme	NOUN	-
olacak	ADJ	VOICING
olacak	NOUN	VOICING
oladur	VERB	-
oladurma	NOUN	-
olagel	VERB	-
olagelme	NOUN	-
olamaz	ADJ	-
olamaz	INTERJ	-
olanak	NOUN	VOICING
olanaksızlaş	VERB	-
olanaksızlaştır	VERB	-
olanca	ADJ	-
olası	ADJ	-
olası	NOUN	-
olasıya	ADV	-
olay	NOUN	-
olayaz	VERB	-
olayazma	NOUN	-
olaycık	NOUN	VOICING
olaylama	NOUN	-
olaylaştır	VERB	-
olağan	ADJ	-
olağan	NOUN	-
olağanlaş	VERB	-
olağanlaşabil	VERB	-
olağanlaşabilme	NOUN	-
olağanlaştır	VERB	-
olağanüstü	ADJ	-
olağanüstü	NOUN	-
olcay	ADJ	-
olcay	NOUN	-
oldu	INTERJ	-
oldu	NOUN	-
oldubitti	NOUN	-
oldukça	ADV	-
oldur	VERB	-
oldurgan	ADJ	-
oldurma	NOUN	-
oldurt	VERB	-
oldurtma	NOUN	-
ole	INTERJ	-
olefin	NOUN	-
oleik	NOUN	VOICING
olein	NOUN	-
oleometre	NOUN	-
oley	INTERJ	-
olgu	NOUN	-
olgun	ADJ	-
olgun	NOUN	-
olgunca	ADJ	-
olgunca	ADV	-
olgunlaş	VERB	-
olgunlaşabil	VERB	-
olgunlaşabilme	NOUN	-
olgunlaştır	VERB	-
olgunlaştırabil	VERB	-
olgunlaştırabilme	NOUN	-
olgusal	ADJ	-
oligark	NOUN	-
oligarşi	NOUN	-
oligoklaz	NOUN	-
oligopol	NOUN	-
oligopolleş	VERB	-
oligopson	NOUN	-
oligosen	NOUN	-
olijist	NOUN	-
olimpik	ADJ	-
olimpiyat	NOUN	-
olivin	NOUN	-
olma	NOUN	-
olmadık	ADJ	-
olmadık	NOUN	-
olmamış	ADJ	-
olmamış	NOUN	-
olmaz	ADJ	-
olmaz	NOUN	-
olmazlan	VERB	-
olmuş	ADJ	-
olmuş	NOUN	-
olta	NOUN	-
oluk	NOUN	VOICING
oluklaş	VERB	-
olukçuk	NOUN	VOICING
olumlama	NOUN	-
olumlan	VERB	-
olumsal	ADJ	-
olumsuzla	VERB	-
olumsuzlama	NOUN	-
olumsuzlan	VERB	-
olumsuzlaş	VERB	-
olumsuzlaştır	VERB	-
olun	VERB	-
olunabil	VERB	-
olunabilme	NOUN	-
olunma	NOUN	-
olupbitti	NOUN	-
olur	ADJ	-
olur	INTERJ	-
olur	NOUN	-
oluru	NOUN	-
oluver	VERB	-
oluverme	NOUN	-
oluş	NOUN	-
oluş	VERB	-
oluşabil	VERB	-
oluşabilme	NOUN	-
oluşma	NOUN	-
oluştur	VERB	-
oluşturabil	VERB	-
oluşturabilme	NOUN	-
oluşturma	NOUN	-
oluşturt	VERB	-
oluşturtma	NOUN	-
oluşturul	VERB	-
oluşturulabil	VERB	-
oluşturulabilme	NOUN	-
oluşturulma	NOUN	-
oluşturuver	VERB	-
oluşturuverme	NOUN	-
oluşuk	ADJ	VOICING
oluşuk	NOUN	VOICING
oluşum	NOUN	-
oluşuver	VERB	-
oluşuverme	NOUN	-
olçum	NOUN	-
om	NOUN	-
oma	NOUN	-
ombra	NOUN	-
ombre	NOUN	-
ombudsman	NOUN	-
omca	NOUN	-
omentum	NOUN	-
omfazit	NOUN	-
omlet	NOUN	-
omnibüs	NOUN	-
omnivor	NOUN	-
omur	NOUN	-
omurga	NOUN	-
omurgalılar	NOUN	-
omurgasızlar	NOUN	-
omuz	NOUN	-
omuzdaş	NOUN	-
omuzla	VERB	-
omuzlama	NOUN	-
omuzlan	VERB	-
omuzlayabil	VERB	-
omuzlayabilme	NOUN	-
omuzlayış	NOUN	-
on	ADJ	-
on	NOUN	-
on	VERB	-
ona	PRON	-
ona	VERB	-
onam	NOUN	-
onama	NOUN	-
onan	VERB	-
onanizm	NOUN	-
onanma	NOUN	-
onar	ADJ	-
onar	NOUN	-
onar	VERB	-
onarabil	VERB	-
onarabilme	NOUN	-
onarma	NOUN	-
onart	VERB	-
onartma	NOUN	-
onarıl	VERB	-
onarılma	NOUN	-
onarım	NOUN	-
onarıver	VERB	-
onarıverme	NOUN	-
onarış	NOUN	-
onat	ADJ	-
onat	NOUN	-
onat	VERB	-
onatma	NOUN	-
onay	NOUN	-
onayabil	VERB	-
onayabilme	NOUN	-
onayla	VERB	-
onaylama	NOUN	-
onaylan	VERB	-
onaylanış	NOUN	-
onaylat	VERB	-
onaylatabil	VERB	-
onaylatabilme	NOUN	-
onaylatma	NOUN	-
onaylattır	VERB	-
onaylattırma	NOUN	-
onaylattırıl	VERB	-
onaylattırılma	NOUN	-
onaylatıl	VERB	-
onaylatılma	NOUN	-
onaylatış	NOUN	-
onaylayabil	VERB	-
onaylayabilme	NOUN	-
onaylayış	NOUN	-
onaş	VERB	-
onaşma	NOUN	-
onbaşı	NOUN	-
onca	ADJ	-
onca	ADV	-
oncası	PRON	-
onculayın	ADV	-
ondalıkçı	NOUN	-
ondan	NOUN	-
ondur	VERB	-
ondurma	NOUN	-
ondülasyon	NOUN	-
ondüle	ADJ	-
ondülin	NOUN	-
onejit	NOUN	-
ongen	NOUN	-
ongun	ADJ	-
ongun	NOUN	-
oniks	NOUN	-
onkolog	NOUN	-
onkoloji	NOUN	-
onkolojik	ADJ	-
onlar	NOUN	-
onlar	PRON	-
onlarca	ADJ	-
onlarca	ADV	-
onlarca	NOUN	-
onlardan	NOUN	-
onlarınki	ADJ	-
onma	NOUN	-
onmadık	ADJ	-
onmadık	NOUN	-
onomastik	NOUN	VOICING
onomatope	NOUN	-
onomatopeik	ADJ	-
ons	NOUN	-
onsekiz	NOUN	-
ontogenez	NOUN	-
ontoloji	NOUN	-
ontolojik	ADJ	-
ontolojizm	NOUN	-
onul	VERB	-
onulma	NOUN	-
onum	NOUN	-
onunki	ADJ	-
onunki	PRON	-
onur	NOUN	-
onurlan	VERB	-
onurlandır	VERB	-
onurlandırış	NOUN	-
onursal	ADJ	-
onursuzca	ADV	-
oosfer	NOUN	-
oosit	NOUN	-
opak	ADJ	-
opal	NOUN	-
opalin	NOUN	-
opera	NOUN	-
operakomik	NOUN	VOICING
operasyon	NOUN	-
operasyonel	ADJ	-
operasyonel	NOUN	-
operatris	NOUN	-
operatör	NOUN	-
operatörleş	VERB	-
operet	NOUN	-
operetçi	NOUN	-
oportünist	NOUN	-
oportünizm	NOUN	-
opsiyon	NOUN	-
opsiyonel	ADJ	-
optik	ADJ	VOICING
optik	NOUN	VOICING
optikçi	NOUN	-
optimal	ADJ	-
optimist	ADJ	-
optimist	NOUN	-
optimizasyon	NOUN	-
optimizm	NOUN	-
optimum	ADJ	-
optimum	NOUN	-
optisyen	NOUN	-
optometri	NOUN	-
opus	NOUN	-
ora	NOUN	-
oracık	NOUN	VOICING
oracıkta	ADV	-
orada	ADV	-
orada	NOUN	-
oradan	ADV	-
oradan	NOUN	-
orak	NOUN	VOICING
oraklaş	VERB	-
orakçı	NOUN	-
oral	ADJ	-
oral	ADV	-
oral	NOUN	-
oramiral	NOUN	-
oran	NOUN	-
oranca	ADV	-
orangutan	NOUN	-
oranla	POSTP	-
oranla	VERB	-
oranlama	NOUN	-
oranlayabil	VERB	-
oranlayabilme	NOUN	-
orantı	NOUN	-
orantıla	VERB	-
orantılama	NOUN	-
orantılan	VERB	-
orası	NOUN	-
oratoryo	NOUN	-
oraya	ADV	-
orcik	NOUN	VOICING
ordinaryüs	NOUN	-
ordinat	NOUN	-
ordino	NOUN	-
ordu	NOUN	-
ordubozan	ADJ	-
ordubozan	NOUN	-
orduevi	NOUN	-
ordugâh	NOUN	-
ordövr	NOUN	-
orfoz	NOUN	-
org	NOUN	-
organ	NOUN	-
organel	NOUN	-
organik	ADJ	VOICING
organik	NOUN	VOICING
organikçi	NOUN	-
organizasyon	NOUN	-
organizatör	NOUN	-
organize	ADJ	-
organize	NOUN	-
organizma	NOUN	-
organlaş	VERB	-
organoleptik	NOUN	VOICING
organtin	ADJ	-
organtin	NOUN	-
organze	ADJ	-
organze	NOUN	-
orgazm	NOUN	-
orgeneral	NOUN	-
origami	NOUN	-
orijin	NOUN	-
orijinal	ADJ	-
orijinal	NOUN	-
orijinalite	NOUN	-
orkestra	NOUN	-
orkestralama	NOUN	-
orkide	NOUN	-
orkinos	NOUN	-
orkit	NOUN	-
orlon	ADJ	-
orlon	NOUN	-
orman	NOUN	-
ormancık	NOUN	VOICING
ormanlaş	VERB	-
ormanlaştır	VERB	-
ormansızlaş	VERB	-
ornat	VERB	-
ornatma	NOUN	-
ornitolog	NOUN	-
ornitoloji	NOUN	-
ornitolojik	ADJ	-
ornitorenk	NOUN	VOICING
orografya	NOUN	-
orojeni	NOUN	-
orospu	NOUN	-
orostopol	NOUN	-
orsa	INTERJ	-
orsa	NOUN	-
orsala	VERB	-
orsalama	NOUN	-
orta	ADJ	-
orta	NOUN	-
ortada	ADJ	-
ortada	ADV	-
ortak	ADJ	VOICING
ortak	NOUN	VOICING
ortaklaş	VERB	-
ortaklaşa	ADV	-
ortaklaşa	NOUN	-
ortaklaştır	VERB	-
ortakyaşar	ADJ	-
ortakça	ADV	-
ortakçı	NOUN	-
ortala	VERB	-
ortalama	ADJ	-
ortalama	ADV	-
ortalama	NOUN	-
ortalamasına	ADV	-
ortalat	VERB	-
ortalatma	NOUN	-
ortalayabil	VERB	-
ortalayabilme	NOUN	-
ortalıkta	ADV	-
ortalıkçı	NOUN	-
ortam	NOUN	-
ortanca	ADJ	-
ortanca	NOUN	-
ortaokul	NOUN	-
ortay	ADJ	-
ortay	NOUN	-
ortaç	NOUN	VOICING
ortaöğrenim	NOUN	-
ortaöğretim	NOUN	-
ortez	NOUN	-
ortodonti	NOUN	-
ortoklaz	NOUN	-
ortopedi	NOUN	-
ortopedik	ADJ	-
ortopedist	NOUN	-
ortoz	NOUN	-
orun	NOUN	-
orunlama	NOUN	-
oruç	NOUN	VOICING
orya	NOUN	-
oryantal	ADJ	-
oryantal	NOUN	-
oryantalist	NOUN	-
oryantalizm	NOUN	-
oryantasyon	NOUN	-
oryantiring	NOUN	-
osmiyum	NOUN	-
osteolog	NOUN	-
osteoloji	NOUN	-
osteolojik	ADJ	-
osteoporoz	NOUN	-
osur	VERB	-
osurgan	ADJ	-
osurma	NOUN	-
osurt	VERB	-
osurtma	NOUN	-
osuruk	NOUN	VOICING
osuruş	NOUN	-
ot	ADJ	-
ot	NOUN	-
ota	VERB	-
otala	VERB	-
otalama	NOUN	-
otama	NOUN	-
otantik	ADJ	-
otar	VERB	-
otarma	NOUN	-
otarsi	NOUN	-
otağ	NOUN	-
otel	NOUN	-
otelgarni	NOUN	-
otist	ADJ	-
otistik	ADJ	-
otistik	NOUN	-
otizm	NOUN	-
otla	VERB	-
otlak	NOUN	VOICING
otlakiye	NOUN	-
otlaklama	NOUN	-
otlakçı	ADJ	-
otlakçı	NOUN	-
otlama	NOUN	-
otlan	VERB	-
otlat	VERB	-
otlatabil	VERB	-
otlatabilme	NOUN	-
otlatma	NOUN	-
otlatıl	VERB	-
otlatılma	NOUN	-
otoban	NOUN	-
otobiyografi	NOUN	-
otobiyografik	ADJ	-
otobur	ADJ	-
otoburlar	NOUN	-
otobüs	NOUN	-
otobüsçü	NOUN	-
otodidakt	ADJ	-
otodidaktik	NOUN	VOICING
otodrag	NOUN	-
otoerotizm	NOUN	-
otofokus	NOUN	-
otogar	NOUN	-
otogaz	NOUN	-
otograf	ADJ	-
otografi	NOUN	-
otojestiyon	NOUN	-
otokar	NOUN	-
otoklav	NOUN	-
otokontrol	NOUN	-
otokrasi	NOUN	-
otokrat	ADJ	-
otokratik	ADJ	-
otokritik	NOUN	VOICING
otokton	ADJ	-
otokuaför	NOUN	-
otolit	NOUN	-
otoman	NOUN	-
otomasyon	NOUN	-
otomat	NOUN	-
otomatik	ADJ	VOICING
otomatik	ADV	VOICING
otomatik	NOUN	VOICING
otomatikleş	VERB	-
otomatikleştir	VERB	-
otomatikman	ADV	-
otomatizm	NOUN	-
otomobil	NOUN	-
otomotiv	NOUN	-
otonom	ADJ	-
otonomi	NOUN	-
otopark	NOUN	-
otoparkçı	NOUN	-
otoplasti	NOUN	-
otoportre	NOUN	-
otopsi	NOUN	-
otoray	NOUN	-
otorite	NOUN	-
otoriter	ADJ	-
otorizasyon	NOUN	-
otosansür	NOUN	-
otosist	NOUN	-
otoskop	NOUN	VOICING
otostop	NOUN	-
otostopçu	NOUN	-
ototrof	ADJ	-
ototrofi	NOUN	-
otoyol	NOUN	-
otsu	ADJ	-
otsul	ADJ	-
otur	VERB	-
oturabil	VERB	-
oturabilme	NOUN	-
oturacak	NOUN	VOICING
oturak	ADJ	VOICING
oturak	NOUN	VOICING
oturakal	VERB	-
oturakalma	NOUN	-
oturma	NOUN	-
oturmuş	ADJ	-
oturt	VERB	-
oturtabil	VERB	-
oturtabilme	NOUN	-
oturtma	NOUN	-
oturttur	VERB	-
oturtturma	NOUN	-
oturtul	VERB	-
oturtulma	NOUN	-
oturtum	NOUN	-
oturul	VERB	-
oturulabil	VERB	-
oturulabilme	NOUN	-
oturulma	NOUN	-
oturum	NOUN	-
oturuver	VERB	-
oturuverme	NOUN	-
oturuş	NOUN	-
oturuş	VERB	-
oturuşma	NOUN	-
otuz	ADJ	-
otuz	NOUN	-
otuzar	ADJ	-
otuzar	NOUN	-
otyiyenler	NOUN	-
otçu	NOUN	-
otçul	ADJ	-
otçullar	NOUN	-
ov	VERB	-
ova	NOUN	-
oval	ADJ	-
oval	NOUN	-
ovala	VERB	-
ovalama	NOUN	-
ovalan	VERB	-
ovalat	VERB	-
ovalatma	NOUN	-
ovdur	VERB	-
ovdurma	NOUN	-
ovdurt	VERB	-
ovdurtma	NOUN	-
overlok	NOUN	VOICING
overlokçu	NOUN	-
ovma	NOUN	-
ovmaç	NOUN	VOICING
ovogon	NOUN	-
ovolit	NOUN	-
ovul	VERB	-
ovulma	NOUN	-
ovun	VERB	-
ovunma	NOUN	-
ovuştur	VERB	-
ovuşturma	NOUN	-
oy	INTERJ	-
oy	NOUN	-
oy	VERB	-
oya	NOUN	-
oyabil	VERB	-
oyabilme	NOUN	-
oyala	VERB	-
oyalama	NOUN	-
oyalan	VERB	-
oyalanabil	VERB	-
oyalanabilme	NOUN	-
oyalandır	VERB	-
oyalantı	NOUN	-
oyalanış	NOUN	-
oyalayabil	VERB	-
oyalayabilme	NOUN	-
oydaş	NOUN	-
oydaş	VERB	-
oydaşma	NOUN	-
oydur	VERB	-
oydurma	NOUN	-
oyla	VERB	-
oylama	NOUN	-
oylan	VERB	-
oylanış	NOUN	-
oylat	VERB	-
oylatma	NOUN	-
oylayabil	VERB	-
oylayabilme	NOUN	-
oylaş	VERB	-
oylum	ADJ	-
oylum	NOUN	-
oylumla	VERB	-
oylumlama	NOUN	-
oylumluca	ADJ	-
oyma	ADJ	-
oyma	NOUN	-
oymakbaşı	NOUN	-
oyna	VERB	-
oynak	ADJ	-
oynak	NOUN	-
oynakça	ADJ	-
oynakça	ADV	-
oynama	NOUN	-
oynan	VERB	-
oynanabil	VERB	-
oynanabilme	NOUN	-
oynanma	NOUN	-
oynanış	NOUN	-
oynat	VERB	-
oynatabil	VERB	-
oynatabilme	NOUN	-
oynatma	NOUN	-
oynattır	VERB	-
oynattırma	NOUN	-
oynatıl	VERB	-
oynatılma	NOUN	-
oynatım	NOUN	-
oynatıver	VERB	-
oynatıverme	NOUN	-
oynatış	NOUN	-
oynayabil	VERB	-
oynayabilme	NOUN	-
oynayıver	VERB	-
oynayıverme	NOUN	-
oynayış	NOUN	-
oynaş	NOUN	-
oynaş	VERB	-
oynaşma	NOUN	-
oysa	CONJ	-
oysaki	CONJ	-
oyuk	NOUN	VOICING
oyul	VERB	-
oyulga	NOUN	-
oyulga	VERB	-
oyulgala	VERB	-
oyulgalama	NOUN	-
oyulgalan	VERB	-
oyulgama	NOUN	-
oyulgan	VERB	-
oyulganma	NOUN	-
oyulma	NOUN	-
oyuluş	NOUN	-
oyum	NOUN	-
oyumla	VERB	-
oyumlama	NOUN	-
oyun	NOUN	-
oyunbaz	ADJ	-
oyunbaz	NOUN	-
oyunbozan	ADJ	-
oyunbozan	NOUN	-
oyuncak	NOUN	VOICING
oyuncakçı	NOUN	-
oyuncuktan	ADV	-
oyunlaştır	VERB	-
oyunlaştırıl	VERB	-
oyunlaştırılma	NOUN	-
oyuntu	NOUN	-
oyuver	VERB	-
oyuverme	NOUN	-
oyuş	NOUN	-
ozalit	NOUN	-
ozalitçi	NOUN	-
ozan	NOUN	-
ozanca	ADJ	-
ozanlaş	VERB	-
ozansı	ADJ	-
ozmoz	NOUN	-
ozokerit	NOUN	-
ozon	NOUN	-
ozonla	VERB	-
ozonlama	NOUN	-
ozonlaş	VERB	-
ozonoliz	NOUN	-
ozonometre	NOUN	-
ozonosfer	NOUN	-
ozonoskop	NOUN	VOICING
ozonölçer	NOUN	-
ozonür	NOUN	-
ozuga	NOUN	-
oğlak	NOUN	VOICING
oğlakla	VERB	-
oğlaklama	NOUN	-
oğlan	NOUN	-
oğlancık	NOUN	VOICING
oğlanevi	NOUN	-
oğul	INTERJ	VOWEL_DROP
oğul	NOUN	VOWEL_DROP
oğulcuk	NOUN	VOICING
oğulduruk	NOUN	VOICING
oğullan	VERB	-
oğuz	ADJ	-
oşinografi	NOUN	-
pH	NOUN	-
pabuç	NOUN	VOICING
pabuççu	NOUN	-
pacemaker	NOUN	-
padalya	NOUN	-
padişah	NOUN	-
padişahi	ADJ	-
padok	NOUN	VOICING
padıl	NOUN	-
paf	INTERJ	-
paf	NOUN	-
pafta	NOUN	-
pagan	ADJ	-
paganizm	NOUN	-
pagoda	NOUN	-
pah	NOUN	-
paha	NOUN	-
pahal	ADJ	-
pahal	NOUN	-
pahalan	VERB	-
pahalandır	VERB	-
pahalıca	ADJ	-
pahalılan	VERB	-
pahalılaş	VERB	-
pahalılaştır	VERB	-
pahasına	NOUN	-
pahla	VERB	-
pahlama	NOUN	-
pak	ADJ	-
paket	ADJ	-
paket	NOUN	-
paketle	VERB	-
paketleme	NOUN	-
paketlen	VERB	-
paketleniş	NOUN	-
paketlet	VERB	-
paketletme	NOUN	-
paketleyebil	VERB	-
paketleyebilme	NOUN	-
paketleyiş	NOUN	-
pakla	VERB	-
paklama	NOUN	-
paklan	VERB	-
pakt	NOUN	-
pal	NOUN	-
pala	NOUN	-
paladyum	NOUN	-
palamar	NOUN	-
palamut	NOUN	VOICING
palamutla	VERB	-
palamutlama	NOUN	-
palamutlular	NOUN	-
palan	NOUN	-
palandöken	NOUN	-
palandız	NOUN	-
palanga	NOUN	-
palanka	NOUN	-
palas	ADJ	-
palas	NOUN	-
palaska	NOUN	-
palaspare	NOUN	-
palavra	NOUN	-
palaz	NOUN	-
palazla	VERB	-
palazlama	NOUN	-
palazlan	VERB	-
palazlanabil	VERB	-
palazlanabilme	NOUN	-
palazlandır	VERB	-
palazlaş	VERB	-
paldım	NOUN	-
paleograf	NOUN	-
paleografi	NOUN	-
paleontoloji	NOUN	-
paleontolojik	ADJ	-
paleozoik	ADJ	VOICING
paleozoik	NOUN	VOICING
palet	NOUN	-
palikarya	NOUN	-
palmitat	NOUN	-
palmitik	ADJ	-
palmitil	NOUN	-
palmitin	NOUN	-
palmiye	NOUN	-
palmiyegiller	NOUN	-
palto	NOUN	-
paluze	NOUN	-
palyatif	ADJ	-
palyatif	NOUN	-
palyaço	NOUN	-
palyoş	NOUN	-
pampa	NOUN	-
pamuk	ADJ	VOICING
pamuk	NOUN	VOICING
pamukaki	NOUN	-
pamuklan	VERB	-
pamukçu	NOUN	-
pamukçuk	NOUN	VOICING
panama	NOUN	-
panayır	NOUN	-
pancar	NOUN	-
pancarlaş	VERB	-
panda	NOUN	-
pandantif	NOUN	-
pandemi	NOUN	-
pandemik	ADJ	-
pandif	NOUN	-
pandik	NOUN	VOICING
pandispanya	NOUN	-
pandomim	NOUN	-
panduf	NOUN	-
pandül	NOUN	-
pane	NOUN	-
panel	NOUN	-
panelist	NOUN	-
pangolin	NOUN	-
pangolingiller	NOUN	-
panik	NOUN	VOICING
panikatak	NOUN	VOICING
panikle	VERB	-
panikleme	NOUN	-
paniklet	VERB	-
panikletme	NOUN	-
panjur	NOUN	-
pankart	NOUN	-
pankras	NOUN	-
pankreas	NOUN	-
pano	NOUN	-
panorama	NOUN	-
panoramik	ADJ	-
pansiyon	NOUN	-
pansiyoner	NOUN	-
pansuman	NOUN	-
panteist	ADJ	-
panteizm	NOUN	-
panteon	NOUN	-
panter	NOUN	-
pantograf	NOUN	-
pantolon	NOUN	-
pantufla	NOUN	-
panzehir	NOUN	VOWEL_DROP
panzer	NOUN	-
panç	NOUN	-
panço	NOUN	-
papa	NOUN	-
papak	NOUN	VOICING
papalina	NOUN	-
papara	NOUN	-
paparazi	NOUN	-
papatya	NOUN	-
papaya	NOUN	-
papaz	NOUN	-
papazi	ADJ	-
papazi	NOUN	-
papazkarası	NOUN	-
papazkaçtı	NOUN	-
papağan	NOUN	-
papağangiller	NOUN	-
papağanlar	NOUN	-
papağanlaş	VERB	-
papağanyemi	NOUN	-
papel	NOUN	-
papikçi	NOUN	-
papirüs	NOUN	-
papirüsgiller	NOUN	-
paprika	NOUN	-
papura	NOUN	-
papyekuşe	NOUN	-
papyon	NOUN	-
para	NOUN	-
parabellum	NOUN	-
parabol	NOUN	-
paraboloit	NOUN	VOICING
paraca	ADV	-
paradi	NOUN	-
paradigma	NOUN	-
paradoks	NOUN	-
paradoksal	ADJ	-
paraf	NOUN	-
parafazi	NOUN	-
parafele	VERB	-
parafeleme	NOUN	-
parafin	NOUN	-
parafla	VERB	-
paraflama	NOUN	-
paragat	NOUN	-
paragraf	NOUN	-
paragöz	ADJ	-
paraketa	NOUN	-
parala	VERB	-
paralaks	NOUN	-
paralama	NOUN	-
paralan	VERB	-
paralat	VERB	-
paralatma	NOUN	-
paralel	ADJ	-
paralel	NOUN	-
paralelist	ADJ	-
paralelizm	NOUN	-
paralelkenar	NOUN	-
paralelleştir	VERB	-
paralimpik	ADJ	-
paralizi	NOUN	-
paralojik	ADJ	-
paralojik	NOUN	-
paralojizm	NOUN	-
paralıca	ADJ	-
parametre	NOUN	-
parametrele	VERB	-
parametreleme	NOUN	-
parametrelen	VERB	-
parametrik	ADJ	-
paramnezi	NOUN	-
paramotor	NOUN	-
paramparça	ADJ	-
parankima	NOUN	-
paranoit	ADJ	-
paranoit	NOUN	-
paranoya	NOUN	-
paranoyak	ADJ	VOICING
paranoyak	NOUN	VOICING
parantez	NOUN	-
parapent	NOUN	-
parapet	NOUN	-
parapsikoloji	NOUN	-
parapsikolojik	ADJ	-
parasal	ADJ	-
parasempatik	ADJ	-
paratoner	NOUN	-
paratüberküloz	NOUN	-
paravan	ADJ	-
paravan	NOUN	-
paravana	NOUN	-
parazit	NOUN	-
parazitlen	VERB	-
parazitolog	NOUN	-
parazitoloji	NOUN	-
parazitolojik	ADJ	-
paraçol	NOUN	-
paraşüt	NOUN	-
paraşütçü	NOUN	-
pardon	NOUN	-
pardösü	NOUN	-
pare	NOUN	-
parfüm	NOUN	-
parfümeri	NOUN	-
parite	NOUN	-
park	NOUN	-
parka	NOUN	-
parke	NOUN	-
parkele	VERB	-
parkeleme	NOUN	-
parkelet	VERB	-
parkeletme	NOUN	-
parkmetre	NOUN	-
parkometre	NOUN	-
parkur	NOUN	-
parkçı	NOUN	-
parla	VERB	-
parlak	ADJ	-
parlak	NOUN	-
parlaklaş	VERB	-
parlaklaştır	VERB	-
parlama	NOUN	-
parlamentarizm	NOUN	-
parlamenter	ADJ	-
parlamenter	NOUN	-
parlamento	NOUN	-
parlat	VERB	-
parlatabil	VERB	-
parlatabilme	NOUN	-
parlatma	NOUN	-
parlayabil	VERB	-
parlayabilme	NOUN	-
parlayıver	VERB	-
parlayıveriş	NOUN	-
parlayıverme	NOUN	-
parlayış	NOUN	-
parmak	ADJ	VOICING
parmak	NOUN	VOICING
parmakla	VERB	-
parmaklama	NOUN	-
parmaksı	ADJ	-
parmıcan	NOUN	-
parnasizm	NOUN	-
parnasyen	ADJ	-
parodi	NOUN	-
parola	NOUN	-
parpa	NOUN	-
pars	NOUN	-
parsa	NOUN	-
parsel	NOUN	-
parselasyon	NOUN	-
parselle	VERB	-
parselleme	NOUN	-
parsellen	VERB	-
parsellet	VERB	-
parselletme	NOUN	-
partal	ADJ	-
partal	NOUN	-
partenogenez	NOUN	-
parter	NOUN	-
parti	NOUN	-
partikül	NOUN	-
partilerüstü	ADJ	-
partilerüstü	NOUN	-
partileş	VERB	-
partileştir	VERB	-
partisip	NOUN	VOICING
partisyon	NOUN	-
partizan	NOUN	-
partizanca	ADJ	-
partizanca	ADV	-
partner	NOUN	-
partöner	NOUN	-
parya	NOUN	-
parça	NOUN	-
parçacık	NOUN	VOICING
parçala	VERB	-
parçalama	NOUN	-
parçalan	VERB	-
parçalanış	NOUN	-
parçalat	VERB	-
parçalatma	NOUN	-
parçalattır	VERB	-
parçalattırma	NOUN	-
parçalayabil	VERB	-
parçalayabilme	NOUN	-
parçalayış	NOUN	-
parılda	VERB	-
parıldama	NOUN	-
parıldat	VERB	-
parıldatma	NOUN	-
parıldayış	NOUN	-
parıltı	NOUN	-
parşömen	NOUN	-
pas	INTERJ	-
pas	NOUN	-
pasaj	NOUN	-
pasak	NOUN	VOICING
pasaparola	NOUN	-
pasaport	NOUN	-
pasata	NOUN	-
pasavan	NOUN	-
pasif	ADJ	-
pasif	NOUN	-
pasifikasyon	NOUN	-
pasifleş	VERB	-
pasifleştir	VERB	-
pasivize	ADJ	-
pasiyans	NOUN	-
paskal	ADJ	-
paskal	NOUN	-
paslan	VERB	-
paslandır	VERB	-
paslanmaz	ADJ	-
paslanış	NOUN	-
paslat	VERB	-
paslatma	NOUN	-
paslaş	VERB	-
paso	ADJ	-
paso	NOUN	-
paspal	ADJ	-
paspal	NOUN	-
paspartu	NOUN	-
paspas	NOUN	-
paspasla	VERB	-
paspaslama	NOUN	-
paspaslan	VERB	-
paspaslat	VERB	-
paspaslatma	NOUN	-
paspasçı	NOUN	-
pasta	NOUN	-
pastal	NOUN	-
pastane	NOUN	-
pastav	NOUN	-
pastel	ADJ	-
pastel	NOUN	-
pastil	NOUN	-
pastis	NOUN	-
pastiş	NOUN	-
pastişçi	NOUN	-
pastoral	ADJ	-
pastra	NOUN	-
pastörizasyon	NOUN	-
pastörize	ADJ	-
pastırma	NOUN	-
pasçı	NOUN	-
pasör	NOUN	-
pat	ADJ	-
pat	NOUN	-
pata	NOUN	-
patadak	ADV	-
patak	NOUN	VOICING
patakla	VERB	-
pataklama	NOUN	-
pataklan	VERB	-
pataklayabil	VERB	-
pataklayabilme	NOUN	-
patakrem	NOUN	-
patal	NOUN	-
patalya	NOUN	-
patates	NOUN	-
patatesimsi	ADJ	-
patatesçi	NOUN	-
patavatsızca	ADV	-
paten	NOUN	-
patent	NOUN	-
paternalist	ADJ	-
paternalizm	NOUN	-
patetik	ADJ	-
pati	NOUN	-
patik	NOUN	VOICING
patika	NOUN	-
patinaj	NOUN	-
patiska	ADJ	-
patiska	NOUN	-
patla	VERB	-
patlak	ADJ	VOICING
patlak	NOUN	VOICING
patlakça	ADJ	-
patlama	NOUN	-
patlama!	NOUN	-
patlangaç	NOUN	VOICING
patlat	VERB	-
patlatabil	VERB	-
patlatabilme	NOUN	-
patlatma	NOUN	-
patlatıl	VERB	-
patlatılma	NOUN	-
patlatılış	NOUN	-
patlatış	NOUN	-
patlayabil	VERB	-
patlayabilme	NOUN	-
patlayıver	VERB	-
patlayıverme	NOUN	-
patlayış	NOUN	-
patlıcan	NOUN	-
patlıcangiller	NOUN	-
patlıcani	ADJ	-
patlıcani	NOUN	-
patojen	ADJ	-
patolog	NOUN	-
patoloji	NOUN	-
patolojik	ADJ	-
patolojik	NOUN	-
patoz	NOUN	-
patozla	VERB	-
patpat	NOUN	-
patriarkal	ADJ	-
patrik	NOUN	VOICING
patrikhane	NOUN	-
patron	NOUN	-
patrona	NOUN	-
patronaj	NOUN	-
patronca	ADV	-
patroniçe	NOUN	-
patso	NOUN	-
pattadak	ADV	-
pattadan	ADV	-
patırda	VERB	-
patırdama	NOUN	-
patırdat	VERB	-
patırdatma	NOUN	-
patırtı	NOUN	-
paunt	NOUN	VOICING
pavkır	VERB	-
pavkırma	NOUN	-
pavlonya	NOUN	-
pavurya	NOUN	-
pavyon	NOUN	-
pay	NOUN	-
payan	NOUN	-
payanda	NOUN	-
payandala	VERB	-
payandalama	NOUN	-
payandalayabil	VERB	-
payandalayabilme	NOUN	-
payda	NOUN	-
paydaş	NOUN	-
paydos	INTERJ	-
paydos	NOUN	-
paye	NOUN	-
payelendir	VERB	-
payen	ADJ	-
payet	NOUN	-
payidar	ADJ	-
payitaht	NOUN	-
payla	VERB	-
paylama	NOUN	-
paylan	VERB	-
paylat	VERB	-
paylatma	NOUN	-
paylayış	NOUN	-
paylaş	VERB	-
paylaşabil	VERB	-
paylaşabilme	NOUN	-
paylaştır	VERB	-
paylaştırabil	VERB	-
paylaştırabilme	NOUN	-
paylaştırıl	VERB	-
paylaştırılabil	VERB	-
paylaştırılabilme	NOUN	-
paylaştırılma	NOUN	-
paylaştırıver	VERB	-
paylaştırıverme	NOUN	-
paylaşıl	VERB	-
paylaşılabil	VERB	-
paylaşılabilme	NOUN	-
paylaşılma	NOUN	-
paylaşım	NOUN	-
paylaşıver	VERB	-
paylaşıverme	NOUN	-
payreks	NOUN	-
paytak	ADJ	VOICING
paytak	ADV	VOICING
paytak	NOUN	VOICING
paytaklaş	VERB	-
paytakça	ADJ	-
paytakça	ADV	-
payton	NOUN	-
payölçer	NOUN	-
pazar	NOUN	-
pazarbaşı	NOUN	-
pazarla	VERB	-
pazarlama	NOUN	-
pazarlan	VERB	-
pazarlanış	NOUN	-
pazarlayabil	VERB	-
pazarlayabilme	NOUN	-
pazarlayış	NOUN	-
pazarlaş	VERB	-
pazarlıkçı	NOUN	-
pazartesi	NOUN	-
pazen	ADJ	-
pazen	NOUN	-
pazubent	NOUN	VOICING
pazval	NOUN	-
pazvant	NOUN	-
pazı	NOUN	-
paça	NOUN	-
paçal	NOUN	-
paçarız	ADJ	-
paçavra	NOUN	-
paçavralaş	VERB	-
paçoz	NOUN	-
paçozlaş	VERB	-
paşa	ADJ	-
paşa	NOUN	-
paşababa	NOUN	-
paşazade	NOUN	-
paşaçadırı	NOUN	-
pe	NOUN	-
ped	NOUN	-
pedagog	NOUN	-
pedagoji	NOUN	-
pedagojik	ADJ	-
pedagojik	NOUN	-
pedal	NOUN	-
pedavra	NOUN	-
peder	NOUN	-
pederane	ADV	-
pederşahi	ADJ	-
pedikür	NOUN	-
pediyatri	NOUN	-
pediyatrik	ADJ	-
pedodonti	NOUN	-
pedofil	NOUN	-
pedolog	NOUN	-
pedoloji	NOUN	-
pedolojik	ADJ	-
pedolojik	NOUN	-
pedometre	NOUN	-
peeling	NOUN	-
peganit	NOUN	-
pegmatit	NOUN	-
peh	INTERJ	-
pehlivan	NOUN	-
pehlivanane	ADV	-
pehlivanca	ADV	-
pehpeh	INTERJ	-
pehpehle	VERB	-
pehpehleme	NOUN	-
pejmürde	ADJ	-
pejmürde	NOUN	-
pejoratif	ADJ	-
pek	ADJ	-
pek	ADV	-
pek	NOUN	-
pekent	NOUN	VOICING
peki	INTERJ	-
pekit	VERB	-
pekitme	NOUN	-
pekiyi	INTERJ	-
pekiyi	NOUN	-
pekiş	VERB	-
pekişil	VERB	-
pekişilme	NOUN	-
pekişme	NOUN	-
pekiştir	VERB	-
pekiştirebil	VERB	-
pekiştirebilme	NOUN	-
pekiştireç	NOUN	VOICING
pekiştiril	VERB	-
pekiştirilme	NOUN	-
pekiştirme	NOUN	-
pekleş	VERB	-
pekleştir	VERB	-
pekmez	NOUN	-
pekmezkefi	ADJ	-
pekmezkefi	NOUN	-
pekmezköpüğü	ADJ	-
pekmezköpüğü	NOUN	-
peksimet	NOUN	VOICING
pektin	NOUN	-
pektoral	ADJ	-
pektoral	NOUN	-
pekâlâ	ADJ	-
pekâlâ	ADV	-
pekâlâ	INTERJ	-
pekçe	ADV	-
peleme	NOUN	-
pelenk	NOUN	VOICING
pelerin	NOUN	-
pelesenk	NOUN	VOICING
pelikan	NOUN	-
pelikangiller	NOUN	-
pelikansılar	NOUN	-
pelikül	NOUN	-
pelin	NOUN	-
pelit	NOUN	VOICING
pelte	NOUN	-
peltek	ADJ	-
peltek	ADV	-
peltek	NOUN	-
peltekleş	VERB	-
peltelen	VERB	-
pelteleş	VERB	-
peltemsi	ADJ	-
pelür	NOUN	-
pelüş	NOUN	-
pembe	ADJ	-
pembe	NOUN	-
pembegemre	NOUN	-
pembekurt	NOUN	VOICING
pembeleş	VERB	-
pembeleştir	VERB	-
pembemsi	ADJ	-
pembemtırak	ADJ	-
pembezar	ADJ	-
pembezar	NOUN	-
pena	NOUN	-
penaltı	NOUN	-
pencere	NOUN	-
pencerecik	NOUN	VOICING
pencik	NOUN	VOICING
pencüdü	NOUN	-
pencüse	NOUN	-
pencüyek	NOUN	-
pendname	NOUN	-
peneplen	NOUN	-
penes	NOUN	-
penguen	NOUN	-
penguengiller	NOUN	-
penguenler	NOUN	-
pengö	NOUN	-
peni	NOUN	-
penis	NOUN	-
penisilin	NOUN	-
pens	NOUN	-
pense	NOUN	-
pentan	NOUN	-
pentatlon	NOUN	-
pentür	NOUN	-
penuvar	NOUN	-
penye	NOUN	-
penç	NOUN	VOICING
pençe	NOUN	-
pençele	VERB	-
pençeleme	NOUN	-
pençelet	VERB	-
pençeletme	NOUN	-
pençeleş	VERB	-
pençgâh	NOUN	-
pepe	ADJ	-
pepele	VERB	-
pepeleme	NOUN	-
pepeme	ADJ	-
pepsin	NOUN	-
pepton	NOUN	-
per	NOUN	-
perakende	ADJ	-
perakende	NOUN	-
perdah	NOUN	-
perdahla	VERB	-
perdahlama	NOUN	-
perdahlan	VERB	-
perdahçı	NOUN	-
perde	NOUN	-
perdedar	NOUN	-
perdele	VERB	-
perdeleme	NOUN	-
perdelen	VERB	-
perdeleniş	NOUN	-
perdeleyebil	VERB	-
perdeleyebilme	NOUN	-
pereme	NOUN	-
perende	NOUN	-
perese	NOUN	-
perestiş	NOUN	-
perestişkâr	ADJ	-
perestişkâr	NOUN	-
perforaj	NOUN	-
perforje	ADJ	-
performans	NOUN	-
pergel	NOUN	-
pergola	NOUN	-
perhiz	NOUN	-
perhizkâr	ADJ	-
perhizkâr	ADV	-
peri	NOUN	-
peribacası	NOUN	-
pericik	NOUN	VOICING
peridot	NOUN	-
peridotit	NOUN	-
periferi	NOUN	-
perikart	NOUN	VOICING
peripatetist	ADJ	-
peripatetizm	NOUN	-
periskop	NOUN	-
periton	NOUN	-
peritonit	NOUN	VOICING
periyodik	ADJ	VOICING
periyodik	NOUN	VOICING
periyot	NOUN	VOICING
perişan	ADJ	-
perişan	NOUN	-
perişani	NOUN	-
perki	NOUN	-
perküsyon	NOUN	-
perlit	NOUN	-
perlon	NOUN	-
perma	NOUN	-
permanant	NOUN	-
permanganat	NOUN	-
permeçe	NOUN	-
permi	NOUN	-
permiyen	NOUN	-
peroksit	NOUN	VOICING
peron	NOUN	-
peronospora	NOUN	-
perperişan	ADV	-
persenk	NOUN	VOICING
personel	NOUN	-
perspektif	NOUN	-
pert	NOUN	-
peruk	NOUN	VOICING
peruka	NOUN	-
perukar	NOUN	-
perukçu	NOUN	-
perva	NOUN	-
pervane	ADJ	-
pervane	NOUN	-
pervasızca	ADV	-
pervasızcasına	ADV	-
pervaz	NOUN	-
perçem	NOUN	-
perçin	NOUN	-
perçinle	VERB	-
perçinleme	NOUN	-
perçinlen	VERB	-
perçinleniş	NOUN	-
perçinlet	VERB	-
perçinletme	NOUN	-
perçinleyebil	VERB	-
perçinleyebilme	NOUN	-
perçinleyiş	NOUN	-
perçinleş	VERB	-
perçinleştir	VERB	-
perşembe	NOUN	-
pes	ADJ	-
pes	INTERJ	-
pesek	NOUN	VOICING
peseta	NOUN	-
pesimist	ADJ	-
pesimizm	NOUN	-
pesleş	VERB	-
peso	NOUN	-
pespaye	ADJ	-
pespembe	ADJ	-
pest	ADJ	-
pestenkerani	ADJ	-
pestil	ADJ	-
pestil	NOUN	-
pesüs	NOUN	-
pet	NOUN	-
petek	NOUN	VOICING
petrifikasyon	NOUN	-
petrografi	NOUN	-
petrokimya	NOUN	-
petrol	NOUN	-
petroloji	NOUN	-
petrolojik	ADJ	-
petunya	NOUN	-
pey	NOUN	-
peyapey	ADV	-
peyda	ADJ	-
peydah	ADJ	-
peydahla	VERB	-
peydahlama	NOUN	-
peydahlan	VERB	-
peyderpey	ADV	-
peygamber	NOUN	-
peygamberane	ADV	-
peygamberce	ADV	-
peygamberdevesi	NOUN	-
peygambervari	ADJ	-
peygambervari	ADV	-
peyk	ADJ	-
peyk	NOUN	-
peyke	NOUN	-
peyle	VERB	-
peyleme	NOUN	-
peylen	VERB	-
peynir	NOUN	-
peynirhane	NOUN	-
peynirimsi	ADJ	-
peynirleş	VERB	-
peynirsi	ADJ	-
peyrev	NOUN	-
peyzaj	NOUN	-
pezevenk	INTERJ	VOICING
pezevenk	NOUN	VOICING
peç	NOUN	VOICING
peçe	NOUN	-
peçele	VERB	-
peçeleme	NOUN	-
peçelen	VERB	-
peçete	NOUN	-
peçiç	NOUN	VOICING
peş	NOUN	-
peşin	ADJ	-
peşin	ADV	-
peşin	NOUN	-
peşinat	NOUN	-
peşinen	ADV	-
peşinen	NOUN	-
peşkeş	NOUN	-
peşkir	NOUN	-
peşmelba	NOUN	-
peşrev	NOUN	-
peştahta	NOUN	-
peştamal	NOUN	-
pianta	NOUN	-
pide	NOUN	-
pigme	NOUN	-
pigment	NOUN	-
pijama	NOUN	-
pik	NOUN	-
pikaj	NOUN	-
pikap	NOUN	VOICING
pike	ADJ	-
pike	NOUN	-
piket	NOUN	-
piknik	NOUN	VOICING
piknikçi	NOUN	-
piknometre	NOUN	-
piko	NOUN	-
pikolo	NOUN	-
piksel	NOUN	-
pil	NOUN	-
pilaki	ADJ	-
pilaki	NOUN	-
pilav	NOUN	-
pile	NOUN	-
piling	NOUN	-
pilise	ADJ	-
piliç	NOUN	VOICING
pilot	ADJ	-
pilot	NOUN	-
pilotaj	NOUN	-
pim	NOUN	-
pimpirik	ADJ	-
pimpirik	NOUN	-
pimpiriklen	VERB	-
pimpirikçe	ADV	-
pinekle	VERB	-
pinekleme	NOUN	-
pinel	NOUN	-
pines	NOUN	-
pinhan	ADJ	-
pinpon	ADJ	-
pinpon	NOUN	-
pinti	ADJ	-
pintileş	VERB	-
pinçik	NOUN	VOICING
pipet	NOUN	-
pipi	NOUN	-
pipiriklen	VERB	-
pipo	NOUN	-
pir	ADV	-
pir	NOUN	-
piramidal	ADJ	-
piramidal	NOUN	-
piramidimsi	ADJ	-
piramit	NOUN	VOICING
piramitsi	ADJ	-
piramitçik	NOUN	VOICING
pirana	NOUN	-
pire	NOUN	-
pirekapan	NOUN	-
pirekıran	NOUN	-
pirelen	VERB	-
pirelendir	VERB	-
pireler	NOUN	-
pirifâni	NOUN	-
pirina	NOUN	-
pirinç	ADJ	VOICING
pirinç	NOUN	VOICING
pirinçsi	ADJ	-
pirit	NOUN	-
pirogravür	NOUN	-
piroksen	NOUN	-
piromani	NOUN	-
pirometre	NOUN	-
pirometri	NOUN	-
pirosfer	NOUN	-
pirpiri	NOUN	-
pirpirim	NOUN	-
pirsing	NOUN	-
piruhi	NOUN	-
piryol	NOUN	-
pirzola	NOUN	-
pirüpak	ADJ	-
pis	ADJ	-
pis	NOUN	-
pisboğaz	ADJ	-
pisi	NOUN	-
pisik	NOUN	VOICING
pisin	NOUN	-
pisipisi	NOUN	-
piskopos	NOUN	-
piskoposhane	NOUN	-
pisle	VERB	-
pisleme	NOUN	-
pislen	VERB	-
pislet	VERB	-
pisletme	NOUN	-
pisleş	VERB	-
pislikçi	NOUN	-
pislikçil	NOUN	-
pist	INTERJ	-
pist	NOUN	-
pistole	NOUN	-
piston	NOUN	-
pisuvar	NOUN	-
pitaya	NOUN	-
pitikare	NOUN	-
piton	NOUN	-
pitoresk	ADJ	-
pitsikato	NOUN	-
pityalin	NOUN	-
pivot	NOUN	-
piyade	NOUN	-
piyadece	ADV	-
piyale	NOUN	-
piyan	NOUN	-
piyango	NOUN	-
piyanist	NOUN	-
piyano	ADV	-
piyano	NOUN	-
piyasa	NOUN	-
piyastos	NOUN	-
piyata	ADJ	-
piyata	NOUN	-
piyaz	NOUN	-
piyazla	VERB	-
piyazlama	NOUN	-
piyes	NOUN	-
piyesleştir	VERB	-
piyon	NOUN	-
piyore	NOUN	-
pizolit	NOUN	-
pizza	NOUN	-
piç	NOUN	-
piçleş	VERB	-
piçsinek	NOUN	VOICING
piçuta	NOUN	-
piş	VERB	-
pişdar	NOUN	-
pişek	ADJ	-
pişeğen	ADJ	-
pişi	NOUN	-
pişik	NOUN	VOICING
pişim	ADJ	-
pişim	NOUN	-
pişir	VERB	-
pişirebil	VERB	-
pişirebilme	NOUN	-
pişirgeç	NOUN	VOICING
pişiril	VERB	-
pişiriliş	NOUN	-
pişirilme	NOUN	-
pişirim	NOUN	-
pişiriş	NOUN	-
pişirme	NOUN	-
pişirt	VERB	-
pişirtme	NOUN	-
pişkin	ADJ	-
pişkin	NOUN	-
pişkince	ADJ	-
pişkince	ADV	-
pişman	ADJ	-
pişmaniye	NOUN	-
pişme	NOUN	-
pişpirik	NOUN	VOICING
pişpirikçi	NOUN	-
pişti	NOUN	-
piştov	NOUN	-
plaj	NOUN	-
plajiyoklaz	NOUN	-
plak	NOUN	VOICING
plaka	NOUN	-
plaket	NOUN	-
plakçı	NOUN	-
plan	NOUN	-
planerit	NOUN	-
planet	NOUN	-
planetaryum	NOUN	-
planimetre	NOUN	-
plankton	NOUN	-
planla	VERB	-
planlama	NOUN	-
planlan	VERB	-
planlanış	NOUN	-
planlayabil	VERB	-
planlayabilme	NOUN	-
planlayış	NOUN	-
plansızca	ADV	-
plantasyon	NOUN	-
planya	NOUN	-
planyala	VERB	-
planyalama	NOUN	-
plançete	NOUN	-
planör	NOUN	-
plase	NOUN	-
plasele	VERB	-
plaseleme	NOUN	-
plasenta	NOUN	-
plasman	NOUN	-
plaster	NOUN	-
plastik	ADJ	VOICING
plastik	NOUN	VOICING
plastikçi	NOUN	-
plastron	NOUN	-
platform	NOUN	-
plati	NOUN	-
platin	ADJ	-
platin	NOUN	-
platinimsi	ADJ	-
platinimsi	NOUN	-
platinsi	ADJ	-
plato	NOUN	-
platonik	ADJ	-
playback	NOUN	-
playmaker	NOUN	-
plaza	NOUN	-
plazma	NOUN	-
plazmalaştır	VERB	-
plaçka	NOUN	-
plebisit	NOUN	-
pleistosen	ADJ	-
pleistosen	NOUN	-
plevra	NOUN	-
pleybek	NOUN	-
pli	NOUN	-
plise	ADJ	-
pliyosen	ADJ	-
pliyosen	NOUN	-
plonjon	NOUN	-
plüralist	ADJ	-
plüralist	NOUN	-
plüralizm	NOUN	-
plütokrasi	NOUN	-
plütonik	ADJ	-
plütonyum	NOUN	-
plüviyometre	NOUN	-
podyum	NOUN	-
podösüet	ADJ	-
podösüet	NOUN	-
poetik	ADJ	-
pof	NOUN	-
pofla	VERB	-
pofurda	VERB	-
pofurdama	NOUN	-
pofurdat	VERB	-
pofurdatma	NOUN	-
pog	ADJ	-
pogrom	NOUN	-
pohpoh	NOUN	-
pohpohla	VERB	-
pohpohlama	NOUN	-
pohpohlan	VERB	-
pohpohçu	NOUN	-
poker	NOUN	-
polar	ADJ	-
polar	NOUN	-
polar	VERB	-
polargı	NOUN	-
polarimetre	NOUN	-
polarimetri	NOUN	-
polariskop	NOUN	VOICING
polarite	NOUN	-
polarizasyon	NOUN	-
polarma	NOUN	-
polaroit	NOUN	VOICING
polarölçer	NOUN	-
polarıl	VERB	-
polarılma	NOUN	-
polat	NOUN	VOICING
polemik	NOUN	VOICING
polemikçi	NOUN	-
polen	NOUN	-
poliandri	NOUN	-
poliasit	NOUN	VOICING
polietilen	NOUN	-
polifoni	NOUN	-
polifonik	ADJ	-
polifonik	NOUN	-
poligam	ADJ	-
poligami	NOUN	-
poligon	NOUN	-
polijini	NOUN	-
poliklinik	NOUN	VOICING
polim	NOUN	-
polimer	ADJ	-
polimeri	NOUN	-
polimerleş	VERB	-
polimerleştir	VERB	-
polimerleştiril	VERB	-
polimerleştirilme	NOUN	-
polinom	ADJ	-
polip	NOUN	VOICING
polis	NOUN	-
polisaj	NOUN	-
polisevi	NOUN	-
polisiye	ADJ	-
polisiye	NOUN	-
politeist	ADJ	-
politeizm	NOUN	-
politik	ADJ	-
politik	NOUN	-
politika	NOUN	-
politize	ADJ	-
poliçe	NOUN	-
poliüretan	NOUN	-
polka	NOUN	-
polo	NOUN	-
polonez	NOUN	-
polonyum	NOUN	-
polyester	NOUN	-
polüm	NOUN	-
pomat	NOUN	VOICING
pomelo	NOUN	-
pompa	NOUN	-
pompaj	NOUN	-
pompala	VERB	-
pompalama	NOUN	-
pompalan	VERB	-
pompalanış	NOUN	-
pompalayabil	VERB	-
pompalayabilme	NOUN	-
ponje	NOUN	-
ponksiyon	NOUN	-
ponpon	NOUN	-
ponton	NOUN	-
ponza	ADJ	-
ponza	NOUN	-
ponzala	VERB	-
ponzalama	NOUN	-
ponzalan	VERB	-
ponçik	INTERJ	-
ponçik	NOUN	-
pop	ADJ	-
poplin	ADJ	-
poplin	NOUN	-
popo	NOUN	-
popçu	NOUN	-
popülarite	NOUN	-
popülasyon	NOUN	-
popüler	ADJ	-
popüler	NOUN	-
popülist	ADJ	-
popülist	NOUN	-
popülizm	NOUN	-
porfir	NOUN	-
porfirit	NOUN	-
porno	ADJ	-
porno	NOUN	-
pornografi	NOUN	-
pornografik	ADJ	-
porselen	ADJ	-
porselen	NOUN	-
porsiyon	NOUN	-
porsu	VERB	-
porsuk	ADJ	VOICING
porsuk	NOUN	VOICING
porsukgiller	NOUN	-
porsuma	NOUN	-
port	VERB	-
portakal	NOUN	-
portakalsı	ADJ	-
portakalımsı	ADJ	-
portal	NOUN	-
portatif	ADJ	-
portatif	NOUN	-
portbagaj	NOUN	-
portbebe	NOUN	-
porte	NOUN	-
portföy	NOUN	-
portma	NOUN	-
portmanto	NOUN	-
portmone	NOUN	-
porto	NOUN	-
portre	NOUN	-
portör	NOUN	-
pos	ADJ	-
pos	NOUN	-
posa	NOUN	-
posalan	VERB	-
post	NOUN	-
posta	NOUN	-
postal	NOUN	-
postala	VERB	-
postalama	NOUN	-
postalan	VERB	-
postalanış	NOUN	-
postalat	VERB	-
postalatma	NOUN	-
postalayabil	VERB	-
postalayabilme	NOUN	-
postane	NOUN	-
poster	NOUN	-
postiş	NOUN	-
postmatüre	NOUN	-
postmodern	ADJ	-
postmodern	NOUN	-
postmodernist	ADJ	-
postmodernist	NOUN	-
postmodernizm	NOUN	-
postnişin	NOUN	-
postrestant	NOUN	-
postulat	NOUN	-
pot	NOUN	-
pota	NOUN	-
potansiyel	ADJ	-
potansiyel	NOUN	-
potansiyometre	NOUN	-
potas	NOUN	-
potasyum	NOUN	-
potbaşı	NOUN	-
potin	NOUN	-
potkal	NOUN	-
potlan	VERB	-
potlaç	NOUN	VOICING
potpuri	NOUN	-
potuk	ADJ	-
potuk	NOUN	VOICING
potur	ADJ	-
potur	NOUN	-
poy	NOUN	-
poyra	NOUN	-
poyraz	NOUN	-
poyrazla	VERB	-
poyrazlama	NOUN	-
poz	NOUN	-
pozisyon	NOUN	-
pozitif	ADJ	-
pozitif	NOUN	-
pozitivist	ADJ	-
pozitivizm	NOUN	-
pozitron	NOUN	-
pozitronyum	NOUN	-
pozla	VERB	-
pozlama	NOUN	-
pozlan	VERB	-
pozometre	NOUN	-
poğaça	NOUN	-
poşet	NOUN	-
poşetle	VERB	-
poşetleme	NOUN	-
poşetlen	VERB	-
poşetlet	VERB	-
poşetletme	NOUN	-
poşu	NOUN	-
prafa	NOUN	-
pragmatik	ADJ	-
pragmatist	ADJ	-
pragmatizm	NOUN	-
pranga	NOUN	-
prangabent	ADJ	-
prangabent	NOUN	-
praseodim	NOUN	-
pratik	ADJ	VOICING
pratik	NOUN	VOICING
pratika	NOUN	-
pratikleş	VERB	-
pratikleştir	VERB	-
pratikte	ADV	-
pratisyen	ADJ	-
prediksiyon	NOUN	-
prefabrik	ADJ	-
prefabrikasyon	NOUN	-
prehistorik	ADJ	-
prehistorya	NOUN	-
prekambriyen	NOUN	-
prelüt	NOUN	VOICING
prematüre	ADJ	-
prens	NOUN	-
prenses	NOUN	-
prensip	NOUN	VOICING
preparat	NOUN	-
pres	NOUN	-
presbit	ADJ	-
presbiteryen	ADJ	-
presbiteryen	NOUN	-
presbiteryenizm	NOUN	-
prese	ADJ	-
presesyon	NOUN	-
presle	VERB	-
presleme	NOUN	-
preslen	VERB	-
preslet	VERB	-
presletme	NOUN	-
prestij	NOUN	-
presto	ADV	-
presto	NOUN	-
presçi	NOUN	-
prevantoryum	NOUN	-
prezantabl	ADJ	-
prezantabl	NOUN	-
prezantasyon	NOUN	-
prezante	ADJ	-
prezervatif	NOUN	-
prezidyum	NOUN	-
prim	NOUN	-
primadonna	NOUN	-
primat	NOUN	-
primatlar	NOUN	-
primitif	ADJ	-
primitivist	ADJ	-
primitivizm	NOUN	-
print	NOUN	-
printer	NOUN	-
priz	NOUN	-
prizma	NOUN	-
prizmatik	ADJ	-
prizmatik	NOUN	-
probabilist	ADJ	-
probabilizm	NOUN	-
problem	ADJ	-
problem	NOUN	-
problematik	ADJ	-
prodüksiyon	NOUN	-
prodüktivite	NOUN	-
prodüktör	NOUN	-
profan	ADJ	-
profesyonel	ADJ	-
profesyonel	NOUN	-
profesyonelce	ADV	-
profesyonelleş	VERB	-
profesyonelleştir	VERB	-
profesör	NOUN	-
profil	ADJ	-
profil	NOUN	-
profiterol	NOUN	-
program	NOUN	-
programla	VERB	-
programlama	NOUN	-
programlan	VERB	-
programlanış	NOUN	-
programlat	VERB	-
programlatma	NOUN	-
programlayabil	VERB	-
programlayabilme	NOUN	-
programlaştır	VERB	-
proje	NOUN	-
projeksiyon	NOUN	-
projektör	NOUN	-
projelendir	VERB	-
projelendiril	VERB	-
projelendirilme	NOUN	-
proktoloji	NOUN	-
proktolojik	ADJ	-
proletarya	NOUN	-
proleter	NOUN	-
proleterleş	VERB	-
prolog	NOUN	-
prometyum	NOUN	-
promil	NOUN	-
promosyon	NOUN	-
promönat	NOUN	VOICING
propaganda	NOUN	-
propagandist	NOUN	-
propan	NOUN	-
propolis	NOUN	-
prosedür	NOUN	-
proses	NOUN	-
prospektüs	NOUN	-
prostat	NOUN	-
prostela	NOUN	-
protaktinyum	NOUN	-
protein	NOUN	-
protesto	NOUN	-
protez	ADJ	-
protez	NOUN	-
protojin	NOUN	-
protokol	NOUN	-
proton	NOUN	-
protonema	NOUN	-
protoplazma	NOUN	-
prototip	NOUN	-
prova	NOUN	-
providansiyalist	ADJ	-
providansiyalizm	NOUN	-
provizyon	ADV	-
provizyon	NOUN	-
provokasyon	NOUN	-
provokatör	ADJ	-
provoke	ADJ	-
prozodi	NOUN	-
prozodik	ADJ	-
pruva	NOUN	-
prömiyer	NOUN	-
psikanalist	NOUN	-
psikanalitik	ADJ	-
psikanaliz	NOUN	-
psikasteni	NOUN	-
psikiyatr	NOUN	-
psikiyatri	NOUN	-
psikiyatrist	NOUN	-
psikolengüistik	NOUN	VOICING
psikolog	NOUN	-
psikoloji	NOUN	-
psikolojik	ADJ	-
psikolojik	NOUN	-
psikolojizm	NOUN	-
psikometri	NOUN	-
psikopat	NOUN	-
psikopati	NOUN	-
psikopatoloji	NOUN	-
psikopatolojik	ADJ	-
psikososyal	ADJ	-
psikoteknik	NOUN	VOICING
psikoterapi	NOUN	-
psikoz	NOUN	-
psişik	ADJ	-
puan	NOUN	-
puanla	VERB	-
puanlama	NOUN	-
puanlandır	VERB	-
puanlat	VERB	-
puanlatma	NOUN	-
puanlayabil	VERB	-
puanlayabilme	NOUN	-
puantaj	NOUN	-
puanter	NOUN	-
puantiye	ADJ	-
puantör	NOUN	-
puding	NOUN	-
pudra	NOUN	-
pudrala	VERB	-
pudralama	NOUN	-
pudralan	VERB	-
pudriyer	NOUN	-
puf	INTERJ	-
puf	NOUN	-
pufla	ADJ	-
pufla	NOUN	-
pufla	VERB	-
puflama	NOUN	-
puhu	NOUN	-
pul	NOUN	-
pulcuk	NOUN	VOICING
pulla	VERB	-
pullama	NOUN	-
pullan	VERB	-
pullat	VERB	-
pullatma	NOUN	-
pullukçu	NOUN	-
pulman	ADJ	-
pulman	NOUN	-
pulsu	ADJ	-
puluç	ADJ	-
puma	NOUN	-
pumba	ADJ	-
punt	NOUN	VOICING
punta	NOUN	-
puntala	VERB	-
puntalama	NOUN	-
puntel	NOUN	-
punto	NOUN	-
punç	NOUN	VOICING
punççu	NOUN	-
pupa	NOUN	-
puro	NOUN	-
pus	NOUN	-
pus	VERB	-
pusarık	ADJ	VOICING
pusarık	NOUN	VOICING
pusat	NOUN	-
pusatlan	VERB	-
pusatçı	NOUN	-
puset	NOUN	-
pusetçi	NOUN	-
puslan	VERB	-
puslandır	VERB	-
pusma	NOUN	-
pusu	NOUN	-
pusula	NOUN	-
pusula	VERB	-
pusulacık	NOUN	VOICING
pusulama	NOUN	-
pusval	NOUN	-
put	NOUN	-
putlaş	VERB	-
putlaştır	VERB	-
putperest	ADJ	-
putrel	NOUN	-
puvar	NOUN	-
puzzle	NOUN	-
puşt	ADJ	-
puşt	INTERJ	-
puşt	NOUN	-
pöf	INTERJ	-
pöhrenk	NOUN	VOICING
pörsü	VERB	-
pörsük	ADJ	-
pörsüme	NOUN	-
pörsüt	VERB	-
pörsütme	NOUN	-
pörtle	VERB	-
pörtlek	ADJ	VOICING
pörtlek	NOUN	VOICING
pörtleme	NOUN	-
pörtlet	VERB	-
pörtletme	NOUN	-
pösteki	NOUN	-
pötibör	NOUN	-
pötifur	NOUN	-
pötikare	ADJ	-
pötikare	NOUN	-
pöç	NOUN	-
pöçük	NOUN	VOICING
püf	NOUN	-
püfkür	VERB	-
püfkürme	NOUN	-
püfle	VERB	-
püfleme	NOUN	-
püfürdet	VERB	-
püfürdetme	NOUN	-
pülverizasyon	NOUN	-
pülverizatör	NOUN	-
pünez	NOUN	-
pür	ADJ	-
pür	NOUN	-
pürdikkat	ADJ	-
pürdikkat	ADV	-
püre	NOUN	-
püren	NOUN	-
pürhiddet	ADV	-
pürist	NOUN	-
püriten	ADJ	-
pürizm	NOUN	-
pürmelal	NOUN	-
pürmüz	NOUN	-
pürneşe	ADJ	-
pürsıhhat	ADJ	-
pürtelaş	ADJ	-
pürtelaş	ADV	-
pürtük	NOUN	VOICING
pürtüklen	VERB	-
pürçek	NOUN	VOICING
pürçeklen	VERB	-
pürçük	NOUN	VOICING
pürüz	NOUN	-
pürüzalır	NOUN	-
pürüzle	VERB	-
pürüzleme	NOUN	-
pürüzlen	VERB	-
pürüzlendir	VERB	-
püskül	NOUN	-
püskülcük	NOUN	VOICING
püsküllen	VERB	-
püskür	VERB	-
püskürme	ADJ	-
püskürme	NOUN	-
püskürt	VERB	-
püskürtebil	VERB	-
püskürtebilme	NOUN	-
püskürteç	NOUN	VOICING
püskürtme	ADJ	-
püskürtme	NOUN	-
püskürtü	NOUN	-
püskürtül	VERB	-
püskürtülme	NOUN	-
püskürtüm	NOUN	-
püskürtüş	NOUN	-
püskürük	ADJ	-
püskürüş	NOUN	-
püstül	NOUN	-
püsür	ADJ	-
püsür	NOUN	-
pütür	NOUN	-
pütürlen	VERB	-
pıhtı	NOUN	-
pıhtılan	VERB	-
pıhtılaş	VERB	-
pıhtılaşabil	VERB	-
pıhtılaşabilme	NOUN	-
pıhtılaştır	VERB	-
pınar	NOUN	-
pır	NOUN	-
pırasa	NOUN	-
pırazvana	NOUN	-
pırla	VERB	-
pırlak	NOUN	VOICING
pırlama	NOUN	-
pırlangıç	NOUN	VOICING
pırlanta	ADJ	-
pırlanta	NOUN	-
pırnakıl	ADJ	-
pırnakıl	ADV	-
pırnal	NOUN	-
pırpı	NOUN	-
pırpır	NOUN	-
pırpırla	VERB	-
pırpırlama	NOUN	-
pırpırlan	VERB	-
pırpırı	ADJ	-
pırpırı	NOUN	-
pırpıt	ADJ	-
pırpıt	NOUN	-
pırpıtçı	NOUN	-
pırtla	VERB	-
pırtlak	ADJ	-
pırtlak	NOUN	-
pırtlama	NOUN	-
pırtlat	VERB	-
pırtlatma	NOUN	-
pırtı	NOUN	-
pırılda	VERB	-
pırıldak	NOUN	VOICING
pırıldakçı	NOUN	-
pırıldama	NOUN	-
pırıltı	NOUN	-
pıs	VERB	-
pısma	NOUN	-
pıstır	VERB	-
pıstırma	NOUN	-
pısırık	ADJ	-
pısırıklaş	VERB	-
pısırıkça	ADV	-
pıt	NOUN	-
pıtrak	ADJ	VOICING
pıtrak	NOUN	VOICING
pıtırda	VERB	-
pıtırdama	NOUN	-
pıtırdat	VERB	-
pıtırdatma	NOUN	-
pıtırtı	NOUN	-
pışpış	NOUN	-
pışpışla	VERB	-
pışpışlama	NOUN	-
pışpışlayabil	VERB	-
pışpışlayabilme	NOUN	-
pışt	NOUN	-
pışık	INTERJ	-
ra	VERB	-
rabbani	ADJ	-
rabbani	NOUN	-
rabıt	NOUN	-
rabıta	NOUN	-
raca	NOUN	-
racon	NOUN	-
radansa	NOUN	-
radar	NOUN	-
radde	NOUN	-
raddelerinde	ADV	-
radika	NOUN	-
radikal	ADJ	-
radikal	NOUN	-
radikalizm	NOUN	-
radikalleş	VERB	-
radikalleştir	VERB	-
radon	NOUN	-
radyan	ADJ	-
radyan	NOUN	-
radyasyon	NOUN	-
radyatör	NOUN	-
radyo	NOUN	-
radyoaktif	ADJ	-
radyoaktivite	NOUN	-
radyobiyoloji	NOUN	-
radyobiyolojik	ADJ	-
radyoelektrik	NOUN	VOICING
radyoelektriksel	ADJ	-
radyoelektronik	NOUN	VOICING
radyoevi	NOUN	-
radyofizik	NOUN	VOICING
radyofizyoloji	NOUN	-
radyofoni	NOUN	-
radyofonik	ADJ	-
radyofoto	NOUN	-
radyografi	NOUN	-
radyogram	NOUN	-
radyoizotop	NOUN	-
radyokimya	NOUN	-
radyolink	NOUN	-
radyolog	NOUN	-
radyoloji	NOUN	-
radyolojik	ADJ	-
radyometre	NOUN	-
radyometri	NOUN	-
radyometrik	ADJ	-
radyoskopi	NOUN	-
radyoteknoloji	NOUN	-
radyotelefon	NOUN	-
radyotelgraf	NOUN	-
radyoterapi	NOUN	-
radyum	NOUN	-
raf	NOUN	-
rafadan	ADJ	-
rafinaj	NOUN	-
rafinatör	NOUN	-
rafine	ADJ	-
rafine	NOUN	-
rafineri	NOUN	-
rafit	NOUN	VOICING
rafting	NOUN	-
rafya	ADJ	-
rafya	NOUN	-
ragbi	NOUN	-
rahat	ADJ	-
rahat	ADV	-
rahat	INTERJ	-
rahat	NOUN	-
rahatla	VERB	-
rahatlama	NOUN	-
rahatlat	VERB	-
rahatlatabil	VERB	-
rahatlatabilme	NOUN	-
rahatlatma	NOUN	-
rahatlayabil	VERB	-
rahatlayabilme	NOUN	-
rahatlayıver	VERB	-
rahatlayıverme	NOUN	-
rahatlayış	NOUN	-
rahatlıkla	ADV	-
rahatsızlan	VERB	-
rahatça	ADV	-
rahibe	NOUN	-
rahim	NOUN	-
rahip	NOUN	VOICING
rahle	NOUN	-
rahleitedris	NOUN	-
rahman	ADJ	-
rahmani	ADJ	-
rahmet	NOUN	-
rahne	NOUN	-
raht	NOUN	-
rahvan	ADJ	-
rahvan	ADV	-
rahvan	NOUN	-
rahîm	ADJ	-
rahîm	ADV	-
rakam	NOUN	-
rakamla	VERB	-
rakamlama	NOUN	-
raket	NOUN	-
rakibe	NOUN	-
rakik	ADJ	-
rakik	NOUN	-
rakip	NOUN	VOICING
rakit	ADJ	-
rakkas	NOUN	-
rakkase	NOUN	-
rakor	NOUN	-
raks	NOUN	-
rakun	NOUN	-
rakı	NOUN	-
rakım	NOUN	-
ram	ADJ	-
ramazan	NOUN	-
rambursman	NOUN	-
rami	NOUN	-
ramp	NOUN	-
rampa	NOUN	-
rampala	VERB	-
rampalama	NOUN	-
randa	NOUN	-
randevu	NOUN	-
randevuevi	NOUN	-
randevulaş	VERB	-
randıman	NOUN	-
rant	NOUN	-
rantabilite	NOUN	-
rantabl	ADJ	-
rantiye	NOUN	-
rantçı	NOUN	-
ranza	NOUN	-
rap	NOUN	-
rapor	NOUN	-
raporla	VERB	-
raporlama	NOUN	-
raportör	NOUN	-
rappadak	ADV	-
rapsodi	NOUN	-
rapten	ADV	-
raptet	VERB	-
raptetme	NOUN	-
raptiye	NOUN	-
raptiyele	VERB	-
raptiyeleme	NOUN	-
raptiyelen	VERB	-
raptiyelet	VERB	-
raptiyeletme	NOUN	-
rasat	NOUN	VOICING
rasathane	NOUN	-
rasatçı	NOUN	-
rasist	NOUN	-
rasizm	NOUN	-
raspa	NOUN	-
raspala	VERB	-
raspalama	NOUN	-
raspalan	VERB	-
rast	ADJ	-
rast	NOUN	-
rastgele	ADJ	-
rastgele	ADV	-
rastla	VERB	-
rastlama	NOUN	-
rastlan	VERB	-
rastlanabil	VERB	-
rastlanabilme	NOUN	-
rastlantı	NOUN	-
rastlantısal	ADJ	-
rastlat	VERB	-
rastlatma	NOUN	-
rastlayabil	VERB	-
rastlayabilme	NOUN	-
rastlayıver	VERB	-
rastlayıverme	NOUN	-
rastlayış	NOUN	-
rastlaş	VERB	-
rastlaşabil	VERB	-
rastlaşabilme	NOUN	-
rastık	NOUN	VOICING
rasyo	NOUN	-
rasyon	NOUN	-
rasyonalist	ADJ	-
rasyonalite	NOUN	-
rasyonalizasyon	NOUN	-
rasyonalizm	NOUN	-
rasyonel	ADJ	-
rasyonelleş	VERB	-
rasyonelleştir	VERB	-
rasıt	NOUN	VOICING
ratanya	NOUN	-
rate	ADJ	-
rate	NOUN	-
rating	NOUN	-
rattan	ADJ	-
rattan	NOUN	-
ratıp	ADJ	-
raunt	NOUN	VOICING
ravent	NOUN	VOICING
ravi	NOUN	-
ray	NOUN	-
rayba	NOUN	-
rayiha	NOUN	-
rayiç	NOUN	VOICING
raz	NOUN	-
razakı	NOUN	-
razmol	NOUN	-
razı	ADJ	-
rağbet	NOUN	-
rağmen	POSTP	-
raşe	NOUN	-
raşelen	VERB	-
raşi	NOUN	-
raşitik	ADJ	-
raşitizm	NOUN	-
re	NOUN	-
reaksiyon	NOUN	-
reaktif	NOUN	-
reaktör	NOUN	-
realist	ADJ	-
realite	NOUN	-
realizasyon	NOUN	-
realizm	NOUN	-
reasürans	NOUN	-
reaya	NOUN	-
rebabi	ADJ	-
rebabi	NOUN	-
rebap	NOUN	VOICING
rebiyülahir	NOUN	-
rebiyülevvel	NOUN	-
recep	NOUN	VOICING
recim	NOUN	-
recmen	ADV	-
recmet	VERB	-
recmetme	NOUN	-
redaksiyon	NOUN	-
redaktör	NOUN	-
reddedebil	VERB	-
reddedebilme	NOUN	-
reddedil	VERB	-
reddedilme	NOUN	-
reddediş	NOUN	-
reddet	VERB	-
reddetme	NOUN	-
reddettir	VERB	-
reddettirme	NOUN	-
reddeyle	VERB	-
reddeyleme	NOUN	-
reddihâkim	NOUN	-
reddimiras	NOUN	-
reddiye	NOUN	-
reddolun	VERB	-
reddolunma	NOUN	-
redevans	NOUN	-
redif	NOUN	-
redingot	NOUN	-
redoks	NOUN	-
redresör	NOUN	-
redüksiyon	NOUN	-
reeksport	NOUN	-
reel	ADJ	-
reenkarnasyon	NOUN	-
reeskont	NOUN	-
refah	NOUN	-
refakat	NOUN	-
refakatçi	NOUN	-
referandum	NOUN	-
referans	NOUN	-
refet	VERB	-
refetme	NOUN	-
refik	NOUN	-
refika	NOUN	-
refleks	NOUN	-
reflektör	NOUN	-
reform	NOUN	-
reformist	NOUN	-
reftar	NOUN	-
reftiye	NOUN	-
refüj	NOUN	-
reglan	ADJ	-
reglan	NOUN	-
regresyon	NOUN	-
regülasyon	NOUN	-
regülatör	NOUN	-
reha	NOUN	-
rehabilitasyon	NOUN	-
rehabilite	NOUN	-
rehavet	NOUN	-
rehber	NOUN	-
rehbercik	NOUN	VOICING
rehin	NOUN	-
rehine	NOUN	-
reis	NOUN	-
reisicumhur	NOUN	-
reisülküttap	NOUN	VOICING
reji	NOUN	-
rejim	NOUN	-
rejisör	NOUN	-
rekabet	NOUN	-
rekabetçi	NOUN	-
rekiz	NOUN	-
reklam	NOUN	-
rekolte	NOUN	-
rekonstrüksiyon	NOUN	-
rekor	NOUN	-
rekortmen	NOUN	-
rekreasyon	NOUN	-
rektifiye	NOUN	-
rektum	NOUN	-
rektör	NOUN	-
rekzet	VERB	-
rekzetme	NOUN	-
rekâket	NOUN	-
rekât	NOUN	-
relaks	NOUN	-
rembetiko	NOUN	-
remel	NOUN	-
remi	NOUN	-
remiks	NOUN	-
remil	NOUN	VOWEL_DROP
remiz	NOUN	-
remzî	ADJ	-
rencide	ADJ	-
rende	NOUN	-
rendele	VERB	-
rendeleme	NOUN	-
rendelen	VERB	-
rendeleniş	NOUN	-
rengârenk	ADJ	-
renk	NOUN	VOICING
renkgideren	NOUN	-
renkle	VERB	-
renkleme	NOUN	-
renklen	VERB	-
renklendir	VERB	-
renklendirebil	VERB	-
renklendirebilme	NOUN	-
renklendiril	VERB	-
renklendirilme	NOUN	-
renkleniver	VERB	-
renkleniverme	NOUN	-
renkse	VERB	-
renksemez	ADJ	-
renksemez	NOUN	-
renkser	ADJ	-
renktaş	NOUN	-
renkçi	NOUN	-
renkölçer	NOUN	-
renovasyon	NOUN	-
renyum	NOUN	-
rençper	NOUN	-
reomür	NOUN	-
reorganizasyon	NOUN	-
reosta	NOUN	-
repertuvar	NOUN	-
replika	NOUN	-
repo	NOUN	-
reprodüksiyon	NOUN	-
resen	ADV	-
resen	NOUN	-
resepsiyon	NOUN	-
reseptör	NOUN	-
resesif	ADJ	-
resesyon	NOUN	-
resif	NOUN	-
resim	NOUN	-
resimce	NOUN	-
resimle	VERB	-
resimleme	NOUN	-
resimlendir	VERB	-
resimlendiril	VERB	-
resimlendirilme	NOUN	-
resimleş	VERB	-
resimsi	ADJ	-
resimsi	NOUN	-
resital	NOUN	-
resmedebil	VERB	-
resmedebilme	NOUN	-
resmediş	NOUN	-
resmen	ADV	-
resmen	NOUN	-
resmet	VERB	-
resmetme	NOUN	-
resmigeçit	NOUN	VOICING
resmikabul	NOUN	VOWEL_DROP
resmiyet	NOUN	-
resmî	ADJ	-
resmî	NOUN	-
resmîleş	VERB	-
resmîleştir	VERB	-
resmîleştirebil	VERB	-
resmîleştirebilme	NOUN	-
resmîleştiril	VERB	-
resmîleştirilme	NOUN	-
resolüsyon	NOUN	-
ressam	NOUN	-
rest	NOUN	-
restitüsyon	NOUN	-
restleş	VERB	-
resto	NOUN	-
restoran	NOUN	-
restorasyon	NOUN	-
restore	ADJ	-
resul	NOUN	VOWEL_DROP
resülmal	NOUN	-
ret	NOUN	VOICING,GEMINATION
retina	NOUN	-
retorik	NOUN	VOICING
retrospektif	ADV	-
reva	ADJ	-
revak	NOUN	-
revakiye	NOUN	-
revalüasyon	NOUN	-
revan	ADJ	-
revani	NOUN	-
revanlaş	VERB	-
revaç	NOUN	VOICING
revaçta	ADJ	-
reverans	NOUN	-
revir	NOUN	-
revize	NOUN	-
revizyon	NOUN	-
revizyonist	NOUN	-
revizyonizm	NOUN	-
reviş	NOUN	-
revnak	NOUN	-
revolver	NOUN	-
revü	NOUN	-
rey	NOUN	-
reye	ADJ	-
reyhan	NOUN	-
reyhani	ADJ	-
reyhani	NOUN	-
reyon	NOUN	-
rezalet	INTERJ	-
rezalet	NOUN	-
reze	NOUN	-
rezede	NOUN	-
rezeksiyon	NOUN	-
rezele	VERB	-
rezeleme	NOUN	-
rezene	NOUN	-
rezerv	NOUN	-
rezervasyon	NOUN	-
rezervuar	NOUN	-
rezidans	NOUN	-
rezil	ADJ	-
rezilce	ADJ	-
rezilce	ADV	-
rezilcesine	ADV	-
rezilleş	VERB	-
rezistans	NOUN	-
rezonans	NOUN	-
reçel	NOUN	-
reçete	NOUN	-
reçetele	VERB	-
reçeteleme	NOUN	-
reçina	NOUN	-
reçine	NOUN	-
reşit	ADJ	-
reşme	NOUN	-
riayet	NOUN	-
riayetkâr	ADJ	-
rica	NOUN	-
rical	NOUN	-
ricat	NOUN	-
rijit	ADJ	-
rijit	NOUN	-
rika	NOUN	-
rikkat	NOUN	-
rimel	NOUN	-
rimelle	VERB	-
rimelleme	NOUN	-
rina	NOUN	-
rindane	ADJ	-
rindane	ADV	-
ring	NOUN	-
ringa	NOUN	-
rint	NOUN	VOICING
rintçe	ADJ	-
rintçe	ADV	-
risale	NOUN	-
risk	NOUN	-
ritim	NOUN	-
ritmik	ADJ	-
ritüel	ADJ	-
ritüel	NOUN	-
rivayet	NOUN	-
riya	NOUN	-
riyakâr	ADJ	-
riyakârane	ADV	-
riyakârca	ADV	-
riyakârcasına	ADV	-
riyal	NOUN	-
riyala	NOUN	-
riyale	NOUN	-
riyaset	NOUN	-
riyaseticumhur	NOUN	-
riyazet	NOUN	-
riyazi	ADJ	-
riyaziyat	NOUN	-
riyaziye	NOUN	-
riyolit	NOUN	-
riziko	NOUN	-
roaming	NOUN	-
roba	NOUN	-
robot	NOUN	-
robotik	NOUN	VOICING
robotlaş	VERB	-
robotlaştır	VERB	-
roda	NOUN	-
rodaj	NOUN	-
rodeo	NOUN	-
rodyum	NOUN	-
roka	NOUN	-
roket	NOUN	-
roketatar	NOUN	-
rokfor	NOUN	-
rokoko	ADJ	-
rokoko	NOUN	-
rol	NOUN	-
rom	NOUN	-
roman	NOUN	-
romanesk	ADJ	-
romanesk	NOUN	-
romanlaş	VERB	-
romanlaştır	VERB	-
romanlaştırıl	VERB	-
romanlaştırılma	NOUN	-
romans	NOUN	-
romansı	ADJ	-
romantik	ADJ	VOICING
romantik	NOUN	VOICING
romantizm	NOUN	-
romanımsı	ADJ	-
romatizma	NOUN	-
rondel	NOUN	-
rondela	NOUN	-
rondo	NOUN	-
rop	NOUN	VOICING
ropdöşambır	NOUN	-
rosto	NOUN	-
rot	NOUN	-
rota	NOUN	-
rotasyon	NOUN	-
rotatif	NOUN	-
rotatifçi	NOUN	-
rotil	NOUN	-
rotor	NOUN	-
roza	ADJ	-
roza	NOUN	-
rozbif	NOUN	-
roze	NOUN	-
rozet	NOUN	-
rua	NOUN	-
ruam	NOUN	-
ruba	NOUN	-
rubai	NOUN	-
rubaimsi	ADJ	-
rubidyum	NOUN	-
ruble	NOUN	-
ruentgeniyum	NOUN	-
ruf	NOUN	-
rugan	ADJ	-
rugan	NOUN	-
rugani	NOUN	-
ruh	NOUN	-
ruhani	ADJ	-
ruhani	NOUN	-
ruhaniyet	NOUN	-
ruhban	NOUN	-
ruhbaniyet	NOUN	-
ruhen	ADV	-
ruhi	ADJ	-
ruhiyat	NOUN	-
ruhiyatçı	NOUN	-
ruhsal	ADJ	-
ruhsal	NOUN	-
ruhsat	NOUN	-
ruhsatiye	NOUN	-
ruhsatlandır	VERB	-
ruhsatname	NOUN	-
ruhsuzca	ADV	-
ruhsuzlaş	VERB	-
ruhsuzlaştır	VERB	-
ruhumücerret	NOUN	VOICING
ruhça	ADV	-
ruhçu	ADJ	-
ruhçu	NOUN	-
ruhötesi	ADJ	-
ruj	NOUN	-
rujla	VERB	-
rujlama	NOUN	-
rulet	NOUN	-
rulman	NOUN	-
rulo	ADJ	-
rulo	NOUN	-
rumba	NOUN	-
rumi	NOUN	-
rumuz	NOUN	-
run	NOUN	-
runik	ADJ	-
rupi	NOUN	-
rustai	ADJ	-
rustai	NOUN	-
rustik	ADJ	VOICING
rustik	NOUN	VOICING
rutenyum	NOUN	-
rutherfordyum	NOUN	-
rutin	ADJ	-
rutin	NOUN	-
rutinleş	VERB	-
rutubet	NOUN	-
rutubetlen	VERB	-
rutubetlendir	VERB	-
ruz	NOUN	-
ruziklen	VERB	-
ruzname	NOUN	-
ruznamçe	NOUN	-
ruzuşeb	ADV	-
ruzuşeb	NOUN	-
röfle	NOUN	-
rögar	NOUN	-
rölans	NOUN	-
rölanti	NOUN	-
rölatif	ADJ	-
rölativist	ADJ	-
rölativite	NOUN	-
rölativizm	NOUN	-
röle	NOUN	-
röliker	NOUN	-
rölyef	NOUN	-
rölöve	NOUN	-
römork	NOUN	-
römorkör	NOUN	-
röntgen	NOUN	-
röntgenle	VERB	-
röntgenleme	NOUN	-
röportaj	NOUN	-
röportör	NOUN	-
rötar	NOUN	-
rötuş	NOUN	-
rötuşla	VERB	-
rötuşlama	NOUN	-
rötuşlat	VERB	-
rötuşlatma	NOUN	-
rötuşçu	NOUN	-
rövanş	NOUN	-
röveşata	NOUN	-
röyalti	NOUN	-
rüesa	NOUN	-
rüfeka	NOUN	-
rükû	NOUN	-
rükün	NOUN	VOWEL_DROP
rüküş	ADJ	-
rüküşleş	VERB	-
rüsubat	NOUN	-
rüsum	NOUN	-
rüsumat	NOUN	-
rüsup	NOUN	VOICING
rüsva	ADJ	-
rütbe	NOUN	-
rütbelen	VERB	-
rüya	NOUN	-
rüyet	NOUN	-
rüzgâr	NOUN	-
rüzgâraltı	NOUN	-
rüzgârla	VERB	-
rüzgârlama	NOUN	-
rüzgârlan	VERB	-
rüzgârölçer	NOUN	-
rüzgârüstü	NOUN	-
rüçhan	NOUN	-
rüşeym	NOUN	-
rüşt	NOUN	VOICING
rüştiye	NOUN	-
rüşvet	NOUN	-
rüşvetçi	NOUN	-
rıh	NOUN	-
rıhdan	NOUN	-
rıhtım	NOUN	-
rıza	NOUN	-
rızık	NOUN	-
rızıklan	VERB	-
saadet	NOUN	-
saadethane	NOUN	-
saadetle	ADV	-
saat	NOUN	-
saatinde	ADV	-
saatinde	NOUN	-
saatine	ADV	-
saatlerce	ADV	-
saatçi	NOUN	-
saba	NOUN	-
sabah	ADV	-
sabah	NOUN	-
sabaha	ADV	-
sabahki	ADJ	-
sabahla	VERB	-
sabahlama	NOUN	-
sabahları	ADV	-
sabahları	NOUN	-
sabahlat	VERB	-
sabahlatma	NOUN	-
sabahlayabil	VERB	-
sabahlayabilme	NOUN	-
sabahlayış	NOUN	-
sabahleyin	ADV	-
sabahtan	ADV	-
sabahyıldızı	NOUN	-
sabahçı	NOUN	-
saban	NOUN	-
sabankıran	NOUN	-
sabi	NOUN	-
sabit	ADJ	-
sabit	NOUN	-
sabite	NOUN	-
sabitkadem	ADJ	-
sabitkadem	NOUN	-
sabitle	VERB	-
sabitleme	NOUN	-
sabitleş	VERB	-
sabitleşebil	VERB	-
sabitleşebilme	NOUN	-
sabitleştir	VERB	-
sabitleştirebil	VERB	-
sabitleştirebilme	NOUN	-
sabitleştiril	VERB	-
sabitleştirilme	NOUN	-
sabo	NOUN	-
sabotaj	NOUN	-
sabote	NOUN	-
sabredebil	VERB	-
sabredebilme	NOUN	-
sabrediş	NOUN	-
sabret	VERB	-
sabretme	NOUN	-
sabreyle	VERB	-
sabreyleme	NOUN	-
sabrıcemil	NOUN	-
sabuh	NOUN	-
sabukla	VERB	-
sabuklama	NOUN	-
sabun	NOUN	-
sabunhane	NOUN	-
sabuniye	NOUN	-
sabunköpüğü	ADJ	-
sabunla	VERB	-
sabunlama	NOUN	-
sabunlan	VERB	-
sabunlanış	NOUN	-
sabunlayış	NOUN	-
sabunlaş	VERB	-
sabunlaştır	VERB	-
sabur	ADJ	-
sabura	NOUN	-
sabık	ADJ	-
sabıka	NOUN	-
sabır	NOUN	VOWEL_DROP
sabırla	ADV	-
sabırsızca	ADV	-
sabırsızlan	VERB	-
sabırsızlandır	VERB	-
sabırsızlanış	NOUN	-
sabırsızlıkla	ADV	-
sac	ADJ	-
sac	NOUN	-
sacayak	NOUN	VOICING
sacayağı	NOUN	-
sada	NOUN	-
sadak	NOUN	VOICING
sadaka	NOUN	-
sadakat	NOUN	-
sadakor	ADJ	-
sadakor	NOUN	-
sadaret	NOUN	-
sade	ADJ	-
sade	ADV	-
sade	NOUN	-
sadece	ADV	-
sadeleş	VERB	-
sadeleşebil	VERB	-
sadeleşebilme	NOUN	-
sadeleştir	VERB	-
sadeleştirebil	VERB	-
sadeleştirebilme	NOUN	-
sadeleştiril	VERB	-
sadeleştirilme	NOUN	-
sadet	NOUN	VOICING
sadeyağ	NOUN	-
sadik	ADJ	-
sadik	NOUN	-
sadist	ADJ	-
sadist	NOUN	-
sadistçe	ADV	-
sadizm	NOUN	-
sadme	NOUN	-
sadrazam	NOUN	-
sadık	ADJ	-
sadık	NOUN	-
sadıkane	ADV	-
sadıkça	ADV	-
sadır	NOUN	VOWEL_DROP
saf	ADJ	-
saf	NOUN	-
safa	NOUN	-
safahat	NOUN	-
safari	NOUN	-
safderun	ADJ	-
safdil	ADJ	-
safer	NOUN	-
saffet	NOUN	-
safha	NOUN	-
safi	ADJ	-
safi	ADV	-
safi	NOUN	-
safiha	NOUN	-
safir	NOUN	-
safiyane	ADV	-
safiyet	NOUN	-
safkan	ADJ	-
saflaş	VERB	-
saflaştır	VERB	-
saflaştırıl	VERB	-
saflaştırılma	NOUN	-
safra	NOUN	-
safran	NOUN	-
safsata	NOUN	-
saftaron	ADJ	-
saftirik	ADJ	VOICING
saftorik	ADJ	VOICING
safça	ADJ	-
safça	ADV	-
safçasına	ADV	-
sagu	NOUN	-
sah	NOUN	-
saha	NOUN	-
sahabe	NOUN	-
sahabet	NOUN	-
sahabetçi	NOUN	-
sahaf	NOUN	-
sahan	NOUN	-
sahavet	NOUN	-
sahi	ADV	-
sahibe	NOUN	-
sahiden	ADV	-
sahife	NOUN	-
sahih	ADJ	-
sahil	NOUN	-
sahildar	NOUN	-
sahileş	VERB	-
sahileştir	VERB	-
sahip	NOUN	VOICING
sahipkıran	NOUN	-
sahiplen	VERB	-
sahiplendir	VERB	-
sahiplenebil	VERB	-
sahiplenebilme	NOUN	-
sahipleniş	NOUN	-
sahlep	NOUN	VOICING
sahn	NOUN	-
sahne	NOUN	-
sahnele	VERB	-
sahneleme	NOUN	-
sahnelen	VERB	-
sahneleniş	NOUN	-
sahnelet	VERB	-
sahneletme	NOUN	-
sahneleyebil	VERB	-
sahneleyebilme	NOUN	-
sahneleyiş	NOUN	-
sahra	NOUN	-
sahre	NOUN	-
sahte	ADJ	-
sahte	NOUN	-
sahtekâr	ADJ	-
sahtele	VERB	-
sahteleme	NOUN	-
sahtelet	VERB	-
sahteletme	NOUN	-
sahtiyan	NOUN	-
sahur	NOUN	-
saik	NOUN	-
saika	NOUN	-
sair	ADJ	-
sairfilmenam	ADJ	-
sak	ADJ	-
sak	NOUN	-
saka	NOUN	-
sakaf	NOUN	-
sakak	NOUN	VOICING
sakal	NOUN	-
sakallan	VERB	-
sakamet	NOUN	-
sakandırık	NOUN	VOICING
sakar	ADJ	-
sakar	NOUN	-
sakarca	ADV	-
sakarimetre	NOUN	-
sakarimetri	NOUN	-
sakarin	NOUN	-
sakarlaş	VERB	-
sakat	ADJ	-
sakat	NOUN	-
sakatat	NOUN	-
sakatatçı	NOUN	-
sakatla	VERB	-
sakatlama	NOUN	-
sakatlan	VERB	-
sakatlanış	NOUN	-
sakatçı	NOUN	-
sakağı	NOUN	-
sake	NOUN	-
saki	NOUN	-
sakil	ADJ	-
sakil	NOUN	-
sakim	ADJ	-
sakin	ADJ	-
sakin	NOUN	-
sakince	ADJ	-
sakince	ADV	-
sakinle	VERB	-
sakinleme	NOUN	-
sakinleş	VERB	-
sakinleşebil	VERB	-
sakinleşebilme	NOUN	-
sakinleştir	VERB	-
sakit	ADJ	-
sakkarometre	NOUN	-
sakkaroz	NOUN	-
sakkarozölçer	NOUN	-
sakla	VERB	-
saklama	NOUN	-
saklambaç	NOUN	VOICING
saklan	VERB	-
saklanabil	VERB	-
saklanabilme	NOUN	-
saklantı	NOUN	-
saklanıl	VERB	-
saklanılma	NOUN	-
saklanıver	VERB	-
saklanıverme	NOUN	-
saklanış	NOUN	-
saklat	VERB	-
saklatma	NOUN	-
saklayabil	VERB	-
saklayabilme	NOUN	-
saklayış	NOUN	-
sako	NOUN	-
saksafon	NOUN	-
saksağan	NOUN	-
saksonya	NOUN	-
saksı	NOUN	-
sakuleta	NOUN	-
sakın	INTERJ	-
sakın	NOUN	-
sakın	VERB	-
sakınabil	VERB	-
sakınabilme	NOUN	-
sakınca	NOUN	-
sakındır	VERB	-
sakındırma	NOUN	-
sakıngan	ADJ	-
sakınma	NOUN	-
sakıntı	NOUN	-
sakınıl	VERB	-
sakınılma	NOUN	-
sakınım	NOUN	-
sakınış	NOUN	-
sakırda	VERB	-
sakırdama	NOUN	-
sakırga	NOUN	-
sakırtı	NOUN	-
sakıt	ADJ	-
sakıt	NOUN	-
sakız	NOUN	-
sakızlaş	VERB	-
sakızlaştır	VERB	-
sal	NOUN	-
sal	VERB	-
sala	NOUN	-
salabet	NOUN	-
salabil	VERB	-
salabilme	NOUN	-
salacak	NOUN	VOICING
salah	NOUN	-
salahiyet	NOUN	-
salahiyettar	ADJ	-
salak	ADJ	VOICING
salaklaş	VERB	-
salakça	ADJ	-
salakça	ADV	-
salam	NOUN	-
salamandra	NOUN	-
salamanje	NOUN	-
salamura	ADJ	-
salamura	NOUN	-
salangan	NOUN	-
salapurya	NOUN	-
salat	NOUN	-
salata	NOUN	-
salatüselam	NOUN	-
salavat	NOUN	-
salaş	ADJ	-
salaş	ADV	-
salaş	NOUN	-
salaşpur	NOUN	-
saldır	VERB	-
saldırabil	VERB	-
saldırabilme	NOUN	-
saldırgan	ADJ	-
saldırganlaş	VERB	-
saldırma	NOUN	-
saldırt	VERB	-
saldırtabil	VERB	-
saldırtabilme	NOUN	-
saldırtma	NOUN	-
saldırı	NOUN	-
saldırıver	VERB	-
saldırıverme	NOUN	-
saldırış	NOUN	-
salep	NOUN	VOICING
salepgiller	NOUN	-
salepçi	NOUN	-
salgı	NOUN	-
salgıla	VERB	-
salgılama	NOUN	-
salgılat	VERB	-
salgılatma	NOUN	-
salgılayış	NOUN	-
salgın	ADJ	-
salgın	NOUN	-
salgınlaş	VERB	-
salhane	NOUN	-
salim	ADJ	-
salim	NOUN	-
salimen	ADV	-
salinometre	NOUN	-
salip	NOUN	VOICING
salise	NOUN	-
salisen	ADV	-
salisilat	NOUN	-
salkı	VERB	-
salkım	NOUN	-
salkıma	NOUN	-
salla	VERB	-
sallabaş	ADJ	-
sallabaş	NOUN	-
sallama	NOUN	-
sallama	VERB	-
sallan	VERB	-
sallanabil	VERB	-
sallanabilme	NOUN	-
sallandır	VERB	-
sallantı	NOUN	-
sallanış	NOUN	-
sallapati	ADJ	-
sallapati	ADV	-
sallapati	NOUN	-
sallasırt	NOUN	-
sallat	VERB	-
sallatma	NOUN	-
sallayabil	VERB	-
sallayabilme	NOUN	-
sallayıver	VERB	-
sallayıverme	NOUN	-
sallayış	NOUN	-
salma	ADJ	-
salma	NOUN	-
salmastra	NOUN	-
salname	NOUN	-
salon	NOUN	-
saloz	ADJ	-
salozlaş	VERB	-
salpa	ADJ	-
salpa	NOUN	-
salpak	ADJ	-
salsa	NOUN	-
salt	ADJ	-
salt	ADV	-
salt	NOUN	-
salta	NOUN	-
saltanat	NOUN	-
saltanatçı	NOUN	-
salto	NOUN	-
saltçı	ADJ	-
saltık	ADJ	-
saltık	NOUN	-
salvo	NOUN	-
salya	NOUN	-
salyamsı	ADJ	-
salyangoz	NOUN	-
salça	NOUN	-
salçala	VERB	-
salçalama	NOUN	-
salçalan	VERB	-
salın	VERB	-
salınabil	VERB	-
salınabilme	NOUN	-
salıncak	NOUN	VOICING
salıncakçı	NOUN	-
salınma	NOUN	-
salıntı	NOUN	-
salınım	NOUN	-
salınış	NOUN	-
salıver	VERB	-
salıveril	VERB	-
salıverilme	NOUN	-
salıverme	NOUN	-
sam	NOUN	-
saman	NOUN	-
samani	ADJ	-
samani	NOUN	-
samankapan	NOUN	-
samaryum	NOUN	-
samba	NOUN	-
sami	ADJ	-
sami	NOUN	-
samiin	NOUN	-
samimi	ADJ	-
samimi	ADV	-
samimi	NOUN	-
samimileş	VERB	-
samimileşiver	VERB	-
samimileşiverme	NOUN	-
samimiyet	NOUN	-
samimiyetle	ADV	-
samimiyetle	NOUN	-
samsa	NOUN	-
samsun	NOUN	-
samur	ADJ	-
samur	NOUN	-
samuray	NOUN	-
samut	ADJ	-
san	NOUN	-
san	VERB	-
sana	PRON	-
sanabil	VERB	-
sanabilme	NOUN	-
sanadur	VERB	-
sanadurma	NOUN	-
sanal	ADJ	-
sanal	NOUN	-
sanat	NOUN	-
sanatevi	NOUN	-
sanatkâr	ADJ	-
sanatkâr	NOUN	-
sanatkârane	ADV	-
sanatkârca	ADV	-
sanatlaş	VERB	-
sanatoryum	NOUN	-
sanatsal	ADJ	-
sanatsever	ADJ	-
sanatçı	NOUN	-
sanayi	NOUN	-
sanayiinefise	NOUN	-
sanayileş	VERB	-
sanayileşebil	VERB	-
sanayileşebilme	NOUN	-
sanayileştir	VERB	-
sancak	NOUN	VOICING
sancaktar	NOUN	-
sancılan	VERB	-
sancıma	NOUN	-
sandal	NOUN	-
sandalet	NOUN	-
sandalgiller	NOUN	-
sandalye	NOUN	-
sanduka	NOUN	-
sandviç	NOUN	-
sandviççi	NOUN	-
sandık	NOUN	VOICING
sandıkla	VERB	-
sandıklama	NOUN	-
sandıklan	VERB	-
sandıkçı	NOUN	-
sandır	VERB	-
sandırma	NOUN	-
sanem	NOUN	-
sangı	ADJ	-
sangıla	VERB	-
sangılama	NOUN	-
sanidin	NOUN	-
sanitasyon	NOUN	-
saniye	NOUN	-
sanki	ADV	-
sanki	NOUN	-
sankim	ADV	-
sanma	NOUN	-
sanrı	NOUN	-
sanrıla	VERB	-
sanrılama	NOUN	-
sanrısal	ADJ	-
sansar	NOUN	-
sansargiller	NOUN	-
sansasyon	NOUN	-
sansasyonel	ADJ	-
sansüalizm	NOUN	-
sansür	NOUN	-
sansürle	VERB	-
sansürleme	NOUN	-
sansürlen	VERB	-
sansürleyebil	VERB	-
sansürleyebilme	NOUN	-
santiar	NOUN	-
santigram	NOUN	-
santigrat	NOUN	VOICING
santilitre	NOUN	-
santim	NOUN	-
santimantal	ADJ	-
santimantalite	NOUN	-
santimantalizm	NOUN	-
santimetre	NOUN	-
santimetrekare	NOUN	-
santimetreküp	NOUN	-
santra	NOUN	-
santral	NOUN	-
santrfor	NOUN	-
santrhaf	NOUN	-
santrifüj	ADJ	-
santrifüj	NOUN	-
santrifüjör	NOUN	-
santur	NOUN	-
santuri	NOUN	-
sanç	VERB	-
sançma	NOUN	-
sanı	NOUN	-
sanık	NOUN	VOICING
sanıl	VERB	-
sanılma	NOUN	-
sanıver	VERB	-
sanıverme	NOUN	-
sanış	NOUN	-
sap	NOUN	-
sap	VERB	-
sapa	ADJ	-
sapa	NOUN	-
sapabil	VERB	-
sapabilme	NOUN	-
sapak	ADJ	VOICING
sapak	NOUN	VOICING
sapan	NOUN	-
saparna	NOUN	-
saparta	NOUN	-
sapasağlam	ADJ	-
sapasağlam	ADV	-
sapkı	NOUN	-
sapkın	ADJ	-
sapkın	NOUN	-
sapla	VERB	-
saplama	NOUN	-
saplan	VERB	-
saplanabil	VERB	-
saplanabilme	NOUN	-
saplantı	NOUN	-
saplanıver	VERB	-
saplanıverme	NOUN	-
saplanış	NOUN	-
saplat	VERB	-
saplatma	NOUN	-
saplayabil	VERB	-
saplayabilme	NOUN	-
saplayıver	VERB	-
saplayıverme	NOUN	-
saplayış	NOUN	-
sapma	NOUN	-
sapotgiller	NOUN	-
saprofit	ADJ	-
sapsarı	ADJ	-
sapta	VERB	-
saptama	NOUN	-
saptan	VERB	-
saptanabil	VERB	-
saptanabilme	NOUN	-
saptanma	NOUN	-
saptanım	NOUN	-
saptanış	NOUN	-
saptayabil	VERB	-
saptayabilme	NOUN	-
saptayış	NOUN	-
saptır	VERB	-
saptırabil	VERB	-
saptırabilme	NOUN	-
saptırma	NOUN	-
saptırt	VERB	-
saptırtma	NOUN	-
saptırıl	VERB	-
saptırılma	NOUN	-
sapçık	NOUN	VOICING
sapık	ADJ	VOICING
sapık	NOUN	VOICING
sapıklaş	VERB	-
sapıkça	ADV	-
sapıl	VERB	-
sapılma	NOUN	-
sapıntı	NOUN	-
sapınç	NOUN	VOICING
sapıt	VERB	-
sapıtma	NOUN	-
sapıttır	VERB	-
sapıttırma	NOUN	-
sapıtış	NOUN	-
sapıver	VERB	-
sapıverme	NOUN	-
sapış	NOUN	-
sar	VERB	-
sara	NOUN	-
sarabil	VERB	-
sarabilme	NOUN	-
saraciye	NOUN	-
sarahat	NOUN	-
sarahaten	ADV	-
sarahatle	ADV	-
sarak	NOUN	VOICING
saraka	NOUN	-
sarar	VERB	-
sararma	NOUN	-
sarart	VERB	-
sarartma	NOUN	-
sarartı	NOUN	-
sarartış	NOUN	-
sararış	NOUN	-
sarat	NOUN	-
saray	NOUN	-
saraypatı	NOUN	-
saraç	NOUN	VOICING
saraçhane	NOUN	-
sarban	NOUN	-
sarbanbaşı	NOUN	-
sardalya	NOUN	-
sardoğan	NOUN	-
sardun	NOUN	-
sardunya	NOUN	-
sardunyagiller	NOUN	-
sardır	VERB	-
sardırma	NOUN	-
sarf	NOUN	-
sarfiyat	NOUN	-
sarfınazar	NOUN	-
sargaç	NOUN	VOICING
sargı	NOUN	-
sargıla	VERB	-
sargılama	NOUN	-
sargın	ADV	-
sarhoş	ADJ	-
sarhoş	ADV	-
sarhoş	NOUN	-
sarhoşla	VERB	-
sarhoşlama	NOUN	-
sarhoşlaş	VERB	-
sarhoşça	ADV	-
sari	NOUN	-
sarig	NOUN	-
sarih	ADJ	-
sarih	NOUN	-
sark	VERB	-
sarkabil	VERB	-
sarkabilme	NOUN	-
sarkaç	NOUN	VOICING
sarkaçla	VERB	-
sarkaçlama	NOUN	-
sarkma	NOUN	-
sarkom	NOUN	-
sarkık	ADJ	-
sarkık	NOUN	-
sarkıl	ADJ	-
sarkıntı	NOUN	-
sarkıt	NOUN	-
sarkıt	VERB	-
sarkıtabil	VERB	-
sarkıtabilme	NOUN	-
sarkıtma	NOUN	-
sarkış	NOUN	-
sarma	ADJ	-
sarma	NOUN	-
sarmal	ADJ	-
sarmal	NOUN	-
sarmala	VERB	-
sarmalama	NOUN	-
sarmalan	VERB	-
sarmalanış	NOUN	-
sarmalayış	NOUN	-
sarman	ADJ	-
sarman	NOUN	-
sarmaç	NOUN	VOICING
sarmaş	VERB	-
sarmaşan	ADJ	-
sarmaşma	NOUN	-
sarmaşık	NOUN	VOICING
sarmaşıkgiller	NOUN	-
sarmısak	NOUN	VOICING
sarnıç	NOUN	VOICING
sarp	ADJ	-
sarp	NOUN	-
sarpa	NOUN	-
sarplaş	VERB	-
sarpın	NOUN	-
sarraf	NOUN	-
sarrafiye	NOUN	-
sars	VERB	-
sarsabil	VERB	-
sarsabilme	NOUN	-
sarsak	ADJ	-
sarsak	NOUN	-
sarsakça	ADV	-
sarsala	VERB	-
sarsalama	NOUN	-
sarsma	NOUN	-
sarsık	ADJ	-
sarsıl	VERB	-
sarsılma	NOUN	-
sarsılış	NOUN	-
sarsım	NOUN	-
sarsıntı	NOUN	-
sarsış	NOUN	-
sarı	ADJ	-
sarı	NOUN	-
sarıasma	NOUN	-
sarıasmagiller	NOUN	-
sarıağı	NOUN	-
sarıağız	NOUN	-
sarıca	ADJ	-
sarıca	NOUN	-
sarıcık	NOUN	VOICING
sarıdiken	NOUN	-
sarıerik	NOUN	VOICING
sarıfiğ	NOUN	-
sarıgöz	NOUN	-
sarıhalile	NOUN	-
sarıhani	NOUN	-
sarıhumma	NOUN	-
sarık	NOUN	VOICING
sarıkanat	NOUN	VOICING
sarıkuyruk	NOUN	VOICING
sarıkçı	NOUN	-
sarıkız	NOUN	-
sarıl	VERB	-
sarılabil	VERB	-
sarılabilme	NOUN	-
sarılaş	VERB	-
sarılaştır	VERB	-
sarılgan	ADJ	-
sarılma	NOUN	-
sarılıver	VERB	-
sarılıverme	NOUN	-
sarılış	NOUN	-
sarılış	VERB	-
sarılışma	NOUN	-
sarım	NOUN	-
sarımsak	NOUN	VOICING
sarımsakla	VERB	-
sarımsaklama	NOUN	-
sarımsaklan	VERB	-
sarımsaklat	VERB	-
sarımsaklatma	NOUN	-
sarımsı	ADJ	-
sarımtırak	ADJ	-
sarın	VERB	-
sarınabil	VERB	-
sarınabilme	NOUN	-
sarınma	NOUN	-
sarınış	NOUN	-
sarıpapatya	NOUN	-
sarısabır	NOUN	-
sarısalkım	NOUN	-
sarıver	VERB	-
sarıverme	NOUN	-
sarıyağız	NOUN	-
sarıyonca	NOUN	-
sarızambak	NOUN	VOICING
sarıçam	NOUN	-
sarıçiçek	NOUN	VOICING
sarıçiğdem	NOUN	-
sarığıburma	NOUN	-
sarış	NOUN	-
sarışın	ADJ	-
sarışın	NOUN	-
sarışınca	ADJ	-
sası	ADJ	-
sası	NOUN	-
sası	VERB	-
sasıma	NOUN	-
sat	VERB	-
satabil	VERB	-
satabilme	NOUN	-
satanist	NOUN	-
satanizm	NOUN	-
satasıya	NOUN	-
sataş	VERB	-
sataşabil	VERB	-
sataşabilme	NOUN	-
sataşkan	ADJ	-
sataşma	NOUN	-
sataşıl	VERB	-
sataşılma	NOUN	-
saten	ADJ	-
saten	NOUN	-
sathi	ADJ	-
sathileş	VERB	-
sathileştir	VERB	-
satir	NOUN	-
satirik	ADJ	-
satlıcan	NOUN	-
satma	NOUN	-
satranç	NOUN	VOICING
satranççı	NOUN	-
satrap	NOUN	-
satsuma	NOUN	-
sattır	VERB	-
sattırabil	VERB	-
sattırabilme	NOUN	-
sattırma	NOUN	-
satvet	NOUN	-
satı	ADJ	-
satı	NOUN	-
satıh	NOUN	-
satıl	VERB	-
satılabil	VERB	-
satılabilme	NOUN	-
satılma	NOUN	-
satılış	NOUN	-
satım	NOUN	-
satır	NOUN	-
satıver	VERB	-
satıverme	NOUN	-
satış	NOUN	-
sauna	NOUN	-
sav	NOUN	-
sav	VERB	-
sava	NOUN	-
savabil	VERB	-
savabilme	NOUN	-
savak	ADJ	VOICING
savak	NOUN	VOICING
savakla	VERB	-
savaklama	NOUN	-
savan	NOUN	-
savana	NOUN	-
savap	ADJ	VOICING
savat	NOUN	-
savatla	VERB	-
savatlama	NOUN	-
savatlan	VERB	-
savaş	NOUN	-
savaş	VERB	-
savaşabil	VERB	-
savaşabilme	NOUN	-
savaşkan	ADJ	-
savaşma	NOUN	-
savaştır	VERB	-
savaştırma	NOUN	-
savaşçı	ADJ	-
savaşçı	NOUN	-
savaşım	NOUN	-
savca	NOUN	-
savdır	VERB	-
savdırma	NOUN	-
savla	NOUN	-
savla	VERB	-
savlama	NOUN	-
savlet	NOUN	-
savlo	NOUN	-
savma	NOUN	-
savran	NOUN	-
savruk	ADJ	-
savruk	NOUN	-
savrul	VERB	-
savrulabil	VERB	-
savrulabilme	NOUN	-
savrulma	NOUN	-
savruluş	NOUN	-
savruntu	NOUN	-
savsa	VERB	-
savsak	ADJ	-
savsakla	VERB	-
savsaklama	NOUN	-
savsaklan	VERB	-
savsaklayış	NOUN	-
savsama	NOUN	-
savul	VERB	-
savulma	NOUN	-
savun	VERB	-
savunabil	VERB	-
savunabilme	NOUN	-
savundur	VERB	-
savundurma	NOUN	-
savunma	NOUN	-
savunu	NOUN	-
savunul	VERB	-
savunulma	NOUN	-
savunuş	NOUN	-
savur	VERB	-
savurabil	VERB	-
savurabilme	NOUN	-
savurgan	ADJ	-
savurganca	ADV	-
savurma	NOUN	-
savurt	VERB	-
savurtma	NOUN	-
savurtuş	NOUN	-
savuruş	NOUN	-
savuş	VERB	-
savuşma	NOUN	-
savuştur	VERB	-
savuşturabil	VERB	-
savuşturabilme	NOUN	-
savuşturma	NOUN	-
savuşuver	VERB	-
savuşuverme	NOUN	-
savıl	VERB	-
savılma	NOUN	-
savış	NOUN	-
say	NOUN	-
say	VERB	-
saya	NOUN	-
sayabil	VERB	-
sayabilme	NOUN	-
sayaç	NOUN	VOICING
saydam	ADJ	-
saydam	NOUN	-
saydamlaş	VERB	-
saydamlaştır	VERB	-
saydamlaştırıl	VERB	-
saydamlaştırılma	NOUN	-
saydır	VERB	-
saydırabil	VERB	-
saydırabilme	NOUN	-
saydırma	NOUN	-
saydırt	VERB	-
saydırtma	NOUN	-
saye	NOUN	-
sayeban	NOUN	-
sayesinde	ADV	-
sayfa	NOUN	-
sayfala	VERB	-
sayfalama	NOUN	-
sayfalandır	VERB	-
sayfiye	NOUN	-
saygı	NOUN	-
saygıdeğer	ADJ	-
saygılıca	ADV	-
saygın	ADJ	-
saygısızca	ADV	-
sayha	NOUN	-
saykal	NOUN	-
saykalla	VERB	-
saykallama	NOUN	-
sayla	VERB	-
saylama	NOUN	-
saylav	NOUN	-
sayma	NOUN	-
saymaca	ADJ	-
saymaca	ADV	-
sayman	NOUN	-
sayrı	ADJ	-
sayrıl	ADJ	-
sayrılarevi	NOUN	-
sayrımsa	VERB	-
sayrımsak	ADJ	-
sayrımsama	NOUN	-
sayvan	NOUN	-
sayı	NOUN	-
sayıca	ADV	-
sayıkla	VERB	-
sayıklama	NOUN	-
sayıklayış	NOUN	-
sayıl	VERB	-
sayıla	VERB	-
sayılabil	VERB	-
sayılabilme	NOUN	-
sayılama	NOUN	-
sayılma	NOUN	-
sayıltı	NOUN	-
sayılış	NOUN	-
sayım	NOUN	-
sayımla	VERB	-
sayımlama	NOUN	-
sayımsal	ADJ	-
sayın	ADJ	-
sayısal	ADJ	-
sayısal	NOUN	-
sayısallaş	VERB	-
sayısallaştır	VERB	-
sayıver	VERB	-
sayıverme	NOUN	-
sayış	NOUN	-
sayış	VERB	-
sayışma	NOUN	-
sayışmaca	NOUN	-
saz	ADJ	-
saz	NOUN	-
sazak	NOUN	VOICING
sazan	NOUN	-
sazangiller	NOUN	-
sazende	NOUN	-
sazevi	NOUN	-
sazkayası	NOUN	-
sazkâr	NOUN	-
saç	NOUN	-
saç	VERB	-
saçabil	VERB	-
saçabilme	NOUN	-
saçak	NOUN	VOICING
saçaklan	VERB	-
saçala	VERB	-
saçalama	NOUN	-
saçalan	VERB	-
saçkıran	NOUN	-
saçma	ADJ	-
saçma	NOUN	-
saçmala	VERB	-
saçmalama	NOUN	-
saçmalayabil	VERB	-
saçmalayabilme	NOUN	-
saçmalayış	NOUN	-
saçmalaş	VERB	-
saçmalaştır	VERB	-
saçula	NOUN	-
saçyıldızları	NOUN	-
saçyıldızı	NOUN	-
saçı	NOUN	-
saçık	ADJ	-
saçıl	VERB	-
saçılabil	VERB	-
saçılabilme	NOUN	-
saçılma	NOUN	-
saçılıver	VERB	-
saçılıverme	NOUN	-
saçılış	NOUN	-
saçıntı	NOUN	-
saçıver	VERB	-
saçıverme	NOUN	-
saçış	NOUN	-
saçıştır	VERB	-
saçıştırma	VERB	-
sağ	ADJ	-
sağ	NOUN	-
sağ	VERB	-
sağabil	VERB	-
sağabilme	NOUN	-
sağal	VERB	-
sağalma	NOUN	-
sağalt	VERB	-
sağaltma	NOUN	-
sağaltım	NOUN	-
sağanak	NOUN	VOICING
sağanlar	NOUN	-
sağbeğeni	NOUN	-
sağduyu	NOUN	-
sağdır	VERB	-
sağdırma	NOUN	-
sağdıç	NOUN	VOICING
sağgörü	NOUN	-
sağistem	NOUN	-
sağkol	NOUN	-
sağla	VERB	-
sağlam	ADJ	-
sağlam	ADV	-
sağlam	NOUN	-
sağlama	NOUN	-
sağlamca	ADJ	-
sağlamca	ADV	-
sağlamla	VERB	-
sağlamlama	NOUN	-
sağlamlaş	VERB	-
sağlamlaştır	VERB	-
sağlamlaştırıl	VERB	-
sağlamlaştırılma	NOUN	-
sağlan	VERB	-
sağlanabil	VERB	-
sağlanabilme	NOUN	-
sağlanış	NOUN	-
sağlat	VERB	-
sağlatma	NOUN	-
sağlattır	VERB	-
sağlattırma	NOUN	-
sağlayabil	VERB	-
sağlayabilme	NOUN	-
sağlayış	NOUN	-
sağlıcakla	ADV	-
sağlıkevi	NOUN	-
sağlıkla	ADV	-
sağlıklama	NOUN	-
sağlıksal	ADJ	-
sağlıkçı	NOUN	-
sağlığında	NOUN	-
sağlığınıza	NOUN	-
sağma	NOUN	-
sağmal	ADJ	-
sağmal	NOUN	-
sağrı	NOUN	-
sağtöre	NOUN	-
sağtöresel	ADJ	-
sağyağ	NOUN	-
sağı	NOUN	-
sağıl	VERB	-
sağılma	NOUN	-
sağılış	NOUN	-
sağım	NOUN	-
sağın	ADJ	-
sağın	NOUN	-
sağır	ADJ	-
sağır	NOUN	-
sağırlaş	VERB	-
sağıver	VERB	-
sağıverme	NOUN	-
scoreboard	NOUN	-
se	NOUN	-
seans	NOUN	-
sebat	NOUN	-
sebatkâr	ADJ	-
sebayüdü	NOUN	-
sebebiyet	NOUN	-
sebebiyle	POSTP	-
sebep	NOUN	VOICING
sebeplen	VERB	-
sebeplendir	VERB	-
sebepsizce	ADV	-
sebil	NOUN	-
sebilhane	NOUN	-
sebkihindi	NOUN	-
sebze	NOUN	-
sebzevat	NOUN	-
seccade	NOUN	-
secde	NOUN	-
seciye	NOUN	-
seda	NOUN	-
sedalılaş	VERB	-
sedasyon	NOUN	-
sedasızlaş	VERB	-
sedef	ADJ	-
sedef	NOUN	-
sedefimsi	ADJ	-
sedefkâr	NOUN	-
sedefsi	ADJ	-
sedefçi	NOUN	-
sedimantasyon	NOUN	-
sedir	NOUN	-
sedye	NOUN	-
sefa	NOUN	-
sefahat	NOUN	-
sefalet	NOUN	-
sefaret	NOUN	-
sefarethane	NOUN	-
sefer	NOUN	-
seferber	ADJ	-
seferî	ADJ	-
seferî	NOUN	-
sefih	ADJ	-
sefihane	ADV	-
sefil	ADJ	-
sefil	ADV	-
sefil	NOUN	-
sefilane	ADV	-
sefilce	ADV	-
sefile	ADJ	-
sefine	NOUN	-
sefir	NOUN	-
sefire	NOUN	-
sefirikebir	NOUN	-
segman	NOUN	-
segment	NOUN	-
segâh	NOUN	-
seher	NOUN	-
sehim	NOUN	-
sehiv	NOUN	-
sehpa	NOUN	-
sehven	ADV	-
sek	ADJ	-
sek	ADV	-
sek	VERB	-
sekans	NOUN	-
sekant	NOUN	-
sekban	NOUN	-
sekbanbaşı	NOUN	-
sekel	NOUN	-
sekene	NOUN	-
seki	NOUN	-
sekil	NOUN	-
sekile	VERB	-
sekileme	NOUN	-
sekilen	VERB	-
sekit	VERB	-
sekitme	NOUN	-
sekiz	ADJ	-
sekiz	NOUN	-
sekizer	ADJ	-
sekizer	NOUN	-
sekizgen	ADJ	-
sekizgen	NOUN	-
sekiztek	NOUN	-
sekizçifte	NOUN	-
sekiş	NOUN	-
seklem	ADJ	-
seklem	NOUN	-
sekme	NOUN	-
sekmen	NOUN	-
sekoya	NOUN	-
sekretarya	NOUN	-
sekreter	NOUN	-
seks	NOUN	-
seksapel	NOUN	-
seksek	NOUN	VOICING
seksen	ADJ	-
seksen	NOUN	-
seksener	ADJ	-
seksener	NOUN	-
seksi	ADJ	-
seksiyon	NOUN	-
seksolog	NOUN	-
seksoloji	NOUN	-
seksolojik	ADJ	-
sekstant	NOUN	-
seksüel	ADJ	-
sekte	NOUN	-
sekteikalp	NOUN	VOICING
sekter	ADJ	-
sekter	NOUN	-
sektir	VERB	-
sektirebil	VERB	-
sektirebilme	NOUN	-
sektiriş	NOUN	-
sektirme	NOUN	-
sektör	NOUN	-
sektörel	ADJ	-
sekunder	ADJ	-
sekülarist	NOUN	-
sekülarizm	NOUN	-
seküler	ADJ	-
sekülerleş	VERB	-
sel	NOUN	-
sela	NOUN	-
selam	NOUN	-
selamet	NOUN	-
selametle	VERB	-
selametleme	NOUN	-
selamla	VERB	-
selamlama	NOUN	-
selamlan	VERB	-
selamlayabil	VERB	-
selamlayabilme	NOUN	-
selamlayış	NOUN	-
selamlaş	VERB	-
selamlaşabil	VERB	-
selamlaşabilme	NOUN	-
selamünaleyküm	INTERJ	-
selanik	NOUN	VOICING
selaset	NOUN	-
selatin	NOUN	-
selbet	VERB	-
selbetme	NOUN	-
selcik	NOUN	VOICING
sele	NOUN	-
selef	NOUN	-
selek	ADJ	-
seleksiyon	NOUN	-
selektif	ADJ	-
selektör	NOUN	-
selen	NOUN	-
selenyum	NOUN	-
selfdeterminasyon	NOUN	-
selfie	NOUN	-
selika	NOUN	-
selim	ADJ	-
selim	NOUN	-
selimî	NOUN	-
selinti	NOUN	-
selis	ADJ	-
sellemehüsselam	ADV	-
selobant	NOUN	VOICING
selofan	NOUN	-
seloteyp	NOUN	VOICING
selp	NOUN	VOICING
selva	NOUN	-
selvi	NOUN	-
selviçe	NOUN	-
selzede	NOUN	-
selülit	NOUN	-
selüloit	NOUN	VOICING
selüloz	NOUN	-
selülozik	ADJ	-
sem	NOUN	-
sema	NOUN	-
semafor	NOUN	-
semah	NOUN	-
semahane	NOUN	-
semahat	NOUN	-
semahçı	NOUN	-
semai	ADJ	-
semai	NOUN	-
seman	NOUN	-
semantik	ADJ	VOICING
semantik	NOUN	VOICING
semaver	NOUN	-
semavi	ADJ	-
semavi	NOUN	-
semazen	NOUN	-
semazenbaşı	NOUN	-
sembol	NOUN	-
sembolist	ADJ	-
sembolizm	NOUN	-
sembolleş	VERB	-
sembolleştir	VERB	-
sembolleştiril	VERB	-
sembolleştirilme	NOUN	-
seme	ADJ	-
semeleş	VERB	-
semen	NOUN	-
semender	NOUN	-
semendergiller	NOUN	-
semer	NOUN	-
semere	NOUN	-
semerle	VERB	-
semerleme	NOUN	-
semerlen	VERB	-
semerlet	VERB	-
semerletme	NOUN	-
semih	ADJ	-
seminer	NOUN	-
semir	VERB	-
semirgin	ADJ	-
semirgin	NOUN	-
semirme	NOUN	-
semirt	VERB	-
semirtme	NOUN	-
semitik	NOUN	VOICING
semitizm	NOUN	-
semiyolog	NOUN	-
semiyoloji	NOUN	-
semiyolojik	ADJ	-
semiyotik	ADJ	VOICING
semiyotik	NOUN	VOICING
semiz	ADJ	-
semiz	NOUN	-
semizce	ADJ	-
semizle	VERB	-
semizleme	NOUN	-
semizlen	VERB	-
semizlet	VERB	-
semizletme	NOUN	-
semizleş	VERB	-
semizot	NOUN	-
semizotu	NOUN	-
semizotugiller	NOUN	-
sempati	NOUN	-
sempatik	ADJ	-
sempatik	NOUN	-
sempatizan	NOUN	-
sempozyum	NOUN	-
semptom	NOUN	-
semt	NOUN	-
semtürreis	NOUN	-
sen	NOUN	-
sena	NOUN	-
senarist	NOUN	-
senaryo	NOUN	-
senato	NOUN	-
senatör	NOUN	-
sence	ADV	-
sencesi	PRON	-
sendele	VERB	-
sendeleme	NOUN	-
sendelet	VERB	-
sendeletme	NOUN	-
sendeleyiş	NOUN	-
senden	NOUN	-
sendik	NOUN	VOICING
sendika	NOUN	-
sendikal	ADJ	-
sendikalaş	VERB	-
sendikalaştır	VERB	-
sendikalist	NOUN	-
sendikalizm	NOUN	-
sendikasyon	NOUN	-
sendrom	NOUN	-
sene	NOUN	-
seneidevriye	NOUN	-
seneikebise	NOUN	-
senek	NOUN	VOICING
senelerce	ADV	-
senet	NOUN	VOICING
senetleş	VERB	-
senevi	ADJ	-
seneye	ADV	-
senfoni	NOUN	-
senfonik	ADJ	-
seninki	ADJ	-
seninki	PRON	-
senir	NOUN	-
senit	NOUN	VOICING
senkretizm	NOUN	-
senkron	ADJ	-
senkroni	NOUN	-
senkronik	ADJ	-
senkronizasyon	NOUN	-
senkronizm	NOUN	-
senozoik	ADJ	VOICING
senozoik	NOUN	VOICING
sensen	NOUN	-
sensör	NOUN	-
sent	NOUN	-
sentagma	NOUN	-
sentaks	NOUN	-
sentaktik	ADJ	-
sentetik	ADJ	-
sentez	NOUN	-
sentezle	VERB	-
sentezleme	NOUN	-
sentrozom	NOUN	-
senyör	NOUN	-
sepek	NOUN	VOICING
sepele	VERB	-
sepeleme	NOUN	-
sepet	ADJ	-
sepet	NOUN	-
sepetkulpu	NOUN	-
sepetle	VERB	-
sepetleme	NOUN	-
sepetlen	VERB	-
sepetleyebil	VERB	-
sepetleyebilme	NOUN	-
sepetçi	NOUN	-
sepetçik	NOUN	VOICING
sepi	NOUN	-
sepile	VERB	-
sepileme	VERB	-
sepilen	VERB	-
sepken	NOUN	-
septik	ADJ	-
septisemi	NOUN	-
septisizm	NOUN	-
sepya	ADJ	-
sepya	NOUN	-
ser	NOUN	-
ser	VERB	-
sera	NOUN	-
serak	NOUN	VOICING
seramik	ADJ	VOICING
seramik	NOUN	VOICING
seramikçi	NOUN	-
serap	NOUN	VOICING
serapa	ADV	-
serasker	NOUN	-
serazat	ADJ	-
serazat	NOUN	-
serbaz	ADJ	-
serbest	ADJ	-
serbest	ADV	-
serbest	NOUN	-
serbestle	VERB	-
serbestleme	NOUN	-
serbestleş	VERB	-
serbestleştir	VERB	-
serbestçe	ADJ	-
serbestçe	ADV	-
serbestî	NOUN	-
serdar	NOUN	-
serdengeçti	NOUN	-
serdet	VERB	-
serdetme	NOUN	-
serdir	VERB	-
serdirme	NOUN	-
serdümen	NOUN	-
sere	NOUN	-
serebil	VERB	-
serebilme	NOUN	-
seremoni	NOUN	-
seren	NOUN	-
serenat	NOUN	VOICING
serencam	NOUN	-
serendi	NOUN	-
seretan	NOUN	-
serf	NOUN	-
sergen	NOUN	-
sergerde	NOUN	-
sergi	NOUN	-
sergievi	NOUN	-
sergikarası	NOUN	-
sergile	VERB	-
sergileme	NOUN	-
sergilen	VERB	-
sergileniş	NOUN	-
sergilet	VERB	-
sergiletme	NOUN	-
sergileyebil	VERB	-
sergileyebilme	NOUN	-
sergileyiş	NOUN	-
sergin	ADJ	-
sergin	NOUN	-
sergüzeşt	NOUN	-
sergüzeştçi	NOUN	-
serhat	NOUN	VOICING
seri	ADJ	-
seri	ADV	-
seri	NOUN	-
serian	ADV	-
serigrafi	NOUN	-
seril	VERB	-
serilebil	VERB	-
serilebilme	NOUN	-
seriliş	NOUN	-
serilme	NOUN	-
serim	NOUN	-
serin	ADJ	-
serin	NOUN	-
serince	ADJ	-
serinle	VERB	-
serinleme	NOUN	-
serinlen	VERB	-
serinlendir	VERB	-
serinlet	VERB	-
serinletebil	VERB	-
serinletebilme	NOUN	-
serinletme	NOUN	-
serinleyebil	VERB	-
serinleyebilme	NOUN	-
serinleş	VERB	-
seririyat	NOUN	-
seriver	VERB	-
seriverme	NOUN	-
seriş	NOUN	-
serkeş	ADJ	-
serlevha	NOUN	-
sermaye	NOUN	-
sermayedar	ADJ	-
sermayedar	NOUN	-
serme	NOUN	-
sermest	ADJ	-
sermestane	ADV	-
sermestî	NOUN	-
sermuharrir	NOUN	-
sermürettip	NOUN	VOICING
serp	VERB	-
serpantin	NOUN	-
serpebil	VERB	-
serpebilme	NOUN	-
serpele	VERB	-
serpeleme	NOUN	-
serpil	VERB	-
serpilme	NOUN	-
serpinti	NOUN	-
serpiş	NOUN	-
serpiştir	VERB	-
serpiştirebil	VERB	-
serpiştirebilme	NOUN	-
serpiştiril	VERB	-
serpiştirilme	NOUN	-
serpiştirme	NOUN	-
serpme	ADJ	-
serpme	NOUN	-
serptir	VERB	-
serptirme	NOUN	-
serpuş	NOUN	-
sersefil	ADJ	-
sersefil	ADV	-
sersefil	NOUN	-
sersem	ADJ	-
sersem	NOUN	-
sersemce	ADJ	-
sersemce	ADV	-
sersemcesine	ADV	-
sersemle	VERB	-
sersemleme	NOUN	-
sersemlet	VERB	-
sersemletme	NOUN	-
sersemleş	VERB	-
sersemleştir	VERB	-
serseri	ADJ	-
serseri	NOUN	-
serserice	ADJ	-
serserice	ADV	-
serserileş	VERB	-
sert	ADJ	-
sert	ADV	-
sert	NOUN	-
sertabip	NOUN	VOICING
sertap	NOUN	VOICING
sertel	VERB	-
sertelme	NOUN	-
sertifika	NOUN	-
sertifikasyon	NOUN	-
sertlen	VERB	-
sertleş	VERB	-
sertleşebil	VERB	-
sertleşebilme	NOUN	-
sertleştir	VERB	-
sertçe	ADV	-
serum	NOUN	-
server	NOUN	-
servet	NOUN	-
servi	NOUN	-
servigiller	NOUN	-
servis	NOUN	-
servisçi	NOUN	-
serviyet	NOUN	-
seryaver	NOUN	-
seryum	NOUN	-
serzeniş	NOUN	-
serçe	NOUN	-
serçegiller	NOUN	-
serçin	ADJ	-
serçin	NOUN	-
serüven	NOUN	-
ses	NOUN	-
sesle	VERB	-
seslem	NOUN	-
sesleme	NOUN	-
seslen	VERB	-
seslendir	VERB	-
seslendirebil	VERB	-
seslendirebilme	NOUN	-
seslendiril	VERB	-
seslendirilme	NOUN	-
seslendiriş	NOUN	-
seslenebil	VERB	-
seslenebilme	NOUN	-
seslenil	VERB	-
seslenilme	NOUN	-
sesleniş	NOUN	-
seslet	VERB	-
sesletim	NOUN	-
sesletme	NOUN	-
seslikçi	NOUN	-
sessizce	ADV	-
sessizce	NOUN	-
sessizcesine	ADV	-
sessizleş	VERB	-
sessizleştir	VERB	-
sesteş	ADJ	-
sesyayar	NOUN	-
sesyazar	NOUN	-
sesçi	NOUN	-
sesçil	ADJ	-
set	NOUN	-
seter	NOUN	-
setik	NOUN	VOICING
setir	NOUN	VOWEL_DROP
setliç	NOUN	VOICING
setre	NOUN	-
setret	VERB	-
setretme	NOUN	-
setriavret	NOUN	-
sev	VERB	-
sevabına	ADV	-
sevap	ADJ	-
sevap	NOUN	VOICING
sevda	NOUN	-
sevdalan	VERB	-
sevdalanış	NOUN	-
sevdir	VERB	-
sevdirebil	VERB	-
sevdirebilme	NOUN	-
sevdirme	NOUN	-
sevdirt	VERB	-
sevdirtme	NOUN	-
sevebil	VERB	-
sevebilme	NOUN	-
sevecen	ADJ	-
sevecence	ADV	-
sever	ADJ	-
sevgi	NOUN	-
sevi	NOUN	-
sevil	VERB	-
sevilebil	VERB	-
sevilebilme	NOUN	-
seviliş	NOUN	-
sevilme	NOUN	-
sevim	NOUN	-
sevimlileş	VERB	-
sevimlileştir	VERB	-
sevimsizce	ADV	-
sevimsizleş	VERB	-
sevimsizleştir	VERB	-
sevin	VERB	-
sevindir	VERB	-
sevindirebil	VERB	-
sevindirebilme	NOUN	-
sevindiril	VERB	-
sevindirilme	NOUN	-
sevindirme	NOUN	-
sevinebil	VERB	-
sevinebilme	NOUN	-
seviniş	NOUN	-
sevinme	NOUN	-
sevinç	NOUN	VOICING
seviye	NOUN	-
seviyesizce	ADV	-
seviş	NOUN	-
seviş	VERB	-
sevişebil	VERB	-
sevişebilme	NOUN	-
sevişme	NOUN	-
seviştir	VERB	-
seviştirme	NOUN	-
sevk	NOUN	-
sevkitabii	NOUN	-
sevkiyat	NOUN	-
sevkülceyş	NOUN	-
sevme	NOUN	-
sevsinler!	NOUN	-
seyahat	NOUN	-
seyahatname	NOUN	-
seyek	NOUN	-
seyelan	NOUN	-
seyfiye	NOUN	-
seyir	NOUN	VOWEL_DROP
seyirt	VERB	-
seyirtme	NOUN	-
seyis	NOUN	-
seyit	NOUN	VOICING
seylap	NOUN	VOICING
seyran	NOUN	-
seyredebil	VERB	-
seyredebilme	NOUN	-
seyredil	VERB	-
seyrediliş	NOUN	-
seyredilme	NOUN	-
seyrediver	VERB	-
seyrediverme	NOUN	-
seyrek	ADJ	-
seyrek	ADV	-
seyrek	NOUN	-
seyrekleş	VERB	-
seyrekleştir	VERB	-
seyrekleştiriş	NOUN	-
seyrekçe	ADV	-
seyrel	VERB	-
seyrelme	NOUN	-
seyrelt	VERB	-
seyreltik	ADJ	-
seyreltil	VERB	-
seyreltilme	NOUN	-
seyreltme	NOUN	-
seyret	VERB	-
seyret!	NOUN	-
seyretme	NOUN	-
seyrettir	VERB	-
seyrettirme	NOUN	-
seyreyle	VERB	-
seyreyleme	NOUN	-
seyrüsefer	NOUN	-
seyyah	NOUN	-
seyyal	ADJ	-
seyyal	NOUN	-
seyyale	NOUN	-
seyyanen	ADV	-
seyyar	ADJ	-
seyyar	NOUN	-
seyyare	NOUN	-
seyyiat	NOUN	-
seyyibe	ADJ	-
seyyie	NOUN	-
sez	VERB	-
seza	ADJ	-
sezaryen	NOUN	-
sezdir	VERB	-
sezdirebil	VERB	-
sezdirebilme	NOUN	-
sezdiri	NOUN	-
sezdiriş	NOUN	-
sezdirme	NOUN	-
sezdirt	VERB	-
sezdirtme	NOUN	-
sezebil	VERB	-
sezebilme	NOUN	-
sezgi	NOUN	-
sezgisel	ADJ	-
sezi	NOUN	-
sezil	VERB	-
sezilebil	VERB	-
sezilebilme	NOUN	-
seziliş	NOUN	-
sezilme	NOUN	-
sezindir	VERB	-
sezindirme	NOUN	-
sezinle	VERB	-
sezinleme	NOUN	-
sezinleyebil	VERB	-
sezinleyebilme	NOUN	-
sezinleyiş	NOUN	-
sezinti	NOUN	-
seziş	NOUN	-
sezme	NOUN	-
sezon	NOUN	-
sezyum	NOUN	-
sezü	NOUN	-
seç	VERB	-
seçal	NOUN	-
seçebil	VERB	-
seçebilme	NOUN	-
seçenek	NOUN	VOICING
seçi	NOUN	-
seçil	VERB	-
seçilebil	VERB	-
seçilebilme	NOUN	-
seçiliş	NOUN	-
seçilme	NOUN	-
seçilmiş	ADJ	-
seçilmiş	NOUN	-
seçim	NOUN	-
seçiş	NOUN	-
seçki	NOUN	-
seçkin	ADJ	-
seçkin	NOUN	-
seçkinleş	VERB	-
seçme	ADJ	-
seçme	NOUN	-
seçmece	ADJ	-
seçmece	ADV	-
seçmen	NOUN	-
seçtir	VERB	-
seçtirebil	VERB	-
seçtirebilme	NOUN	-
seçtirme	NOUN	-
seçtirt	VERB	-
seçtirtme	NOUN	-
seğir	VERB	-
seğirdim	NOUN	-
seğirme	NOUN	-
seğirt	VERB	-
seğirtken	ADJ	-
seğirtme	NOUN	-
seğmen	NOUN	-
seğri	VERB	-
seğrime	NOUN	-
sfagnum	NOUN	-
sfenks	NOUN	-
si	NOUN	-
sibakusiyak	NOUN	-
siber	NOUN	-
sibernasyon	NOUN	-
sibernetik	NOUN	VOICING
sibop	NOUN	VOICING
siborgiyum	NOUN	-
sicil	NOUN	-
sicim	NOUN	-
siderit	NOUN	-
sideroz	NOUN	-
sidik	NOUN	VOICING
siesta	NOUN	-
sif	NOUN	-
sifilis	NOUN	-
sifin	NOUN	-
sifon	NOUN	-
sifonla	VERB	-
sifonlama	NOUN	-
sifonlular	NOUN	-
siftah	ADV	-
siftah	NOUN	-
siftahla	VERB	-
siftahlama	NOUN	-
siftin	VERB	-
siftinme	NOUN	-
siga	NOUN	-
sigala	NOUN	-
sigar	NOUN	-
sigara	NOUN	-
sigarillo	NOUN	-
sigorta	NOUN	-
sigortala	VERB	-
sigortalama	NOUN	-
sigortalan	VERB	-
sigortalat	VERB	-
sigortalatma	NOUN	-
sihir	NOUN	VOWEL_DROP
sihirbaz	NOUN	-
sihirkâr	ADJ	-
sihirlen	VERB	-
sik	NOUN	-
sik	VERB	-
sikalar	NOUN	-
sikatif	ADJ	-
sikatif	NOUN	-
sikke	NOUN	-
sikkele	VERB	-
sikkeleme	NOUN	-
siklamen	ADJ	-
siklamen	NOUN	-
sikleme	VERB	-
siklememe	NOUN	-
siklon	NOUN	-
sikme	NOUN	-
siktir	VERB	-
siktir!	NOUN	-
sil	VERB	-
silah	NOUN	-
silahaltı	NOUN	-
silahendaz	NOUN	-
silahhane	NOUN	-
silahla	VERB	-
silahlama	VERB	-
silahlan	VERB	-
silahlandır	VERB	-
silahlandırıl	VERB	-
silahlandırılma	NOUN	-
silahsızlan	VERB	-
silahsızlandır	VERB	-
silahtar	NOUN	-
silahçı	NOUN	-
silahşor	NOUN	-
silaj	NOUN	-
sildir	VERB	-
sildirebil	VERB	-
sildirebilme	NOUN	-
sildiril	VERB	-
sildirilme	NOUN	-
sildirme	NOUN	-
sildirt	VERB	-
sildirtme	NOUN	-
silebil	VERB	-
silebilme	NOUN	-
silecek	NOUN	VOICING
silgeç	NOUN	VOICING
silgi	NOUN	-
silgiç	NOUN	VOICING
silikat	NOUN	-
silikatla	VERB	-
silikatlama	NOUN	-
silikleş	VERB	-
silikleştir	VERB	-
silikon	NOUN	-
silikoz	NOUN	-
silin	VERB	-
silindir	NOUN	-
silindiraj	NOUN	-
silindirik	ADJ	-
silindirsel	ADJ	-
silindirsel	NOUN	-
silinebil	VERB	-
silinebilme	NOUN	-
siliniş	NOUN	-
silinme	NOUN	-
silinti	NOUN	-
silis	NOUN	-
silisseven	ADJ	-
silisyum	NOUN	-
silisçil	ADJ	-
siliver	VERB	-
siliverme	NOUN	-
siliş	NOUN	-
silk	VERB	-
silkele	VERB	-
silkeleme	NOUN	-
silkelen	VERB	-
silkelenebil	VERB	-
silkelenebilme	NOUN	-
silkeleniş	NOUN	-
silkeleyebil	VERB	-
silkeleyebilme	NOUN	-
silkeleyiş	NOUN	-
silki	NOUN	-
silkil	VERB	-
silkilme	NOUN	-
silkin	VERB	-
silkindir	VERB	-
silkindirme	NOUN	-
silkinebil	VERB	-
silkinebilme	NOUN	-
silkiniş	NOUN	-
silkinme	NOUN	-
silkinti	NOUN	-
silkme	NOUN	-
silktir	VERB	-
silktirme	NOUN	-
sille	NOUN	-
silme	ADJ	-
silme	ADV	-
silme	NOUN	-
silmece	ADV	-
silo	NOUN	-
silola	VERB	-
silolama	NOUN	-
silsile	NOUN	-
silsileimeratip	NOUN	VOICING
silsilename	NOUN	-
silüet	NOUN	-
silüryen	NOUN	-
sim	ADJ	-
sim	NOUN	-
sima	NOUN	-
simaen	ADV	-
simetri	NOUN	-
simetrik	ADJ	-
simge	NOUN	-
simgele	VERB	-
simgeleme	NOUN	-
simgeleş	VERB	-
simgeleştir	VERB	-
simgeleştiril	VERB	-
simgeleştirilme	NOUN	-
simgesel	ADJ	-
simit	NOUN	VOICING
simitçi	NOUN	-
simsar	NOUN	-
simsariye	NOUN	-
simsiyah	ADJ	-
simultane	ADJ	-
simya	NOUN	-
simülasyon	NOUN	-
simülatör	NOUN	-
sin	NOUN	VOWEL_DROP
sin	VERB	-
sinagog	NOUN	-
sinameki	NOUN	-
sinara	NOUN	-
sinarit	NOUN	-
sincabi	ADJ	-
sincabi	NOUN	-
sincap	NOUN	VOICING
sincapgiller	NOUN	-
sindir	VERB	-
sindirebil	VERB	-
sindirebilme	NOUN	-
sindiril	VERB	-
sindirilebil	VERB	-
sindirilebilme	NOUN	-
sindirilme	NOUN	-
sindirim	NOUN	-
sindiriş	NOUN	-
sindirme	NOUN	-
sine	NOUN	-
sinek	NOUN	VOICING
sinekkapan	NOUN	-
sinekkapangiller	NOUN	-
sinekkaydı	ADJ	-
sineklen	VERB	-
sinekler	NOUN	-
sinekoloji	NOUN	-
sinekolojik	ADJ	-
sinekromi	NOUN	-
sineksavar	NOUN	-
sinekyutan	NOUN	-
sinekçil	NOUN	-
sinema	NOUN	-
sinemalaştır	VERB	-
sinemasever	ADJ	-
sinemaskop	NOUN	-
sinematek	NOUN	VOICING
sinematik	NOUN	VOICING
sinematograf	NOUN	-
sinematografi	NOUN	-
sinematografik	ADJ	-
sinerama	NOUN	-
sinerji	NOUN	-
sinerjik	ADJ	-
sineroman	NOUN	-
sinestezi	NOUN	-
sinestezik	ADJ	-
sineyimillet	NOUN	-
singin	ADJ	-
single	NOUN	-
sini	NOUN	-
sinik	ADJ	-
sinir	ADJ	-
sinir	NOUN	-
sinirce	NOUN	-
sinirle	VERB	-
sinirleme	NOUN	-
sinirlen	VERB	-
sinirlendir	VERB	-
sinirlenebil	VERB	-
sinirlenebilme	NOUN	-
sinirleniş	NOUN	-
sinirsel	ADJ	-
sinizm	NOUN	-
siniş	NOUN	-
sinkaf	NOUN	-
sinle	NOUN	-
sinme	NOUN	-
sinonim	ADJ	-
sinoptik	ADJ	-
sinsi	ADJ	-
sinsi	NOUN	-
sinsice	ADJ	-
sinsice	ADV	-
sinsileş	VERB	-
sinsin	NOUN	-
sintigrafi	NOUN	-
sintine	NOUN	-
sinyal	NOUN	-
sinyalizasyon	NOUN	-
sinyor	NOUN	-
sinyora	NOUN	-
sinüs	NOUN	-
sinüzit	NOUN	-
sinüzoidal	ADJ	-
sinüzoit	NOUN	VOICING
sipahi	NOUN	-
sipariş	NOUN	-
siparişçi	NOUN	-
siper	ADJ	-
siper	NOUN	-
siperisaika	NOUN	-
siperlen	VERB	-
sipolin	NOUN	-
sipsi	NOUN	-
sipsivri	ADJ	-
sirayet	NOUN	-
siren	NOUN	-
siret	NOUN	-
sireten	ADV	-
siretünnebevi	NOUN	-
siretünnebi	NOUN	-
sirk	NOUN	-
sirkat	NOUN	-
sirke	NOUN	-
sirkelen	VERB	-
sirkeleş	VERB	-
sirken	NOUN	-
sirkengebin	NOUN	-
sirkülasyon	NOUN	-
sirküler	NOUN	-
sirmo	NOUN	-
siroko	NOUN	-
siroz	NOUN	-
sirrus	NOUN	-
sirtaki	NOUN	-
sirto	NOUN	-
sis	NOUN	-
sisle	VERB	-
sisleme	NOUN	-
sislen	VERB	-
sislendir	VERB	-
sismik	ADJ	-
sismograf	NOUN	-
sismolog	NOUN	-
sismoloji	NOUN	-
sismolojik	ADJ	-
sistem	NOUN	-
sistematik	ADJ	VOICING
sistemik	ADJ	-
sistemleş	VERB	-
sistemleştir	VERB	-
sistire	NOUN	-
sistirele	VERB	-
sistireleme	NOUN	-
sistit	NOUN	-
sistol	NOUN	-
sit	NOUN	-
sitayiş	NOUN	-
sitayişkâr	ADJ	-
site	NOUN	-
sitem	NOUN	-
sitemkâr	ADJ	-
sitil	NOUN	-
sitoloji	NOUN	-
sitolojik	ADJ	-
sitoplazma	NOUN	-
sitotoksik	ADJ	-
sitteisevir	NOUN	VOWEL_DROP
sittinsene	ADV	-
sivil	ADJ	-
sivil	NOUN	-
sivilce	NOUN	-
sivilde	ADV	-
sivilize	ADJ	-
sivilleş	VERB	-
sivilleştir	VERB	-
sivri	ADJ	-
sivri	NOUN	-
sivrifare	NOUN	-
sivrikuyruk	NOUN	VOICING
sivril	VERB	-
sivrilebil	VERB	-
sivrilebilme	NOUN	-
sivrileş	VERB	-
sivrileştir	VERB	-
sivriliş	NOUN	-
sivrilme	NOUN	-
sivrilt	VERB	-
sivriltme	NOUN	-
sivrisinek	NOUN	VOICING
sivriç	NOUN	VOICING
siy	VERB	-
siya	NOUN	-
siyah	ADJ	-
siyah	NOUN	-
siyahi	NOUN	-
siyahlan	VERB	-
siyahlat	VERB	-
siyahlatma	NOUN	-
siyahlaş	VERB	-
siyahlaştır	VERB	-
siyahımsı	ADJ	-
siyahımtırak	ADJ	-
siyak	NOUN	-
siyakat	NOUN	-
siyakusibak	NOUN	-
siyanojen	NOUN	-
siyanür	NOUN	-
siyanürik	ADJ	-
siyanürle	VERB	-
siyanürleme	NOUN	-
siyasa	NOUN	-
siyasal	ADJ	-
siyaset	NOUN	-
siyaseten	ADV	-
siyasetname	NOUN	-
siyasetçi	NOUN	-
siyasi	ADJ	-
siyasi	NOUN	-
siyasiyat	NOUN	-
siyatik	NOUN	VOICING
siyek	NOUN	VOICING
siyenit	NOUN	-
siyer	NOUN	-
siyme	NOUN	-
siyonist	ADJ	-
siyonist	NOUN	-
siyonizm	NOUN	-
siz	NOUN	-
siz	PRON	-
sizce	ADV	-
sizcesi	PRON	-
sizden	NOUN	-
sizinki	ADJ	-
sizinki	PRON	-
siğil	NOUN	-
skala	NOUN	-
skandal	NOUN	-
skandiyum	NOUN	-
skavut	NOUN	-
skeç	NOUN	VOICING
ski	NOUN	-
skif	NOUN	-
skink	NOUN	-
skinkgiller	NOUN	-
skleroz	NOUN	-
skolastik	ADJ	VOICING
skolastik	NOUN	VOICING
skolastisizm	NOUN	-
skor	NOUN	-
slalom	NOUN	-
slap	NOUN	VOICING
slash	NOUN	-
slayt	NOUN	-
slip	NOUN	-
slogan	NOUN	-
sloganlaş	VERB	-
sloganlaştır	VERB	-
sloganvari	ADJ	-
sloganvari	ADV	-
smaç	NOUN	VOICING
smaçör	NOUN	-
smokin	NOUN	-
snobizm	NOUN	-
snop	ADJ	-
so	VERB	VOICING
soba	NOUN	-
sobe	NOUN	-
sobele	VERB	-
sobeleme	NOUN	-
soda	NOUN	-
sodyum	NOUN	-
sof	NOUN	-
sofa	NOUN	-
sofist	ADJ	-
sofist	NOUN	-
sofistik	ADJ	-
sofistik	NOUN	-
sofistike	ADJ	-
sofistike	NOUN	-
sofizm	NOUN	-
sofora	NOUN	-
sofra	NOUN	-
sofracıbaşı	NOUN	-
softa	NOUN	-
softaca	ADV	-
softalaş	VERB	-
sofu	ADJ	-
sofuca	ADV	-
sohbet	NOUN	-
sok	VERB	-
sokabil	VERB	-
sokabilme	NOUN	-
sokak	NOUN	VOICING
soket	NOUN	-
sokma	NOUN	-
sokman	NOUN	-
sokra	NOUN	-
sokran	VERB	-
sokranma	NOUN	-
soktur	VERB	-
sokturma	NOUN	-
soku	NOUN	-
sokul	VERB	-
sokulabil	VERB	-
sokulabilme	NOUN	-
sokulgan	ADJ	-
sokulgan	NOUN	-
sokulma	NOUN	-
sokuluver	VERB	-
sokuluverme	NOUN	-
sokuluş	NOUN	-
sokum	NOUN	-
sokun	VERB	-
sokunma	NOUN	-
sokur	ADJ	-
sokur	NOUN	-
sokuver	VERB	-
sokuverme	NOUN	-
sokuş	NOUN	-
sokuş	VERB	-
sokuşma	NOUN	-
sokuştur	VERB	-
sokuşturabil	VERB	-
sokuşturabilme	NOUN	-
sokuşturma	NOUN	-
sokuşturuver	VERB	-
sokuşturuverme	NOUN	-
sol	ADJ	-
sol	NOUN	-
sol	VERB	-
solak	NOUN	VOICING
solaryum	NOUN	-
soldur	VERB	-
soldurma	NOUN	-
solfej	NOUN	-
solgun	ADJ	-
solgunlaş	VERB	-
solidarist	ADJ	-
solidarizm	NOUN	-
solipsizm	NOUN	-
solist	NOUN	-
solla	VERB	-
sollama	NOUN	-
sollayabil	VERB	-
sollayabilme	NOUN	-
sollayış	NOUN	-
solma	NOUN	-
solo	NOUN	-
soloz	NOUN	-
solu	VERB	-
solucan	NOUN	-
solucanlar	NOUN	-
solukla	VERB	-
soluklama	NOUN	-
soluklan	VERB	-
soluklandır	VERB	-
soluklanış	NOUN	-
soluklaş	VERB	-
soluma	NOUN	-
solun	VERB	-
solungaç	NOUN	VOICING
solunma	NOUN	-
solunum	NOUN	-
solut	VERB	-
solutma	NOUN	-
soluyabil	VERB	-
soluyabilme	NOUN	-
soluyuş	NOUN	-
soluğan	ADJ	-
soluğan	NOUN	-
soluş	NOUN	-
solüsyon	NOUN	-
som	ADJ	-
som	NOUN	-
soma	NOUN	-
somaki	ADJ	-
somaki	NOUN	-
somata	NOUN	-
somnambulizm	NOUN	-
somon	NOUN	-
somun	NOUN	-
somur	VERB	-
somurma	NOUN	-
somurt	VERB	-
somurtabil	VERB	-
somurtabilme	NOUN	-
somurtkan	ADJ	-
somurtma	NOUN	-
somurtuk	ADJ	-
somurtuş	NOUN	-
somurul	VERB	-
somurulma	NOUN	-
somut	ADJ	-
somut	NOUN	-
somutla	VERB	-
somutlama	NOUN	-
somutlan	VERB	-
somutlaş	VERB	-
somutlaştır	VERB	-
somya	NOUN	-
son	ADJ	-
son	NOUN	-
sonar	NOUN	-
sonat	NOUN	-
sonbahar	NOUN	-
soncul	ADJ	-
sonda	NOUN	-
sondaj	NOUN	-
sondala	VERB	-
sondalama	NOUN	-
sone	NOUN	-
soneri	NOUN	-
sonki	ADJ	-
sonla	VERB	-
sonlama	NOUN	-
sonlan	VERB	-
sonlandır	VERB	-
sonlandırabil	VERB	-
sonlandırabilme	NOUN	-
sonlandırıl	VERB	-
sonlandırılma	NOUN	-
sonlandırış	NOUN	-
sonlanış	NOUN	-
sonnot	NOUN	-
sonra	ADV	-
sonra	NOUN	-
sonradan	ADV	-
sonraki	ADJ	-
sonraları	ADV	-
sonsal	ADJ	-
sonsuzlaş	VERB	-
sonsuzlaştır	VERB	-
sonsuzlaştırabil	VERB	-
sonsuzlaştırabilme	NOUN	-
sonsuzlaştırıl	VERB	-
sonsuzlaştırılma	NOUN	-
sonunda	ADV	-
sonurgu	NOUN	-
sonurtu	NOUN	-
sonuç	NOUN	VOICING
sonuçla	VERB	-
sonuçlama	NOUN	-
sonuçlan	VERB	-
sonuçlandır	VERB	-
sonuçlandırabil	VERB	-
sonuçlandırabilme	NOUN	-
sonuçlandırıl	VERB	-
sonuçlandırılma	NOUN	-
sonuçlanış	NOUN	-
sonuçta	ADV	-
sonuçta	NOUN	-
sonuşmaz	NOUN	-
sopa	NOUN	-
sopala	VERB	-
sopalama	NOUN	-
sopalan	VERB	-
soprano	NOUN	-
sopsoğuk	ADJ	-
sor	VERB	-
sorabil	VERB	-
sorabilme	NOUN	-
sordur	VERB	-
sordurabil	VERB	-
sordurabilme	NOUN	-
sordurma	NOUN	-
sordurt	VERB	-
sordurtabil	VERB	-
sordurtabilme	NOUN	-
sordurtma	NOUN	-
sorgu	NOUN	-
sorgula	VERB	-
sorgulama	NOUN	-
sorgulan	VERB	-
sorgulanabil	VERB	-
sorgulanabilme	NOUN	-
sorgulanış	NOUN	-
sorgulat	VERB	-
sorgulatabil	VERB	-
sorgulatabilme	NOUN	-
sorgulatma	NOUN	-
sorgulayabil	VERB	-
sorgulayabilme	NOUN	-
sorgulayış	NOUN	-
sorgun	NOUN	-
sorguç	NOUN	VOICING
sorguçlan	VERB	-
sorit	NOUN	-
sorma	NOUN	-
sormaca	NOUN	-
sormuk	NOUN	VOICING
sorti	NOUN	-
soru	NOUN	-
soru	VERB	-
sorul	VERB	-
sorulma	NOUN	-
soruluş	NOUN	-
sorum	NOUN	-
soruma	NOUN	-
sorumsuzca	ADV	-
sorumsuzlaş	VERB	-
sorun	NOUN	-
sorunsal	ADJ	-
sorunsal	NOUN	-
sorut	VERB	-
sorutkan	ADJ	-
sorutma	NOUN	-
soruver	VERB	-
soruverme	NOUN	-
soruş	NOUN	-
soruş	VERB	-
soruşma	NOUN	-
soruştur	VERB	-
soruşturabil	VERB	-
soruşturabilme	NOUN	-
soruşturma	NOUN	-
sos	NOUN	-
sosis	NOUN	-
sosyal	ADJ	-
sosyal	NOUN	-
sosyalist	NOUN	-
sosyalistik	ADJ	-
sosyalistik	NOUN	-
sosyalizasyon	NOUN	-
sosyalizm	NOUN	-
sosyalleş	VERB	-
sosyalleşebil	VERB	-
sosyalleşebilme	NOUN	-
sosyalleştir	VERB	-
sosyete	NOUN	-
sosyetik	ADJ	-
sosyetik	NOUN	-
sosyoekonomik	ADJ	-
sosyokültürel	ADJ	-
sosyolengüistik	NOUN	VOICING
sosyolog	NOUN	-
sosyoloji	NOUN	-
sosyolojik	ADJ	-
sosyolojizm	NOUN	-
sosyometri	NOUN	-
sosyopat	NOUN	-
sota	ADJ	-
sote	NOUN	-
sotele	VERB	-
soteleme	NOUN	-
sotelen	VERB	-
sovhoz	NOUN	-
soy	ADJ	-
soy	NOUN	-
soy	VERB	-
soya	NOUN	-
soyabil	VERB	-
soyabilme	NOUN	-
soyadı	NOUN	-
soydaş	NOUN	-
soydur	VERB	-
soydurma	NOUN	-
soygun	NOUN	-
soyka	NOUN	-
soykırım	NOUN	-
soylulaş	VERB	-
soylulaştır	VERB	-
soyma	NOUN	-
soymuk	NOUN	VOICING
soysal	ADJ	-
soysuzca	ADV	-
soysuzlaş	VERB	-
soysuzlaştır	VERB	-
soytarı	NOUN	-
soyul	VERB	-
soyulma	NOUN	-
soyuluş	NOUN	-
soyum	NOUN	-
soyun	VERB	-
soyunabil	VERB	-
soyunabilme	NOUN	-
soyundur	VERB	-
soyundurma	NOUN	-
soyunma	NOUN	-
soyuntu	ADJ	-
soyuntu	NOUN	-
soyunuk	ADJ	-
soyunuk	ADV	-
soyunuver	VERB	-
soyunuverme	NOUN	-
soyunuş	NOUN	-
soyut	ADJ	-
soyut	NOUN	-
soyutla	VERB	-
soyutlama	NOUN	-
soyutlan	VERB	-
soyutlanış	NOUN	-
soyutlayabil	VERB	-
soyutlayabilme	NOUN	-
soyutlaş	VERB	-
soyutlaştır	VERB	-
soyutçu	ADJ	-
soyuş	NOUN	-
soğan	NOUN	-
soğancık	NOUN	VOICING
soğanla	VERB	-
soğanlama	NOUN	-
soğansı	ADJ	-
soğanımsı	ADJ	-
soğrul	VERB	-
soğrulma	NOUN	-
soğrumsama	NOUN	-
soğu	VERB	-
soğuk	ADJ	VOICING
soğuk	ADV	VOICING
soğuk	NOUN	VOICING
soğukla	VERB	-
soğuklama	NOUN	-
soğuklaş	VERB	-
soğuklaştır	VERB	-
soğukça	ADJ	-
soğukça	ADV	-
soğul	VERB	-
soğulma	NOUN	-
soğuma	NOUN	-
soğumölçer	NOUN	-
soğur	VERB	-
soğurgan	ADJ	-
soğurma	NOUN	-
soğurul	VERB	-
soğurulma	NOUN	-
soğuruş	NOUN	-
soğut	VERB	-
soğutabil	VERB	-
soğutabilme	NOUN	-
soğutkan	ADJ	-
soğutkan	NOUN	-
soğutma	NOUN	-
soğutmaç	NOUN	VOICING
soğutul	VERB	-
soğutulma	NOUN	-
soğutuş	NOUN	-
soğuyuş	NOUN	-
soğuş	VERB	-
soğuşma	NOUN	-
spagetti	NOUN	-
spam	NOUN	-
spamla	VERB	-
spamlama	NOUN	-
spamlan	VERB	-
spamlat	VERB	-
spamlatma	NOUN	-
spastik	NOUN	VOICING
spatula	NOUN	-
spazm	NOUN	-
spektroskop	NOUN	VOICING
spektroskopi	NOUN	-
spektrum	NOUN	-
spekülasyon	NOUN	-
spekülatif	ADJ	-
spekülatif	NOUN	-
spekülatör	ADJ	-
sperm	NOUN	-
sperma	NOUN	-
spermatozoit	NOUN	VOICING
spesifik	ADJ	-
spesiyal	ADJ	-
spesiyalist	NOUN	-
spesiyalite	NOUN	-
spiker	NOUN	-
spin	NOUN	-
spiral	ADJ	-
spiral	NOUN	-
spiril	NOUN	-
spiritüalist	ADJ	-
spiritüalizm	NOUN	-
spiritüel	ADJ	-
sponsor	NOUN	-
spontane	ADJ	-
spontane	ADV	-
spontaneizm	NOUN	-
spor	ADJ	-
spor	NOUN	-
sporlan	VERB	-
sporlaştır	VERB	-
sporlular	NOUN	-
sporsever	ADJ	-
sportif	ADJ	-
sportmen	ADJ	-
sportmen	NOUN	-
spot	NOUN	-
spotçu	NOUN	-
sprey	NOUN	-
sprint	NOUN	-
sprinter	NOUN	-
stabil	ADJ	-
stabil	NOUN	-
stabilizasyon	NOUN	-
stabilizatör	NOUN	-
stabilize	ADJ	-
stabilize	NOUN	-
stadya	NOUN	-
stadyum	NOUN	-
stafilokok	NOUN	-
stagflasyon	NOUN	-
staj	NOUN	-
stajyer	NOUN	-
stalagmit	NOUN	-
stalaktit	NOUN	-
standardizasyon	NOUN	-
standart	ADJ	VOICING
standart	NOUN	VOICING
standartlaş	VERB	-
standartlaştır	VERB	-
stant	NOUN	VOICING
star	NOUN	-
start	NOUN	-
stat	NOUN	VOICING
statik	ADJ	VOICING
statik	NOUN	VOICING
statolit	NOUN	-
stator	NOUN	-
statosist	NOUN	-
statü	NOUN	-
statüko	NOUN	-
stearik	NOUN	VOICING
stearin	NOUN	-
sten	NOUN	-
steno	NOUN	-
stenograf	NOUN	-
stenografi	NOUN	-
stenotip	NOUN	-
stent	NOUN	-
step	NOUN	VOICING
stepne	NOUN	-
steps	NOUN	-
ster	NOUN	-
steradyan	NOUN	-
stereo	NOUN	-
stereofoni	NOUN	-
stereofonik	ADJ	-
stereografi	NOUN	-
stereografik	ADJ	-
stereoskop	NOUN	VOICING
stereoskopik	ADJ	-
stereotip	ADJ	-
stereotip	NOUN	-
steril	ADJ	-
steril	NOUN	-
sterilizasyon	NOUN	-
sterilize	ADJ	-
sterilize	NOUN	-
sterilleştir	VERB	-
sterlin	NOUN	-
sterol	NOUN	-
stetoskop	NOUN	VOICING
steyşın	NOUN	-
sticker	NOUN	-
stil	NOUN	-
stilist	NOUN	-
stilistik	ADJ	VOICING
stilistik	NOUN	VOICING
stilizasyon	NOUN	-
stilo	NOUN	-
stok	NOUN	-
stokla	VERB	-
stoklama	NOUN	-
stoklayabil	VERB	-
stoklayabilme	NOUN	-
stokçu	NOUN	-
stop	NOUN	-
stopaj	NOUN	-
stoper	NOUN	-
stor	NOUN	-
strafor	ADJ	-
strafor	NOUN	-
straplez	NOUN	-
strateji	NOUN	-
stratejik	ADJ	-
stratejik	NOUN	-
stratejist	NOUN	-
stratigrafi	NOUN	-
stratosfer	NOUN	-
stratus	NOUN	-
streptokok	NOUN	-
streptomisin	NOUN	-
stres	NOUN	-
streslen	VERB	-
stretching	NOUN	-
streç	ADJ	VOICING
streç	NOUN	VOICING
striknin	NOUN	-
striptiz	NOUN	-
stronsiyum	NOUN	-
strüktür	NOUN	-
strüktüralist	ADJ	-
strüktüralizm	NOUN	-
strüktürel	ADJ	-
stupa	NOUN	-
stüdyo	NOUN	-
su	NOUN	-
su	VERB	VOICING
sual	NOUN	-
suare	NOUN	-
subasar	NOUN	-
subasman	NOUN	-
subay	NOUN	-
subaşı	NOUN	-
subjektif	ADJ	-
subjektivist	ADJ	-
subjektivite	NOUN	-
subjektivizm	NOUN	-
subra	NOUN	-
subret	NOUN	-
subtropik	ADJ	-
subye	NOUN	-
sucuk	NOUN	VOICING
sucuklaş	VERB	-
sucukçu	NOUN	-
sucul	ADJ	-
sucul	NOUN	-
sudak	NOUN	VOICING
sudan	ADJ	-
sudoku	NOUN	-
sufi	NOUN	-
sufiyane	ADJ	-
sufle	NOUN	-
suflör	NOUN	-
suflöz	NOUN	-
sugötürmez	ADJ	-
suhulet	NOUN	-
suhunet	NOUN	-
suibriği	NOUN	-
suibriğigiller	NOUN	-
suikast	NOUN	-
suikastçı	NOUN	-
suiniyet	NOUN	-
suistimal	NOUN	-
suizan	NOUN	-
sukut	NOUN	-
sukutuhayal	NOUN	-
sula	VERB	-
sulak	ADJ	VOICING
sulak	NOUN	VOICING
sulakiye	NOUN	-
sulama	NOUN	-
sulan	VERB	-
sulandır	VERB	-
sulandırabil	VERB	-
sulandırabilme	NOUN	-
sulandırıl	VERB	-
sulandırılma	NOUN	-
sulantı	NOUN	-
sulanış	NOUN	-
sularında	ADV	-
sulat	VERB	-
sulatma	NOUN	-
sulayabil	VERB	-
sulayabilme	NOUN	-
sulfata	NOUN	-
sulh	NOUN	-
sulhen	ADV	-
sulhperver	ADJ	-
sulhsever	ADJ	-
sulhçu	ADJ	-
sulp	ADJ	VOICING
sulp	NOUN	VOICING
sulta	NOUN	-
sultan	NOUN	-
sultani	ADJ	-
sultani	NOUN	-
sultanihüzzam	NOUN	-
sultaniyegâh	NOUN	-
sululaş	VERB	-
suma	NOUN	-
sumaymuncuğu	NOUN	-
sumaymunu	NOUN	-
sumsuk	NOUN	VOICING
sumsukla	VERB	-
sumsuklama	NOUN	-
sun	VERB	-
suna	NOUN	-
sunabil	VERB	-
sunabilme	NOUN	-
sunak	NOUN	VOICING
sundur	VERB	-
sundurma	NOUN	-
sungu	NOUN	-
sungur	NOUN	-
suni	ADJ	-
suni	NOUN	-
sunma	NOUN	-
sunta	NOUN	-
suntıraç	NOUN	VOICING
sunu	NOUN	-
sunul	VERB	-
sunulabil	VERB	-
sunulabilme	NOUN	-
sunulma	NOUN	-
sunuluş	NOUN	-
sunum	NOUN	-
sunuver	VERB	-
sunuverme	NOUN	-
sunuş	NOUN	-
sunuştay	NOUN	-
suoku	NOUN	-
suokugiller	NOUN	-
sup	NOUN	-
supangle	NOUN	-
supap	NOUN	VOICING
supara	NOUN	-
superisi	NOUN	-
supla	NOUN	-
suples	NOUN	-
sur	NOUN	-
sura	ADJ	-
sura	NOUN	-
surat	NOUN	-
sure	NOUN	-
suret	NOUN	-
sureta	ADV	-
sureta	NOUN	-
sureten	ADV	-
suretiyle	POSTP	-
surname	NOUN	-
sus	VERB	-
susa	VERB	-
susabil	VERB	-
susabilme	NOUN	-
susak	ADJ	VOICING
susak	NOUN	VOICING
susallar	NOUN	-
susam	NOUN	-
susama	NOUN	-
susamgiller	NOUN	-
susamsı	ADJ	-
susarımsağı	NOUN	-
susat	VERB	-
susatma	NOUN	-
susayış	NOUN	-
susku	NOUN	-
suskun	ADJ	-
suskun	ADV	-
suskunlaş	VERB	-
suskunlaştır	VERB	-
susma	NOUN	-
suspus	ADJ	-
suspus	ADV	-
susta	NOUN	-
sustur	VERB	-
susturabil	VERB	-
susturabilme	NOUN	-
susturma	NOUN	-
susturul	VERB	-
susturulma	NOUN	-
susturuver	VERB	-
susturuverme	NOUN	-
susturuş	NOUN	-
susuver	VERB	-
susuverme	NOUN	-
susuş	NOUN	-
sut	NOUN	VOICING
sutaş	NOUN	-
sutyen	NOUN	-
suvar	VERB	-
suvarma	NOUN	-
suvarım	NOUN	-
suvat	NOUN	-
suyuk	NOUN	VOICING
suzeni	NOUN	-
suzidil	NOUN	-
suzidilara	NOUN	-
suzinak	NOUN	-
suç	NOUN	-
suçiçeği	NOUN	-
suçla	VERB	-
suçlama	NOUN	-
suçlan	VERB	-
suçlanabil	VERB	-
suçlanabilme	NOUN	-
suçlandır	VERB	-
suçlandırıl	VERB	-
suçlandırılma	NOUN	-
suçlanıl	VERB	-
suçlanılma	NOUN	-
suçlanış	NOUN	-
suçlayıver	VERB	-
suçlayıverme	NOUN	-
suçlayış	NOUN	-
suçüstü	ADV	-
suçüstü	NOUN	-
suölçer	NOUN	-
suşeridi	NOUN	-
suşi	NOUN	-
sâdır	ADJ	-
sâri	ADJ	-
sâri	NOUN	-
söbe	ADJ	-
söbelen	NOUN	-
sök	VERB	-
sökebil	VERB	-
sökebilme	NOUN	-
sökel	ADJ	-
sökel	NOUN	-
sökme	NOUN	-
söktür	VERB	-
söktürme	NOUN	-
sökük	ADJ	-
sökük	NOUN	-
sökükçü	NOUN	-
sökül	VERB	-
sökülme	NOUN	-
sökülüş	NOUN	-
söküm	NOUN	-
sökün	NOUN	-
söküntü	NOUN	-
söküş	NOUN	-
sölenterler	NOUN	-
sölom	NOUN	-
sölomlular	NOUN	-
sölpü	VERB	-
sölpük	ADJ	-
sölpük	NOUN	-
sölpüme	NOUN	-
sömestir	NOUN	-
sömikok	NOUN	-
sömür	VERB	-
sömürebil	VERB	-
sömürebilme	NOUN	-
sömürge	NOUN	-
sömürgeleş	VERB	-
sömürgeleştir	VERB	-
sömürgen	ADJ	-
sömürme	NOUN	-
sömürt	VERB	-
sömürtme	NOUN	-
sömürü	NOUN	-
sömürül	VERB	-
sömürülme	NOUN	-
sömürülüş	NOUN	-
sömürüş	NOUN	-
sön	VERB	-
söndür	VERB	-
söndürebil	VERB	-
söndürebilme	NOUN	-
söndürme	NOUN	-
söndürt	VERB	-
söndürtme	NOUN	-
söndürül	VERB	-
söndürülebil	VERB	-
söndürülebilme	NOUN	-
söndürülme	NOUN	-
söndürülüş	NOUN	-
söndürüş	NOUN	-
sönme	NOUN	-
sönük	ADJ	-
sönük	NOUN	-
sönüm	NOUN	-
sönümle	VERB	-
sönümleme	NOUN	-
sönümlen	VERB	-
sönümlendir	VERB	-
sönümlendiril	VERB	-
sönümlendirilme	NOUN	-
sönüver	VERB	-
sönüverme	NOUN	-
sönüş	NOUN	-
sör	NOUN	-
sörf	NOUN	-
sörfçü	NOUN	-
söv	VERB	-
sövdür	VERB	-
sövdürme	NOUN	-
söve	NOUN	-
sövebil	VERB	-
sövebilme	NOUN	-
söven	NOUN	-
sövgü	NOUN	-
sövme	NOUN	-
sövül	VERB	-
sövülme	NOUN	-
sövüntü	NOUN	-
sövüş	NOUN	-
sövüş	VERB	-
sövüşme	NOUN	-
sövüştür	VERB	-
sövüştürme	NOUN	-
söyle	VERB	-
söylem	NOUN	-
söyleme	NOUN	-
söylemse	VERB	-
söylemseme	NOUN	-
söylen	VERB	-
söylence	NOUN	-
söylenebil	VERB	-
söylenebilme	NOUN	-
söylenil	VERB	-
söylenilme	NOUN	-
söyleniş	NOUN	-
söylenti	NOUN	-
söylet	VERB	-
söyletebil	VERB	-
söyletebilme	NOUN	-
söyletme	NOUN	-
söylettir	VERB	-
söylettirme	NOUN	-
söylev	NOUN	-
söyleyebil	VERB	-
söyleyebilme	NOUN	-
söyleyiver	VERB	-
söyleyiverme	NOUN	-
söyleyiş	NOUN	-
söyleş	VERB	-
söyleşi	NOUN	-
söz	NOUN	-
sözce	ADV	-
sözce	NOUN	-
sözcelem	NOUN	-
sözcük	NOUN	VOICING
sözde	ADJ	-
sözde	ADV	-
sözel	ADJ	-
sözel	NOUN	-
sözgötürmez	ADJ	-
sözle	VERB	-
sözleme	NOUN	-
sözlen	VERB	-
sözlendir	VERB	-
sözleş	VERB	-
sözlükleş	VERB	-
sözlükçe	NOUN	-
sözlükçü	NOUN	-
sözsel	ADJ	-
sözünübilmez	ADJ	-
söğürme	NOUN	-
söğüt	NOUN	VOICING
söğütgiller	NOUN	-
söğüş	NOUN	-
söğüşle	VERB	-
söğüşleme	NOUN	-
sü	VERB	VOICING
sübek	NOUN	VOICING
süblime	NOUN	-
süblimleş	VERB	-
süblimleştir	VERB	-
sübut	NOUN	-
sübvanse	NOUN	-
sübvansiyon	NOUN	-
sübyan	NOUN	-
sübye	NOUN	-
sücut	NOUN	VOICING
südre	VERB	-
südreme	NOUN	-
süet	NOUN	-
süflileş	VERB	-
süit	NOUN	-
süje	NOUN	-
sükse	NOUN	-
sükûn	NOUN	-
sükûnet	NOUN	-
sükûnetle	ADV	-
sükûnetle	NOUN	-
sükût	NOUN	-
sükûti	ADJ	-
sülale	NOUN	-
sülf	NOUN	-
sülfamit	NOUN	VOICING
sülfat	NOUN	-
sülfatlama	NOUN	-
sülfit	NOUN	-
sülfitleme	NOUN	-
sülfür	NOUN	-
sülfürik	ADJ	-
sülfürimetre	NOUN	-
sülfürle	VERB	-
sülfürleme	NOUN	-
süline	NOUN	-
sülükler	NOUN	-
sülükçü	NOUN	-
sülümen	NOUN	-
sülün	NOUN	-
sülüngiller	NOUN	-
sülüs	ADJ	-
sülüs	NOUN	-
sülüğen	NOUN	-
sümbül	NOUN	-
sümbüle	NOUN	-
sümbülteber	NOUN	-
sümen	NOUN	-
sümkür	VERB	-
sümkürme	NOUN	-
sümkürt	VERB	-
sümkürtme	NOUN	-
sümmettedarik	ADJ	-
sümsük	ADJ	VOICING
sümsük	NOUN	VOICING
sümsükgiller	NOUN	-
sümsükleş	VERB	-
sümter	NOUN	-
sümük	NOUN	VOICING
sümüksel	ADJ	-
sümüksü	ADJ	-
sümüğümsü	ADJ	-
sün	VERB	-
sündür	VERB	-
sündürebil	VERB	-
sündürebilme	NOUN	-
sündürme	NOUN	-
sündürül	VERB	-
sündürülme	NOUN	-
sündüs	NOUN	-
süne	NOUN	-
sünepe	ADJ	-
sünger	NOUN	-
süngerimsi	ADJ	-
süngerler	NOUN	-
süngerleş	VERB	-
süngersi	ADJ	-
süngü	NOUN	-
süngüle	VERB	-
süngüleme	NOUN	-
süngülen	VERB	-
süngüleş	VERB	-
sünme	NOUN	-
sünnet	NOUN	-
sünnetle	VERB	-
sünnetleme	NOUN	-
sünnetlemesine	ADV	-
sünnetçi	NOUN	-
sünuhat	NOUN	-
süper	ADJ	-
süper	NOUN	-
süpermarket	NOUN	-
süpermarketçi	NOUN	-
süperstar	NOUN	-
süphanallah	INTERJ	-
süphanallah	NOUN	-
süprüntü	NOUN	-
süpür	VERB	-
süpürge	NOUN	-
süpürme	NOUN	-
süpürt	VERB	-
süpürtme	NOUN	-
süpürül	VERB	-
süpürülme	NOUN	-
süpürüver	VERB	-
süpürüverme	NOUN	-
süpürüş	NOUN	-
sür	VERB	-
sürahi	NOUN	-
sürat	NOUN	-
süratle	ADV	-
süratlen	VERB	-
süratlendir	VERB	-
sürdür	VERB	-
sürdürebil	VERB	-
sürdürebilme	NOUN	-
sürdürme	NOUN	-
sürdürt	VERB	-
sürdürtme	NOUN	-
sürdürül	VERB	-
sürdürülebil	VERB	-
sürdürülebilir	ADJ	-
sürdürülebilme	NOUN	-
sürdürülme	NOUN	-
sürdürüm	NOUN	-
sürdürümle	VERB	-
sürdürümleme	NOUN	-
sürdürümlen	VERB	-
sürdürüş	NOUN	-
süre	NOUN	-
sürebil	VERB	-
sürebilme	NOUN	-
süreduran	ADJ	-
süredurum	NOUN	-
süregel	VERB	-
süregelme	NOUN	-
süregit	VERB	-
süregitme	NOUN	-
sürek	ADJ	VOICING
sürek	NOUN	VOICING
süreklice	ADV	-
süreklileştir	VERB	-
sürekçi	NOUN	-
süreletme	NOUN	-
sürem	NOUN	-
süresince	ADV	-
süreyazar	NOUN	-
süreç	NOUN	VOICING
süreölçen	NOUN	-
süreölçer	NOUN	-
süreğen	ADJ	-
süreğen	NOUN	-
süreğenleş	VERB	-
süreğenleştir	VERB	-
sürfe	NOUN	-
sürfile	ADJ	-
sürgit	ADV	-
sürgü	NOUN	-
sürgüle	VERB	-
sürgüleme	NOUN	-
sürgülen	VERB	-
sürgün	NOUN	-
sürmanşet	NOUN	-
sürme	ADJ	-
sürme	NOUN	-
sürmedan	NOUN	-
sürmele	VERB	-
sürmeleme	NOUN	-
sürmelen	VERB	-
sürmenaj	NOUN	-
sürnatüralist	ADJ	-
sürnatüralizm	NOUN	-
sürpriz	NOUN	-
sürre	NOUN	-
sürreal	ADJ	-
sürrealist	ADJ	-
sürrealite	NOUN	-
sürrealizm	NOUN	-
sürsat	NOUN	-
sürt	VERB	-
sürtme	NOUN	-
sürttür	VERB	-
sürttürme	VERB	-
sürtük	NOUN	VOICING
sürtükleş	VERB	-
sürtül	VERB	-
sürtülme	NOUN	-
sürtün	VERB	-
sürtünme	NOUN	-
sürtünüş	NOUN	-
sürtüş	NOUN	-
sürtüş	VERB	-
sürtüşme	NOUN	-
sürtüştür	VERB	-
sürtüştürme	NOUN	-
sürur	NOUN	-
sürveyan	NOUN	-
sürveyans	NOUN	-
sürç	VERB	-
sürçme	NOUN	-
sürçtür	VERB	-
sürçtürme	NOUN	-
sürçülisan	NOUN	-
sürü	NOUN	-
sürü	VERB	-
sürücül	ADJ	-
sürücül	NOUN	-
sürükle	VERB	-
sürükleme	VERB	-
sürüklen	VERB	-
sürüklendir	VERB	-
sürüklenebil	VERB	-
sürüklenebilme	NOUN	-
sürükleniş	NOUN	-
sürüklet	VERB	-
sürükletme	NOUN	-
sürükleyebil	VERB	-
sürükleyebilme	NOUN	-
sürükleyiş	NOUN	-
sürül	VERB	-
sürülme	NOUN	-
sürülüş	NOUN	-
sürüm	NOUN	-
sürüme	NOUN	-
sürün	VERB	-
sürünceme	NOUN	-
süründür	VERB	-
süründürme	NOUN	-
süründürül	VERB	-
süründürülme	NOUN	-
sürüngen	ADJ	-
sürüngen	NOUN	-
sürüngenler	NOUN	-
sürünme	NOUN	-
sürüntü	NOUN	-
sürünüş	NOUN	-
sürüt	VERB	-
sürütme	NOUN	-
sürüver	VERB	-
sürüverme	NOUN	-
sürüş	NOUN	-
sürüştür	VERB	-
sürüştürme	NOUN	-
sürşarj	NOUN	-
süs	NOUN	-
süs	VERB	-
süsen	NOUN	-
süsengiller	NOUN	-
süsle	VERB	-
süsleme	NOUN	-
süslen	VERB	-
süslendir	VERB	-
süsleniş	NOUN	-
süslet	VERB	-
süsletme	NOUN	-
süsleyebil	VERB	-
süsleyebilme	NOUN	-
süsleyiş	NOUN	-
süslüce	ADJ	-
süsme	NOUN	-
süspansiyon	NOUN	-
süt	NOUN	-
sütana	NOUN	-
sütanne	NOUN	-
sütbaba	NOUN	-
sütbaşı	NOUN	-
süthane	NOUN	-
sütkız	NOUN	-
sütlaç	NOUN	VOICING
sütlen	VERB	-
sütlendir	VERB	-
sütleğen	NOUN	-
sütleğengiller	NOUN	-
sütliman	ADJ	-
sütliman	NOUN	-
sütlüce	NOUN	-
sütnine	NOUN	-
sütninecik	NOUN	VOICING
sütoğul	NOUN	VOWEL_DROP
sütre	NOUN	-
sütrele	VERB	-
sütreleme	NOUN	-
sütsü	ADJ	-
sütsüzce	ADV	-
sütun	NOUN	-
sütuncuk	NOUN	VOICING
sütyen	NOUN	-
sütçü	NOUN	-
sütölçer	NOUN	-
sütümsü	ADJ	-
süv	VERB	-
süvari	ADJ	-
süvari	NOUN	-
süven	NOUN	-
süveter	NOUN	-
süveyda	NOUN	-
süvme	NOUN	-
süyek	NOUN	VOICING
süyüm	NOUN	-
süz	VERB	-
süzdür	VERB	-
süzdürme	NOUN	-
süzebil	VERB	-
süzebilme	NOUN	-
süzek	NOUN	VOICING
süzgeç	NOUN	VOICING
süzgeçle	VERB	-
süzgeçleme	NOUN	-
süzgü	NOUN	-
süzgün	ADJ	-
süzgünleş	VERB	-
süzme	ADJ	-
süzme	NOUN	-
süzük	ADJ	-
süzük	NOUN	-
süzül	VERB	-
süzülme	NOUN	-
süzülüş	NOUN	-
süzüntü	NOUN	-
süzüş	NOUN	-
süzüş	VERB	-
süzüşme	NOUN	-
süğ	VERB	-
süğme	NOUN	-
sı	VERB	-
sıcacık	ADJ	-
sıcacık	NOUN	-
sıcak	ADJ	VOICING
sıcak	NOUN	VOICING
sıcakla	VERB	-
sıcaklama	NOUN	-
sıcaklan	VERB	-
sıcaklaş	VERB	-
sıcaklaştır	VERB	-
sıcaklıkyayar	NOUN	-
sıcaklıkyazar	NOUN	-
sıcaklıkölçer	NOUN	-
sıcakça	ADJ	-
sıcakça	ADV	-
sıdk	NOUN	-
sıfat	NOUN	-
sıfatlandır	VERB	-
sıfatlaştır	VERB	-
sıfır	ADJ	-
sıfır	NOUN	-
sıfırla	VERB	-
sıfırlama	NOUN	-
sıfırlan	VERB	-
sıfırlat	VERB	-
sıfırlatma	NOUN	-
sıhhat	NOUN	-
sıhhi	ADJ	-
sıhhi	NOUN	-
sıhhiye	NOUN	-
sıhri	ADJ	-
sıhriyet	NOUN	-
sık	ADJ	-
sık	ADV	-
sık	NOUN	-
sık	VERB	-
sıkabil	VERB	-
sıkabilme	NOUN	-
sıkacak	NOUN	VOICING
sıkboğaz	NOUN	-
sıkkın	ADJ	-
sıkkın	NOUN	-
sıklaş	VERB	-
sıklaştır	VERB	-
sıklaştırabil	VERB	-
sıklaştırabilme	NOUN	-
sıklaştırıl	VERB	-
sıklaştırılma	NOUN	-
sıklet	NOUN	-
sıklıkla	ADV	-
sıkma	ADJ	-
sıkma	NOUN	-
sıkmaç	NOUN	VOICING
sıktır	VERB	-
sıktırma	NOUN	-
sıkça	ADV	-
sıkı	ADJ	-
sıkı	ADV	-
sıkı	NOUN	-
sıkıca	ADV	-
sıkıl	VERB	-
sıkıla	VERB	-
sıkılama	NOUN	-
sıkılan	VERB	-
sıkılaştır	VERB	-
sıkılgan	ADJ	-
sıkılma	NOUN	-
sıkılmaz	ADJ	-
sıkılış	NOUN	-
sıkım	NOUN	-
sıkın	VERB	-
sıkınma	NOUN	-
sıkıntı	NOUN	-
sıkıt	NOUN	-
sıkıver	VERB	-
sıkıverme	NOUN	-
sıkıysa	NOUN	-
sıkıyönetim	NOUN	-
sıkış	VERB	-
sıkışabil	VERB	-
sıkışabilme	NOUN	-
sıkışma	NOUN	-
sıkıştır	VERB	-
sıkıştırabil	VERB	-
sıkıştırabilme	NOUN	-
sıkıştırma	NOUN	-
sıkıştırıl	VERB	-
sıkıştırılma	NOUN	-
sıkıştırış	NOUN	-
sıkışık	ADJ	-
sıkışıver	VERB	-
sıkışıverme	NOUN	-
sıla	NOUN	-
sılayırahim	NOUN	-
sıma	NOUN	-
sımsıcak	ADJ	-
sımsıcak	ADV	-
sımsıcak	NOUN	-
sımsıkı	ADJ	-
sımsıkı	ADV	-
sın	VERB	-
sına	VERB	-
sınaat	NOUN	-
sınai	ADJ	-
sınama	NOUN	-
sınan	VERB	-
sınanabil	VERB	-
sınanabilme	NOUN	-
sınanma	NOUN	-
sınanış	NOUN	-
sınat	VERB	-
sınatma	NOUN	-
sınav	NOUN	-
sınayabil	VERB	-
sınayabilme	NOUN	-
sınayış	NOUN	-
sıncan	NOUN	-
sındı	NOUN	-
sındır	VERB	-
sındırma	NOUN	-
sındırıl	VERB	-
sındırılma	NOUN	-
sıngın	ADJ	-
sıngın	NOUN	-
sınma	NOUN	-
sınıf	NOUN	-
sınıfla	VERB	-
sınıflama	NOUN	-
sınıflan	VERB	-
sınıflandır	VERB	-
sınıflandırıl	VERB	-
sınıflandırılma	NOUN	-
sınıflandırılış	NOUN	-
sınıflanış	NOUN	-
sınıflayabil	VERB	-
sınıflayabilme	NOUN	-
sınıflaş	VERB	-
sınıfsal	ADJ	-
sınık	ADJ	-
sınık	NOUN	-
sınıkçı	NOUN	-
sınır	NOUN	-
sınıraşan	ADJ	-
sınırdaş	NOUN	-
sınırla	VERB	-
sınırlama	NOUN	-
sınırlan	VERB	-
sınırlandır	VERB	-
sınırlanış	NOUN	-
sınırlayış	NOUN	-
sınırsızca	ADV	-
sıpa	NOUN	-
sıpsıcak	ADJ	-
sır	NOUN	VOWEL_DROP,GEMINATION
sıra	NOUN	-
sıraca	NOUN	-
sıracagiller	NOUN	-
sıradan	ADJ	-
sıradanlaş	VERB	-
sıradanlaştır	VERB	-
sıradağ	NOUN	-
sırala	VERB	-
sıralama	NOUN	-
sıralan	VERB	-
sıralanabil	VERB	-
sıralanabilme	NOUN	-
sıralandır	VERB	-
sıralanış	NOUN	-
sıralat	VERB	-
sıralatma	NOUN	-
sıralayabil	VERB	-
sıralayabilme	NOUN	-
sıralayıver	VERB	-
sıralayıverme	NOUN	-
sıralayış	NOUN	-
sıralaç	NOUN	VOICING
sırasında	ADV	-
sırasında	NOUN	-
sırasıyla	ADV	-
sırat	NOUN	-
sırdaş	NOUN	-
sırdaşça	ADV	-
sırf	ADV	-
sırf	NOUN	-
sırla	VERB	-
sırlama	NOUN	-
sırlan	VERB	-
sırma	ADJ	-
sırma	NOUN	-
sırmakeş	NOUN	-
sırmakeşhane	NOUN	-
sırnaş	VERB	-
sırnaşma	NOUN	-
sırnaştır	VERB	-
sırnaştırma	NOUN	-
sırnaşık	ADJ	VOICING
sırnaşık	NOUN	VOICING
sırnaşıkça	ADV	-
sırnaşış	NOUN	-
sırret	VERB	-
sırretme	NOUN	-
sırrol	VERB	-
sırrolma	NOUN	-
sırsıklam	ADJ	-
sırt	NOUN	-
sırtar	NOUN	-
sırtar	VERB	-
sırtarma	NOUN	-
sırtarış	NOUN	-
sırtla	VERB	-
sırtlama	NOUN	-
sırtlan	NOUN	-
sırtlan	VERB	-
sırtlangiller	NOUN	-
sırtlayabil	VERB	-
sırtlayabilme	NOUN	-
sırtlayış	NOUN	-
sırtçı	NOUN	-
sırtüstü	ADV	-
sırtıkara	NOUN	-
sırça	ADJ	-
sırça	NOUN	-
sırı	VERB	-
sırık	NOUN	VOICING
sırıkla	VERB	-
sırıklama	NOUN	-
sırıkçı	NOUN	-
sırılsıklam	ADJ	-
sırım	NOUN	-
sırıma	NOUN	-
sırıt	VERB	-
sırıtabil	VERB	-
sırıtabilme	NOUN	-
sırıtkan	ADJ	-
sırıtma	NOUN	-
sırıtık	ADJ	VOICING
sırıtıver	VERB	-
sırıtıverme	NOUN	-
sırıtış	NOUN	-
sıska	ADJ	-
sıska	NOUN	-
sıskaca	ADJ	-
sıskalaş	VERB	-
sıtma	NOUN	-
sıtmagörmemiş	ADJ	-
sıtmalan	VERB	-
sıva	NOUN	-
sıva	VERB	-
sıvala	VERB	-
sıvalama	NOUN	-
sıvama	ADJ	-
sıvama	ADV	-
sıvama	NOUN	-
sıvan	VERB	-
sıvanabil	VERB	-
sıvanabilme	NOUN	-
sıvanma	NOUN	-
sıvanış	NOUN	-
sıvat	NOUN	-
sıvat	VERB	-
sıvatma	NOUN	-
sıvatış	NOUN	-
sıvayış	NOUN	-
sıvazla	VERB	-
sıvazlama	NOUN	-
sıvazlan	VERB	-
sıvazlat	VERB	-
sıvazlatma	NOUN	-
sıvazlayış	NOUN	-
sıvaş	VERB	-
sıvaşma	NOUN	-
sıvaştır	VERB	-
sıvaştırma	NOUN	-
sıvaşık	ADJ	-
sıvı	NOUN	-
sıvık	ADJ	-
sıvıklaştır	VERB	-
sıvılaş	VERB	-
sıvılaştır	VERB	-
sıvılaştırıl	VERB	-
sıvılaştırılma	NOUN	-
sıvın	VERB	-
sıvındır	VERB	-
sıvındırma	NOUN	-
sıvınma	NOUN	-
sıvırya	ADV	-
sıvırya	NOUN	-
sıvıölçer	NOUN	-
sıvış	VERB	-
sıvışabil	VERB	-
sıvışabilme	NOUN	-
sıvışma	NOUN	-
sıvışık	ADJ	-
sıvışık	NOUN	-
sıyanet	NOUN	-
sıyga	NOUN	-
sıygı	NOUN	-
sıyrık	ADJ	VOICING
sıyrık	NOUN	VOICING
sıyrıl	VERB	-
sıyrılabil	VERB	-
sıyrılabilme	NOUN	-
sıyrılma	NOUN	-
sıyrılış	NOUN	-
sıyrıntı	NOUN	-
sıyır	VERB	-
sıyırabil	VERB	-
sıyırabilme	NOUN	-
sıyırga	NOUN	-
sıyırgı	NOUN	-
sıyırma	NOUN	-
sıyırt	VERB	-
sıyırtma	NOUN	-
sıyırıver	VERB	-
sıyırıverme	NOUN	-
sıyırış	NOUN	-
sız	VERB	-
sızabil	VERB	-
sızabilme	NOUN	-
sızak	NOUN	VOICING
sızdır	VERB	-
sızdırabil	VERB	-
sızdırabilme	NOUN	-
sızdırma	NOUN	-
sızdırıl	VERB	-
sızdırılma	NOUN	-
sızgıt	NOUN	-
sızla	VERB	-
sızlama	NOUN	-
sızlan	VERB	-
sızlanış	NOUN	-
sızlat	VERB	-
sızlatma	NOUN	-
sızlayış	NOUN	-
sızma	ADJ	-
sızma	NOUN	-
sızı	NOUN	-
sızıl	VERB	-
sızıldan	VERB	-
sızıldanma	NOUN	-
sızılma	NOUN	-
sızıltı	NOUN	-
sızıntı	NOUN	-
sızır	VERB	-
sızırma	NOUN	-
sızıver	VERB	-
sızıverme	NOUN	-
sızış	NOUN	-
sıç	VERB	-
sıçabil	VERB	-
sıçabilme	NOUN	-
sıçan	NOUN	-
sıçandişi	NOUN	-
sıçangiller	NOUN	-
sıçankulağı	NOUN	-
sıçankuyruğu	NOUN	-
sıçanotu	NOUN	-
sıçanımsılar	NOUN	-
sıçma	NOUN	-
sıçra	VERB	-
sıçrama	NOUN	-
sıçrat	VERB	-
sıçratabil	VERB	-
sıçratabilme	NOUN	-
sıçratma	NOUN	-
sıçrayabil	VERB	-
sıçrayabilme	NOUN	-
sıçrayış	NOUN	-
sıçtır	VERB	-
sıçtırma	NOUN	-
sıçırgan	ADJ	-
sığ	ADJ	-
sığ	NOUN	-
sığ	VERB	-
sığa	NOUN	-
sığabil	VERB	-
sığabilme	NOUN	-
sığamsal	ADJ	-
sığaç	NOUN	VOICING
sığdır	VERB	-
sığdırabil	VERB	-
sığdırabilme	NOUN	-
sığdırma	NOUN	-
sığdırıl	VERB	-
sığdırılma	NOUN	-
sığdırıver	VERB	-
sığdırıverme	NOUN	-
sığdırış	NOUN	-
sığla	NOUN	-
sığlaş	VERB	-
sığlaştır	VERB	-
sığma	NOUN	-
sığın	NOUN	-
sığın	VERB	-
sığınabil	VERB	-
sığınabilme	NOUN	-
sığınak	NOUN	VOICING
sığınma	NOUN	-
sığınmaevi	NOUN	-
sığıntı	NOUN	-
sığınık	NOUN	VOICING
sığınıl	VERB	-
sığınılma	NOUN	-
sığınıver	VERB	-
sığınıverme	NOUN	-
sığınış	NOUN	-
sığır	NOUN	-
sığırcık	NOUN	VOICING
sığırdiligiller	NOUN	-
sığırgözü	NOUN	-
sığırkuyruğu	NOUN	-
sığırtmaç	NOUN	VOICING
sığırödü	NOUN	-
sığış	VERB	-
sığışma	NOUN	-
sığıştır	VERB	-
sığıştırabil	VERB	-
sığıştırabilme	NOUN	-
sığıştırma	NOUN	-
ta	ADV	-
taaccüp	NOUN	VOICING
taaddüt	NOUN	VOICING
taaffün	NOUN	-
taahhüt	NOUN	VOICING
taahhütname	NOUN	-
taala	NOUN	-
taallukat	NOUN	-
taam	NOUN	-
taammüden	NOUN	-
taammüm	NOUN	-
taammüt	NOUN	VOICING
taannüt	NOUN	VOICING
taarruz	NOUN	-
taarruzi	ADJ	-
taassup	NOUN	VOICING
taat	NOUN	-
taayyün	NOUN	-
taayyüş	NOUN	-
taaşşuk	NOUN	-
tab	NOUN	-
taba	ADJ	-
taba	NOUN	-
tabaat	NOUN	-
tababet	NOUN	-
tabak	ADJ	VOICING
tabak	NOUN	VOICING
tabaka	ADJ	-
tabaka	NOUN	-
tabakala	VERB	-
tabakalama	NOUN	-
tabakalan	VERB	-
tabakalaş	VERB	-
tabakhane	NOUN	-
tabakla	VERB	-
tabaklama	NOUN	-
tabaklama	VERB	-
tabaklan	VERB	-
tabakçı	NOUN	-
taban	ADV	-
taban	NOUN	-
tabanca	NOUN	-
tabanvay	ADV	-
tabasbus	NOUN	-
tabedil	VERB	-
tabedilme	NOUN	-
tabela	NOUN	-
tabet	VERB	-
tabetme	NOUN	-
tabi	ADJ	-
tabi	NOUN	-
tabiat	NOUN	-
tabiatçı	NOUN	-
tabiatüstü	ADJ	-
tabiatıyla	ADV	-
tabiatıyla	NOUN	-
tabii	ADJ	-
tabii	ADV	-
tabii	NOUN	-
tabiileş	VERB	-
tabiileştir	VERB	-
tabiiye	NOUN	-
tabiiyet	NOUN	-
tabiiyun	NOUN	-
tabildot	NOUN	-
tabip	NOUN	VOICING
tabir	NOUN	-
tabirname	NOUN	-
tabiye	NOUN	-
tabl	NOUN	-
tabla	NOUN	-
tablakâr	NOUN	-
tablet	NOUN	-
tabliye	NOUN	-
tablo	NOUN	-
tablolaştır	VERB	-
tablolaştırıl	VERB	-
tablolaştırılma	NOUN	-
tabolun	VERB	-
tabolunma	NOUN	-
tabu	ADJ	-
tabu	NOUN	-
tabulaş	VERB	-
tabulaştır	VERB	-
tabulaştırıl	VERB	-
tabulaştırılma	NOUN	-
tabur	NOUN	-
tabure	NOUN	-
tabut	NOUN	-
tabya	NOUN	-
tabütüvan	NOUN	-
tacil	NOUN	-
tacir	NOUN	-
taciz	NOUN	-
tadabil	VERB	-
tadabilme	NOUN	-
tadat	NOUN	VOICING
tadil	NOUN	-
tadilat	NOUN	-
tadıl	VERB	-
tadılma	NOUN	-
tadım	NOUN	-
tadıver	VERB	-
tadıverme	NOUN	-
taflan	NOUN	-
tafra	NOUN	-
tafrafuruş	ADJ	-
tafsil	NOUN	-
tafsilat	NOUN	-
tafta	ADJ	-
tafta	NOUN	-
tagaddi	NOUN	-
tagallüp	NOUN	VOICING
tagayyür	NOUN	-
tahaccüm	NOUN	-
tahaccür	NOUN	-
tahaffuz	NOUN	-
tahaffuzhane	NOUN	-
tahakkuk	NOUN	-
tahakküm	NOUN	-
tahammuz	NOUN	-
tahammül	NOUN	-
tahammülfersa	ADJ	-
tahammür	NOUN	-
taharet	NOUN	-
taharetlen	VERB	-
taharri	NOUN	-
taharrüs	NOUN	-
taharrüş	NOUN	-
tahassun	NOUN	-
tahassür	NOUN	-
tahassüs	NOUN	-
tahassüsat	NOUN	-
tahattur	NOUN	-
tahavvül	NOUN	-
tahayyül	NOUN	-
tahaşşüt	NOUN	VOICING
tahdidat	NOUN	-
tahdit	NOUN	VOICING
tahfif	NOUN	-
tahin	NOUN	-
tahinî	NOUN	-
tahir	NOUN	-
tahkik	NOUN	-
tahkikat	NOUN	-
tahkim	NOUN	-
tahkimat	NOUN	-
tahkimname	NOUN	-
tahkir	NOUN	-
tahkiye	NOUN	-
tahlif	NOUN	-
tahlil	NOUN	-
tahlilî	ADJ	-
tahlis	NOUN	-
tahlisiye	NOUN	-
tahliye	NOUN	-
tahmil	NOUN	-
tahmin	NOUN	-
tahminen	ADV	-
tahminî	ADJ	-
tahmis	NOUN	-
tahmishane	NOUN	-
tahmisçi	NOUN	-
tahnit	NOUN	-
tahra	NOUN	-
tahribat	NOUN	-
tahrif	NOUN	-
tahrifat	NOUN	-
tahrik	NOUN	-
tahrikât	NOUN	-
tahrikçi	ADJ	-
tahrikçi	NOUN	-
tahril	NOUN	-
tahrip	NOUN	VOICING
tahripkâr	ADJ	-
tahrir	NOUN	-
tahrirat	NOUN	-
tahriren	ADV	-
tahrirî	ADJ	-
tahriş	NOUN	-
tahsil	NOUN	-
tahsilat	NOUN	-
tahsildar	NOUN	-
tahsin	INTERJ	-
tahsin	NOUN	-
tahsis	NOUN	-
tahsisat	NOUN	-
tahsisatımesture	NOUN	-
tahsisen	ADV	-
tahsisen	NOUN	-
taht	NOUN	-
tahta	ADJ	-
tahta	NOUN	-
tahtaboş	NOUN	-
tahtakuruları	NOUN	-
tahtakurusu	NOUN	-
tahtalaş	VERB	-
tahtalıköy	NOUN	-
tahtelbahir	NOUN	VOWEL_DROP
tahteşşuur	NOUN	-
tahtırevan	NOUN	-
tahvil	NOUN	-
tahvilat	NOUN	-
tahıl	NOUN	-
tahşiye	NOUN	-
tak	NOUN	-
tak	VERB	-
taka	ADJ	-
taka	NOUN	-
takabil	VERB	-
takabilme	NOUN	-
takaddüm	NOUN	-
takallüs	NOUN	-
takanak	NOUN	VOICING
takarrüp	NOUN	VOICING
takarrür	NOUN	-
takas	NOUN	-
takat	NOUN	-
takatsizce	ADV	-
takatsizleş	VERB	-
takatsizleştir	VERB	-
takatuka	NOUN	-
takayyüt	NOUN	VOICING
takaza	NOUN	-
takbih	NOUN	-
takdim	NOUN	-
takdir	NOUN	-
takdirde	ADV	-
takdiriilahi	NOUN	-
takdirkâr	ADJ	-
takdirname	NOUN	-
takdis	NOUN	-
takeometre	NOUN	-
takibat	NOUN	-
takiben	ADV	-
takiben	NOUN	-
takigraf	NOUN	-
takikardi	NOUN	-
takim	NOUN	-
takimetre	NOUN	-
takip	NOUN	VOICING
takipleş	VERB	-
takipçi	NOUN	-
takiye	NOUN	-
takkadak	ADV	-
takke	NOUN	-
takla	NOUN	-
taklidî	ADJ	-
taklip	NOUN	VOICING
taklit	NOUN	VOICING
taklitçi	NOUN	-
takma	ADJ	-
takma	NOUN	-
takograf	NOUN	-
takometre	NOUN	-
takoz	NOUN	-
takozla	VERB	-
takozlama	NOUN	-
takriben	ADV	-
takribî	ADJ	-
takrip	NOUN	VOICING
takrir	NOUN	-
takriz	NOUN	-
taksa	NOUN	-
taksi	NOUN	-
taksim	NOUN	-
taksimat	NOUN	-
taksimetre	NOUN	-
taksir	NOUN	-
taksirat	NOUN	-
taksit	NOUN	-
taksitlendir	VERB	-
taksitlendirebil	VERB	-
taksitlendirebilme	NOUN	-
taksitlendiril	VERB	-
taksitlendirilme	NOUN	-
taksonomi	NOUN	-
takt	NOUN	-
takti	NOUN	-
taktik	NOUN	VOICING
taktikçi	NOUN	-
taktir	NOUN	-
taktır	VERB	-
taktırabil	VERB	-
taktırabilme	NOUN	-
taktırma	NOUN	-
taktırt	VERB	-
taktırtma	NOUN	-
takunya	NOUN	-
takva	NOUN	-
takvim	NOUN	-
takviye	NOUN	-
takyit	NOUN	VOICING
takı	NOUN	-
takık	ADJ	-
takıl	VERB	-
takılgan	ADJ	-
takılma	NOUN	-
takılıver	VERB	-
takılıverme	NOUN	-
takılış	NOUN	-
takım	NOUN	-
takımada	NOUN	-
takımyıldız	NOUN	-
takın	VERB	-
takınabil	VERB	-
takınabilme	NOUN	-
takınak	NOUN	VOICING
takınma	NOUN	-
takıntı	NOUN	-
takınış	NOUN	-
takırda	VERB	-
takırdama	NOUN	-
takırdat	VERB	-
takırdatma	NOUN	-
takırdayış	NOUN	-
takırtı	NOUN	-
takıver	VERB	-
takıverme	NOUN	-
takızafer	NOUN	-
takış	VERB	-
takışma	NOUN	-
takıştır	VERB	-
takıştırma	NOUN	-
takıştırış	NOUN	-
tal	NOUN	-
talak	NOUN	-
talakat	NOUN	-
talakıselase	NOUN	-
talan	NOUN	-
talanla	VERB	-
talanlama	NOUN	-
talanlan	VERB	-
talaz	NOUN	-
talazlan	VERB	-
talaş	NOUN	-
talaşla	VERB	-
talaşlama	NOUN	-
talaşlan	VERB	-
talebe	NOUN	-
talep	NOUN	VOICING
talepkâr	ADJ	-
talepname	NOUN	-
taler	NOUN	-
talih	NOUN	-
talika	NOUN	-
talil	NOUN	-
talim	NOUN	-
talimar	NOUN	-
talimat	NOUN	-
talimatname	NOUN	-
talimgâh	NOUN	-
talimhane	NOUN	-
talimname	NOUN	-
talip	ADJ	VOICING
talip	NOUN	VOICING
talk	NOUN	-
talkım	NOUN	-
talkın	NOUN	-
tallahi	INTERJ	-
taltif	NOUN	-
talveg	NOUN	-
talyum	NOUN	-
tam	ADJ	-
tam	ADV	-
tam	NOUN	-
tamah	NOUN	-
tamahkâr	ADJ	-
tamam	INTERJ	-
tamam	NOUN	-
tamam	POSTP	-
tamamen	ADV	-
tamamiyet	NOUN	-
tamamla	VERB	-
tamamlama	NOUN	-
tamamlan	VERB	-
tamamlanabil	VERB	-
tamamlanabilme	NOUN	-
tamamlanış	NOUN	-
tamamlat	VERB	-
tamamlatabil	VERB	-
tamamlatabilme	NOUN	-
tamamlatma	NOUN	-
tamamlattır	VERB	-
tamamlattırma	NOUN	-
tamamlayabil	VERB	-
tamamlayabilme	NOUN	-
tamamlayıver	VERB	-
tamamlayıverme	NOUN	-
tamamlayış	NOUN	-
tamamıyla	ADV	-
tamanit	NOUN	-
tambur	NOUN	-
tambura	NOUN	-
tamburi	NOUN	-
tamik	NOUN	-
tamim	NOUN	-
tamir	NOUN	-
tamirat	NOUN	-
tamirhane	NOUN	-
tamkare	NOUN	-
tamla	VERB	-
tamlama	NOUN	-
tamlanan	NOUN	-
tamlayan	NOUN	-
tamlaştır	VERB	-
tamlaştırıl	VERB	-
tamlaştırılma	NOUN	-
tampon	NOUN	-
tamponla	VERB	-
tamponlama	NOUN	-
tamtakır	ADJ	-
tamtam	NOUN	-
tamtur	NOUN	-
tamu	NOUN	-
tamzara	NOUN	-
tan	NOUN	-
tanassur	NOUN	-
tanatoloji	NOUN	-
tandans	NOUN	-
tandem	NOUN	-
tandır	NOUN	-
tandırname	NOUN	-
tane	NOUN	-
tanecik	NOUN	VOICING
tanecil	ADJ	-
tanele	VERB	-
taneleme	NOUN	-
tanelen	VERB	-
taneleniş	NOUN	-
tanen	NOUN	-
tango	NOUN	-
tangram	NOUN	-
tangırda	VERB	-
tangırdama	NOUN	-
tangırdat	VERB	-
tangırdatma	NOUN	-
tangırtı	NOUN	-
tanin	NOUN	-
tanjant	ADJ	-
tanjant	NOUN	-
tank	NOUN	-
tanker	NOUN	-
tanksavar	NOUN	-
tankçı	NOUN	-
tanla	VERB	-
tanlama	NOUN	-
tannan	ADJ	-
tanrı	NOUN	-
tanrılaş	VERB	-
tanrılaştır	VERB	-
tanrısal	ADJ	-
tanrısallaş	VERB	-
tanrısallaştır	VERB	-
tanrıtanımaz	ADJ	-
tanrıça	NOUN	-
tansiyometre	NOUN	-
tansiyometri	NOUN	-
tansiyon	NOUN	-
tansık	NOUN	VOICING
tansıksı	ADJ	-
tantal	NOUN	-
tantana	NOUN	-
tantuni	NOUN	-
tanzifat	NOUN	-
tanzim	NOUN	-
tanzimat	NOUN	-
tanzir	NOUN	-
tanı	NOUN	-
tanı	VERB	-
tanıdık	ADJ	-
tanıdık	NOUN	-
tanık	NOUN	VOICING
tanıkla	VERB	-
tanıklama	NOUN	-
tanıklan	VERB	-
tanıklanış	NOUN	-
tanıl	VERB	-
tanıla	VERB	-
tanılama	NOUN	-
tanılma	NOUN	-
tanım	NOUN	-
tanıma	NOUN	-
tanımaz	ADJ	-
tanımla	VERB	-
tanımlama	NOUN	-
tanımlan	VERB	-
tanımlanış	NOUN	-
tanımlat	VERB	-
tanımlatma	NOUN	-
tanımlayabil	VERB	-
tanımlayabilme	NOUN	-
tanımlayıver	VERB	-
tanımlayıverme	NOUN	-
tanımlayış	NOUN	-
tanın	VERB	-
tanınabil	VERB	-
tanınabilme	NOUN	-
tanınma	NOUN	-
tanınmış	ADJ	-
tanınmış	NOUN	-
tanınış	NOUN	-
tanıt	NOUN	-
tanıt	VERB	-
tanıtabil	VERB	-
tanıtabilme	NOUN	-
tanıtla	VERB	-
tanıtlama	NOUN	-
tanıtlan	VERB	-
tanıtlandır	VERB	-
tanıtlanış	NOUN	-
tanıtlayabil	VERB	-
tanıtlayabilme	NOUN	-
tanıtlayış	NOUN	-
tanıtma	NOUN	-
tanıttır	VERB	-
tanıttırma	NOUN	-
tanıtı	NOUN	-
tanıtıl	VERB	-
tanıtılabil	VERB	-
tanıtılabilme	NOUN	-
tanıtılma	NOUN	-
tanıtılış	NOUN	-
tanıtım	NOUN	-
tanıtımcık	NOUN	VOICING
tanıtıver	VERB	-
tanıtıverme	NOUN	-
tanıtış	NOUN	-
tanıyabil	VERB	-
tanıyabilme	NOUN	-
tanıyıver	VERB	-
tanıyıverme	NOUN	-
tanıyış	NOUN	-
tanış	ADJ	-
tanış	VERB	-
tanışabil	VERB	-
tanışabilme	NOUN	-
tanışma	NOUN	-
tanıştır	VERB	-
tanıştırabil	VERB	-
tanıştırabilme	NOUN	-
tanıştırma	NOUN	-
tanışık	NOUN	VOICING
tanışış	NOUN	-
tap	VERB	-
tapa	NOUN	-
tapabil	VERB	-
tapabilme	NOUN	-
tapala	VERB	-
tapalama	NOUN	-
tapalan	VERB	-
tapan	NOUN	-
tapanla	VERB	-
tapanlama	NOUN	-
taparcasına	ADV	-
tapi	NOUN	-
tapir	NOUN	-
tapirgiller	NOUN	-
tapma	NOUN	-
tapon	ADJ	-
tapon	NOUN	-
taptaze	ADJ	-
taptaze	ADV	-
taptır	VERB	-
taptırabil	VERB	-
taptırabilme	NOUN	-
taptırma	NOUN	-
tapu	NOUN	-
tapula	VERB	-
tapulama	NOUN	-
tapyoka	NOUN	-
tapı	NOUN	-
tapıkla	VERB	-
tapıklama	NOUN	-
tapın	VERB	-
tapınabil	VERB	-
tapınabilme	NOUN	-
tapınak	NOUN	VOICING
tapıncak	NOUN	VOICING
tapınma	NOUN	-
tapınış	NOUN	-
tapırda	VERB	-
tapırdama	NOUN	-
tapırtı	NOUN	-
tapış	NOUN	-
tapışla	VERB	-
tapışlama	NOUN	-
tapışlan	VERB	-
tapşır	VERB	-
tapşırma	NOUN	-
tar	NOUN	-
tara	VERB	-
taraba	NOUN	-
taraf	NOUN	-
tarafeyn	NOUN	-
tarafgir	ADJ	-
tarafsızca	ADV	-
tarafsızlaştır	VERB	-
taraftar	NOUN	-
tarafçı	NOUN	-
tarafından	ADV	-
tarafından	POSTP	-
tarak	NOUN	VOICING
tarakla	VERB	-
taraklama	ADJ	-
taraklama	NOUN	-
taraklılar	NOUN	-
taraksı	ADJ	-
tarakçı	NOUN	-
tarama	ADJ	-
tarama	NOUN	-
taran	VERB	-
taranabil	VERB	-
taranabilme	NOUN	-
taranga	NOUN	-
taranma	NOUN	-
tarantula	NOUN	-
tarantı	NOUN	-
taranış	NOUN	-
tarassut	NOUN	VOICING
tarat	VERB	-
taratabil	VERB	-
taratabilme	NOUN	-
taratma	NOUN	-
tarator	NOUN	-
tarattır	VERB	-
tarattırma	NOUN	-
taratış	NOUN	-
taravet	NOUN	-
tarayabil	VERB	-
tarayabilme	NOUN	-
tarayış	NOUN	-
taraz	NOUN	-
tarazla	VERB	-
tarazlama	NOUN	-
tarazlan	VERB	-
taraça	NOUN	-
taraş	NOUN	-
taraşla	VERB	-
taraşlama	NOUN	-
tardedil	VERB	-
tardedilme	NOUN	-
tardet	VERB	-
tardetme	NOUN	-
tardiye	NOUN	-
tardolun	VERB	-
tardolunma	NOUN	-
taret	NOUN	-
tarh	NOUN	-
tarhana	NOUN	-
tarhun	NOUN	-
tarif	NOUN	-
tarife	NOUN	-
tariflendir	VERB	-
tarifname	NOUN	-
tarih	NOUN	-
tarihen	ADV	-
tarihle	VERB	-
tarihleme	NOUN	-
tarihlen	VERB	-
tarihlendir	VERB	-
tarihlenebil	VERB	-
tarihlenebilme	NOUN	-
tarihsel	ADJ	-
tarihçe	NOUN	-
tarihçi	NOUN	-
tarihî	ADJ	-
tarihî	NOUN	-
tarik	NOUN	-
tarikat	NOUN	-
tarikatçı	NOUN	-
tariz	NOUN	-
tarla	NOUN	-
tarlakoz	NOUN	-
tarlamsı	ADJ	-
tarlatan	NOUN	-
tarpan	NOUN	-
tarsin	NOUN	-
tarsusbeyazı	NOUN	-
tart	NOUN	VOICING
tart	VERB	-
tartabil	VERB	-
tartabilme	NOUN	-
tartakla	VERB	-
tartaklama	NOUN	-
tartaklan	VERB	-
tartaklanış	NOUN	-
tartaklayış	NOUN	-
tartar	NOUN	-
tartarat	NOUN	-
tartarik	ADJ	-
tartma	NOUN	-
tarttır	VERB	-
tarttırma	NOUN	-
tartura	NOUN	-
tartı	NOUN	-
tartıl	ADJ	-
tartıl	VERB	-
tartılabil	VERB	-
tartılabilme	NOUN	-
tartılma	NOUN	-
tartılış	NOUN	-
tartım	NOUN	-
tartış	NOUN	-
tartış	VERB	-
tartışabil	VERB	-
tartışabilme	NOUN	-
tartışma	NOUN	-
tartışmagötürmez	ADJ	-
tartıştır	VERB	-
tartıştırma	NOUN	-
tartışıl	VERB	-
tartışılabil	VERB	-
tartışılabilme	NOUN	-
tartışılma	NOUN	-
tarumar	ADJ	-
tarz	NOUN	-
tarziye	NOUN	-
tarçın	NOUN	-
tarçıni	ADJ	-
tarçıni	NOUN	-
tarım	NOUN	-
tarımsal	ADJ	-
tas	ADJ	-
tas	NOUN	-
tasa	NOUN	-
tasalan	VERB	-
tasalanabil	VERB	-
tasalanabilme	NOUN	-
tasalandır	VERB	-
tasalanış	NOUN	-
tasallut	NOUN	-
tasallüp	NOUN	VOICING
tasannu	NOUN	-
tasar	NOUN	-
tasarla	VERB	-
tasarlama	NOUN	-
tasarlan	VERB	-
tasarlanabil	VERB	-
tasarlanabilme	NOUN	-
tasarlanış	NOUN	-
tasarlat	VERB	-
tasarlatma	NOUN	-
tasarlayabil	VERB	-
tasarlayabilme	NOUN	-
tasarlayış	NOUN	-
tasarruf	NOUN	-
tasarrufçu	NOUN	-
tasarı	NOUN	-
tasarım	NOUN	-
tasarımla	VERB	-
tasarımlama	NOUN	-
tasarımlan	VERB	-
tasarımlayabil	VERB	-
tasarımlayabilme	NOUN	-
tasasızca	ADV	-
tasavvuf	NOUN	-
tasavvufi	ADJ	-
tasavvur	NOUN	-
tasdi	NOUN	-
tasdik	NOUN	-
tasdikle	VERB	-
tasdikleme	NOUN	-
tasdiklen	VERB	-
tasdikleniş	NOUN	-
tasdiklet	VERB	-
tasdikletebil	VERB	-
tasdikletebilme	NOUN	-
tasdikletil	VERB	-
tasdikletilme	NOUN	-
tasdikletme	NOUN	-
tasdiklettir	VERB	-
tasdiklettiril	VERB	-
tasdiklettirilme	NOUN	-
tasdiklettirme	NOUN	-
tasdikleyebil	VERB	-
tasdikleyebilme	NOUN	-
tasdikname	NOUN	-
tasfiye	NOUN	-
tasfiyehane	NOUN	-
tasgir	NOUN	-
tashih	NOUN	-
tashihikarar	NOUN	-
tasla	VERB	-
taslak	NOUN	VOICING
taslama	NOUN	-
taslat	VERB	-
taslatma	NOUN	-
taslayabil	VERB	-
taslayabilme	NOUN	-
tasma	NOUN	-
tasmim	NOUN	-
tasni	NOUN	-
tasnif	NOUN	-
tasnifle	VERB	-
tasnifleme	NOUN	-
tasrif	NOUN	-
tasrih	NOUN	-
tastamam	ADJ	-
tastamam	ADV	-
tastir	NOUN	-
tasvip	NOUN	VOICING
tasvir	NOUN	-
tasvirî	ADJ	-
tasım	NOUN	-
tasımla	VERB	-
tasımlama	NOUN	-
tasımsal	ADJ	-
tat	NOUN	VOICING
tat	VERB	-
tatar	NOUN	-
tatarcık	NOUN	VOICING
tatarı	ADJ	-
tatava	NOUN	-
tatbik	NOUN	-
tatbikat	NOUN	-
tatbikatçı	ADJ	-
tatbikî	ADJ	-
tatbilir	ADJ	-
tatil	NOUN	-
tatlan	VERB	-
tatlandır	VERB	-
tatlandırabil	VERB	-
tatlandırabilme	NOUN	-
tatlıca	ADJ	-
tatlıca	ADV	-
tatlılaş	VERB	-
tatlılaştır	VERB	-
tatlılıkla	ADV	-
tatlımsı	ADJ	-
tatlısu	NOUN	-
tatma	NOUN	-
tatmin	NOUN	-
tatminkâr	ADJ	-
tatsal	ADJ	-
tatsızlaş	VERB	-
tattır	VERB	-
tattırabil	VERB	-
tattırabilme	NOUN	-
tattırma	NOUN	-
tatula	NOUN	-
taun	NOUN	-
tav	NOUN	-
tava	NOUN	-
tavaf	NOUN	-
tavan	NOUN	-
tavassut	NOUN	-
tavattun	NOUN	-
tavazzuh	NOUN	-
tavaşi	NOUN	-
taverna	NOUN	-
tavhane	NOUN	-
tavik	NOUN	-
taviz	NOUN	-
tavizkâr	ADJ	-
tavla	NOUN	-
tavla	VERB	-
tavlama	NOUN	-
tavlan	VERB	-
tavlandır	VERB	-
tavlayabil	VERB	-
tavlayabilme	NOUN	-
tavsa	VERB	-
tavsama	NOUN	-
tavsat	VERB	-
tavsatma	NOUN	-
tavsif	NOUN	-
tavsiye	NOUN	-
tavsiyename	NOUN	-
tavuk	NOUN	VOICING
tavukayağı	NOUN	-
tavukgiller	NOUN	-
tavukgötü	NOUN	-
tavukgöğsü	NOUN	-
tavukkarası	NOUN	-
tavuklar	NOUN	-
tavukpençesi	NOUN	-
tavuksu	ADJ	-
tavuksular	NOUN	-
tavukyelpazesi	NOUN	-
tavukçu	NOUN	-
tavulga	NOUN	-
tavus	NOUN	-
tavuskuyruğu	NOUN	-
tavzif	NOUN	-
tavzih	NOUN	-
tavır	NOUN	VOWEL_DROP
tavşan	NOUN	-
tavşanayağı	NOUN	-
tavşanağzı	NOUN	-
tavşanbıyığı	NOUN	-
tavşancıl	NOUN	-
tavşangiller	NOUN	-
tavşankanı	ADJ	-
tavşankanı	NOUN	-
tavşankulağı	NOUN	-
tavşanmemesi	NOUN	-
tay	ADJ	-
tay	NOUN	-
taya	NOUN	-
taydaş	NOUN	-
tayf	NOUN	-
tayfa	NOUN	-
tayfun	NOUN	-
tayfölçer	NOUN	-
tayga	NOUN	-
taygeldi	NOUN	-
tayin	NOUN	-
tayip	NOUN	VOICING
tayla	VERB	-
taylak	NOUN	VOICING
taylama	NOUN	-
tayt	NOUN	-
tayyar	ADJ	-
tayyare	NOUN	-
tayyet	VERB	-
tayyetme	NOUN	-
tayyör	NOUN	-
tayın	NOUN	-
tazallüm	NOUN	-
tazammun	NOUN	-
tazarru	NOUN	-
taze	ADJ	-
taze	NOUN	-
tazece	ADJ	-
tazekan	ADJ	-
tazekan	NOUN	-
tazele	VERB	-
tazeleme	NOUN	-
tazelen	VERB	-
tazelendir	VERB	-
tazeleniş	NOUN	-
tazelet	VERB	-
tazeletme	NOUN	-
tazeleyebil	VERB	-
tazeleyebilme	NOUN	-
tazeleyiş	NOUN	-
tazeleş	VERB	-
tazeleştir	VERB	-
tazim	NOUN	-
tazimat	NOUN	-
tazip	NOUN	VOICING
taziye	NOUN	-
taziyeevi	NOUN	-
taziyet	NOUN	-
taziyetname	NOUN	-
taziz	NOUN	-
tazmin	NOUN	-
tazminat	NOUN	-
tazyik	NOUN	-
tazı	NOUN	-
tazılaş	VERB	-
taç	NOUN	VOICING
taçlan	VERB	-
taçlandır	VERB	-
taçsızlar	NOUN	-
tağyir	NOUN	-
tağşiş	NOUN	-
taş	ADJ	-
taş	NOUN	-
taş	VERB	-
taşabil	VERB	-
taşabilme	NOUN	-
taşak	NOUN	VOICING
taşayaz	VERB	-
taşayazma	NOUN	-
taşemen	NOUN	-
taşemengiller	NOUN	-
taşeron	NOUN	-
taşikardi	NOUN	-
taşizm	NOUN	-
taşkın	ADJ	-
taşkın	NOUN	-
taşkınca	ADJ	-
taşkınca	ADV	-
taşkınlaş	VERB	-
taşkıran	NOUN	-
taşkırangiller	NOUN	-
taşla	VERB	-
taşlama	NOUN	-
taşlan	VERB	-
taşlat	VERB	-
taşlatma	NOUN	-
taşlayabil	VERB	-
taşlayabilme	NOUN	-
taşlaş	VERB	-
taşma	NOUN	-
taşra	NOUN	-
taşsarımsağı	NOUN	-
taşsı	ADJ	-
taşçı	NOUN	-
taşçıl	ADJ	-
taşçıl	NOUN	-
taşı	VERB	-
taşıl	NOUN	-
taşıllaş	VERB	-
taşım	NOUN	-
taşıma	NOUN	-
taşımsı	ADJ	-
taşın	VERB	-
taşınabil	VERB	-
taşınabilir	NOUN	-
taşınabilme	NOUN	-
taşınma	NOUN	-
taşınmaz	ADJ	-
taşınmaz	NOUN	-
taşıntı	NOUN	-
taşınım	NOUN	-
taşınır	ADJ	-
taşınır	NOUN	-
taşınış	NOUN	-
taşır	VERB	-
taşırabil	VERB	-
taşırabilme	NOUN	-
taşırma	NOUN	-
taşırıver	VERB	-
taşırıverme	NOUN	-
taşıt	NOUN	-
taşıt	VERB	-
taşıtabil	VERB	-
taşıtabilme	NOUN	-
taşıtma	NOUN	-
taşıtçı	NOUN	-
taşıtış	NOUN	-
taşıver	VERB	-
taşıverme	NOUN	-
taşıyabil	VERB	-
taşıyabilme	NOUN	-
taşıyıver	VERB	-
taşıyıverme	NOUN	-
taşıyış	NOUN	-
te	NOUN	-
te	VERB	VOICING
teadül	NOUN	-
teakup	NOUN	VOICING
teamül	NOUN	-
tearuz	NOUN	-
teati	NOUN	-
teavün	NOUN	-
tebaa	NOUN	-
tebahhur	NOUN	-
tebaiyet	NOUN	-
tebarüz	NOUN	-
tebcil	NOUN	-
tebdil	NOUN	-
tebdilihava	NOUN	-
tebdilimekân	NOUN	-
tebeddül	NOUN	-
tebeddülat	NOUN	-
tebelleş	ADJ	-
tebellür	NOUN	-
tebellüğ	NOUN	-
teber	NOUN	-
teberru	NOUN	-
teberrük	NOUN	-
teberrüken	ADV	-
teberrüz	NOUN	-
tebessüm	NOUN	-
tebeyyün	NOUN	-
tebeşir	NOUN	-
tebeşirle	VERB	-
tebeşirleme	NOUN	-
tebeşirlen	VERB	-
tebligat	NOUN	-
tebliğ	NOUN	-
tebrik	NOUN	VOICING
tebriye	NOUN	-
tebyiz	NOUN	-
tebşir	NOUN	-
tecahül	NOUN	-
tecahülüarif	NOUN	-
tecahülüarifane	NOUN	-
tecanüs	NOUN	-
tecavüz	NOUN	-
tecavüzkâr	ADJ	-
tecdit	NOUN	VOICING
teceddüt	NOUN	VOICING
tecelligâh	NOUN	-
tecemmu	NOUN	-
tecennün	NOUN	-
tecerrüt	NOUN	VOICING
tecessüm	NOUN	-
tecessüs	NOUN	-
tecezzi	NOUN	-
tecil	NOUN	-
tecim	NOUN	-
tecimen	NOUN	-
tecimevi	NOUN	-
tecimsel	ADJ	-
tecriden	ADV	-
tecrit	NOUN	VOICING
tecrübe	NOUN	-
tecrübesizce	ADV	-
tecrübi	ADJ	-
tecrübi	NOUN	-
tecvit	NOUN	VOICING
tecviz	NOUN	-
tecziye	NOUN	-
tedafüi	ADJ	-
tedahül	NOUN	-
tedai	NOUN	-
tedarik	NOUN	-
tedarikle	VERB	-
tedarikleme	NOUN	-
tedarikçi	NOUN	-
tedavi	NOUN	-
tedavül	NOUN	-
tedbir	NOUN	-
tedbiren	ADV	-
tedbirsizce	ADV	-
tedenni	NOUN	-
tedfin	NOUN	-
tedhiş	NOUN	-
tedhişçi	NOUN	-
tedip	NOUN	VOICING
tedirgin	ADJ	-
tedirginleş	VERB	-
tediye	NOUN	-
tedricen	ADV	-
tedricen	NOUN	-
tedricî	ADJ	-
tedris	NOUN	-
tedrisat	NOUN	-
tedriç	NOUN	VOICING
tedvin	NOUN	-
tedvir	NOUN	-
tedviren	ADV	-
teeddüp	NOUN	VOICING
teehhül	NOUN	-
teehhür	NOUN	-
teemmül	NOUN	-
teenage	NOUN	-
teenager	ADJ	-
teenni	NOUN	-
teessüf	NOUN	-
teessür	NOUN	-
teessürat	NOUN	-
teessüs	NOUN	-
teeyyüt	NOUN	VOICING
tef	NOUN	-
tefahhus	NOUN	-
tefahür	NOUN	-
tefarik	NOUN	-
tefavüt	NOUN	-
tefcir	NOUN	-
tefe	NOUN	-
tefehhüm	NOUN	-
tefekkür	NOUN	-
teferruat	NOUN	-
teferrüt	NOUN	VOICING
teferrüç	NOUN	VOICING
tefessüh	NOUN	-
tefevvuk	NOUN	-
tefeyyüz	NOUN	-
tefeül	NOUN	-
tefhim	NOUN	-
tefrik	NOUN	-
tefrika	ADJ	-
tefrika	NOUN	-
tefrit	NOUN	-
tefriş	NOUN	-
tefrişat	NOUN	-
tefsir	NOUN	-
teftih	NOUN	-
teftiş	NOUN	-
tefviz	NOUN	-
tegafül	NOUN	-
teganni	NOUN	-
tehacüm	NOUN	-
tehalüf	NOUN	-
tehcir	NOUN	-
tehdit	NOUN	VOICING
tehditkâr	ADJ	-
tehevvür	NOUN	-
teheyyüç	NOUN	VOICING
tehi	ADJ	-
tehir	NOUN	-
tehiriicra	NOUN	-
tehlike	NOUN	-
tehyiç	NOUN	VOICING
tehzil	NOUN	-
tein	NOUN	-
teist	ADJ	-
teizm	NOUN	-
tek	ADJ	-
tek	ADV	-
tek	NOUN	-
tekabül	NOUN	-
tekaüdiye	NOUN	-
tekaüt	NOUN	VOICING
tekbir	NOUN	-
tekdir	NOUN	-
tekdüze	ADJ	-
tekdüze	ADV	-
tekdüzeleş	VERB	-
tekdüzeleştir	VERB	-
teke	NOUN	-
tekebbür	NOUN	-
tekeffül	NOUN	-
tekel	NOUN	-
tekelleş	VERB	-
tekelleştir	VERB	-
tekellüf	NOUN	-
tekellüm	NOUN	-
tekemmül	NOUN	-
teker	ADJ	-
teker	NOUN	-
tekercik	NOUN	VOICING
tekerle	VERB	-
tekerlek	ADJ	VOICING
tekerlek	NOUN	VOICING
tekerlekçi	NOUN	-
tekerleme	NOUN	-
tekerlen	VERB	-
tekerrür	NOUN	-
tekese	VERB	-
tekeseme	NOUN	-
tekessür	NOUN	-
tekevvün	NOUN	-
tekfin	NOUN	-
tekfir	NOUN	-
tekfur	NOUN	-
tekgövde	ADJ	-
tekiden	ADV	-
tekil	NOUN	-
tekila	NOUN	-
tekin	ADJ	-
tekin	NOUN	-
tekir	ADJ	-
tekir	NOUN	-
tekit	NOUN	VOICING
tekke	NOUN	-
tekle	VERB	-
tekleme	NOUN	-
tekleş	VERB	-
teklif	NOUN	-
teklifsizce	ADV	-
tekme	NOUN	-
tekmele	VERB	-
tekmeleme	NOUN	-
tekmelen	VERB	-
tekmelet	VERB	-
tekmeletme	NOUN	-
tekmil	ADJ	-
tekmil	ADV	-
tekmil	NOUN	-
tekmille	VERB	-
tekmilleme	NOUN	-
tekne	NOUN	-
teknetyum	NOUN	-
teknik	ADJ	VOICING
teknik	NOUN	VOICING
tekniker	NOUN	-
teknikçi	NOUN	-
teknisyen	NOUN	-
teknokent	NOUN	-
teknokrasi	NOUN	-
teknokrat	ADJ	-
teknokrat	NOUN	-
teknolog	NOUN	-
teknoloji	NOUN	-
teknolojik	ADJ	-
teknopark	NOUN	-
tekrar	ADV	-
tekrar	NOUN	-
tekrardan	ADV	-
tekraren	ADV	-
tekrarla	VERB	-
tekrarlama	NOUN	-
tekrarlan	VERB	-
tekrarlanabil	VERB	-
tekrarlanabilme	NOUN	-
tekrarlanış	NOUN	-
tekrarlat	VERB	-
tekrarlatabil	VERB	-
tekrarlatabilme	NOUN	-
tekrarlatma	NOUN	-
tekrarlayabil	VERB	-
tekrarlayabilme	NOUN	-
tekrarlayış	NOUN	-
tekrir	NOUN	-
teksif	NOUN	-
teksir	NOUN	-
tekst	NOUN	-
tekstil	NOUN	-
tektaş	ADJ	-
tektonik	NOUN	VOICING
tekvando	NOUN	-
tekvin	NOUN	-
tekzip	NOUN	VOICING
tekâlif	NOUN	-
tekâmül	NOUN	-
tekâpu	NOUN	-
tekâsüf	NOUN	-
tekâsül	NOUN	-
tekçi	ADJ	-
tel	ADJ	-
tel	NOUN	-
tela	NOUN	-
telaffuz	NOUN	-
telafi	NOUN	-
telaki	NOUN	-
telakki	NOUN	-
telala	VERB	-
telalama	NOUN	-
telaro	NOUN	-
telatin	NOUN	-
telaş	NOUN	-
telaşe	NOUN	-
telaşlan	VERB	-
telaşlandır	VERB	-
telaşlanış	NOUN	-
telcik	NOUN	VOICING
telef	NOUN	-
telefat	NOUN	-
teleferik	NOUN	VOICING
telefon	NOUN	-
telefonlaş	VERB	-
telefonometre	NOUN	-
telefotografi	NOUN	-
telejenik	ADJ	-
telek	NOUN	VOICING
telekart	NOUN	-
teleke	NOUN	-
telekinezi	NOUN	-
telekomünikasyon	NOUN	-
telekonferans	NOUN	-
teleks	NOUN	-
teleksçi	NOUN	-
telekız	NOUN	-
telem	NOUN	-
teleme	NOUN	-
telemetre	NOUN	-
telemetri	NOUN	-
teleobjektif	NOUN	-
teleoloji	NOUN	-
teleolojik	ADJ	-
telepati	NOUN	-
telepatik	ADJ	-
teleradar	NOUN	-
teles	ADJ	-
telesekreter	NOUN	-
telesi	VERB	-
telesime	NOUN	-
telesinema	NOUN	-
telesiyej	NOUN	-
teleskobik	ADJ	-
teleskobik	NOUN	-
teleskop	NOUN	VOICING
teletıp	NOUN	VOICING
televizyon	NOUN	-
telfin	NOUN	-
telgraf	NOUN	-
telgrafhane	NOUN	-
telgrafname	NOUN	-
telgrafçı	NOUN	-
telhis	NOUN	-
telhisçi	NOUN	-
telif	ADJ	-
telif	NOUN	-
telin	NOUN	-
telis	NOUN	-
telkih	NOUN	-
telkin	NOUN	-
telkâri	ADJ	-
telkâri	NOUN	-
tellak	NOUN	VOICING
tellal	NOUN	-
tellaliye	NOUN	-
telle	VERB	-
telleme	NOUN	-
tellen	VERB	-
tellendir	VERB	-
tellendirebil	VERB	-
tellendirebilme	NOUN	-
tellet	VERB	-
telletme	NOUN	-
tellice	NOUN	-
tellür	NOUN	-
telmih	NOUN	-
telmihen	ADV	-
telsel	ADJ	-
telsi	ADJ	-
teltik	NOUN	VOICING
telve	NOUN	-
telvis	NOUN	-
telyazı	NOUN	-
telyazısı	NOUN	-
tem	NOUN	-
tema	NOUN	-
temadi	NOUN	-
temaruz	NOUN	-
temas	NOUN	-
tematik	ADJ	-
temayül	NOUN	-
temayüz	NOUN	-
temaşa	NOUN	-
tembel	ADJ	-
tembel	NOUN	-
tembelce	ADV	-
tembelcesine	ADV	-
tembelhane	NOUN	-
tembelleş	VERB	-
tembelleştir	VERB	-
tembih	NOUN	-
tembihat	NOUN	-
tembihle	VERB	-
tembihleme	NOUN	-
tembihlen	VERB	-
tembul	NOUN	VOWEL_DROP
temcit	NOUN	VOICING
temdit	NOUN	VOICING
temeddüh	NOUN	-
temeddün	NOUN	-
temel	ADJ	-
temel	NOUN	-
temellen	VERB	-
temellendir	VERB	-
temellendirebil	VERB	-
temellendirebilme	NOUN	-
temellendiril	VERB	-
temellendirilme	NOUN	-
temelleş	VERB	-
temelleştir	VERB	-
temenna	NOUN	-
temenni	NOUN	-
temerküz	NOUN	-
temerrüt	NOUN	VOICING
temessül	NOUN	-
temettü	NOUN	-
temevvüç	NOUN	VOICING
temeyyüz	NOUN	-
temhir	NOUN	-
temin	NOUN	-
teminat	NOUN	-
temiz	ADJ	-
temiz	ADV	-
temiz	NOUN	-
temizce	ADV	-
temizle	VERB	-
temizleme	NOUN	-
temizlen	VERB	-
temizlenebil	VERB	-
temizlenebilme	NOUN	-
temizleniş	NOUN	-
temizlet	VERB	-
temizletebil	VERB	-
temizletebilme	NOUN	-
temizletme	NOUN	-
temizlettir	VERB	-
temizlettirme	NOUN	-
temizleyebil	VERB	-
temizleyebilme	NOUN	-
temizleyiş	NOUN	-
temizlikçi	NOUN	-
temkin	NOUN	-
temkinlice	ADV	-
temlikname	NOUN	-
temmuz	NOUN	-
temperle	VERB	-
temperleme	NOUN	-
temperlen	VERB	-
tempo	NOUN	-
temren	NOUN	-
temrin	NOUN	-
temriye	NOUN	-
temsil	CONJ	-
temsil	NOUN	-
temsilî	ADJ	-
temyiz	NOUN	-
ten	NOUN	-
tenafür	NOUN	-
tenakus	NOUN	-
tenakuz	NOUN	-
tenasüh	NOUN	-
tenasül	NOUN	-
tenasüp	NOUN	VOICING
tenazur	NOUN	-
tencere	NOUN	-
tender	NOUN	-
tendon	NOUN	-
tendürüst	ADJ	-
teneffüs	NOUN	-
teneffüshane	NOUN	-
teneke	ADJ	-
teneke	NOUN	-
tenekele	VERB	-
tenekeleme	NOUN	-
tenevvü	NOUN	-
tenevvür	NOUN	-
tenezzüh	NOUN	-
tenezzül	NOUN	-
teneşir	NOUN	-
tenfiz	NOUN	-
tenge	NOUN	-
tenha	ADJ	-
tenha	NOUN	-
tenhaca	ADJ	-
tenhalaş	VERB	-
tenis	NOUN	-
tenisçi	NOUN	-
tenkidî	ADJ	-
tenkil	NOUN	-
tenkis	NOUN	-
tenkisat	NOUN	-
tenkit	NOUN	VOICING
tenkitçi	NOUN	-
tenkiye	NOUN	-
tennure	NOUN	-
tenor	NOUN	-
tensel	ADJ	-
tensel	NOUN	-
tensik	NOUN	-
tensikat	NOUN	-
tensil	NOUN	-
tensip	NOUN	VOICING
tente	NOUN	-
tentene	NOUN	-
tentür	NOUN	-
tentürdiyot	NOUN	VOICING
tenvir	NOUN	-
tenvirat	NOUN	-
tenya	NOUN	-
tenzih	NOUN	-
tenzihen	ADV	-
tenzihî	ADJ	-
tenzil	NOUN	-
tenzilat	NOUN	-
tenzilirütbe	NOUN	-
teogoni	NOUN	-
teokrasi	NOUN	-
teokrat	NOUN	-
teokratik	ADJ	-
teolog	NOUN	-
teoloji	NOUN	-
teolojik	ADJ	-
teorem	NOUN	-
teori	NOUN	-
teorik	ADJ	-
teorisyen	ADJ	-
tep	VERB	-
tepe	NOUN	-
tepebaşı	NOUN	-
tepebil	VERB	-
tepebilme	NOUN	-
tepecik	NOUN	VOICING
tepegöz	ADJ	-
tepegöz	NOUN	-
tepegözler	NOUN	-
tepele	VERB	-
tepeleme	ADV	-
tepeleme	NOUN	-
tepelemesine	ADV	-
tepelen	VERB	-
tepelet	VERB	-
tepeletme	NOUN	-
tepetakla	ADV	-
tepetaklak	ADV	-
tepeüstü	ADV	-
tephir	NOUN	-
tephirhane	NOUN	-
tepi	NOUN	-
tepik	NOUN	VOICING
tepikle	VERB	-
tepikleme	NOUN	-
tepil	VERB	-
tepilme	NOUN	-
tepin	VERB	-
tepindir	VERB	-
tepindirme	NOUN	-
tepiniş	NOUN	-
tepinme	NOUN	-
tepir	NOUN	-
tepirle	VERB	-
tepirleme	NOUN	-
tepiş	NOUN	-
tepiş	VERB	-
tepişme	NOUN	-
tepke	NOUN	-
tepki	NOUN	-
tepki	VERB	-
tepkime	NOUN	-
tepkin	ADJ	-
tepkisel	ADJ	-
tepme	ADJ	-
tepme	NOUN	-
tepser	VERB	-
tepserme	NOUN	-
tepsi	ADJ	-
tepsi	NOUN	-
ter	NOUN	-
terabayt	NOUN	-
terakki	NOUN	-
terakkiperver	ADJ	-
teraküm	NOUN	-
terane	NOUN	-
terapi	NOUN	-
terapist	NOUN	-
teraryum	NOUN	-
teras	NOUN	-
terasla	VERB	-
teraslama	NOUN	-
teraslan	VERB	-
teravi	NOUN	-
teravih	NOUN	-
terazi	NOUN	-
terazile	VERB	-
terazileme	NOUN	-
terazilen	VERB	-
terbi	NOUN	-
terbiye	NOUN	-
terbiyece	ADV	-
terbiyele	VERB	-
terbiyeleme	NOUN	-
terbiyelen	VERB	-
terbiyesizce	ADJ	-
terbiyesizce	ADV	-
terbiyesizcesine	ADV	-
terbiyesizleş	VERB	-
terbiyevi	ADJ	-
terbiyum	NOUN	-
tercih	NOUN	-
tercihane	NOUN	-
tercihen	ADV	-
terciibent	NOUN	VOICING
tercüman	NOUN	-
tercüme	NOUN	-
tercümeihâl	NOUN	-
terdit	NOUN	VOICING
tere	NOUN	-
terebentin	NOUN	-
tereddi	NOUN	-
tereddüt	NOUN	VOICING
terek	NOUN	VOICING
tereke	NOUN	-
terekküp	NOUN	VOICING
terementi	NOUN	-
terennüm	NOUN	-
teres	NOUN	-
teressüp	NOUN	VOICING
terettüp	NOUN	VOICING
tereyağı	NOUN	-
terfi	NOUN	-
terfien	ADV	-
terfih	NOUN	-
terfik	NOUN	-
tergal	ADJ	-
tergal	NOUN	-
terhin	NOUN	-
terhis	NOUN	-
terilen	ADJ	-
terilen	NOUN	-
terim	NOUN	-
terimleştir	VERB	-
terk	NOUN	-
terki	NOUN	-
terkibibent	NOUN	VOICING
terkibî	ADJ	-
terkin	NOUN	-
terkip	NOUN	VOICING
terkiphane	NOUN	-
terle	VERB	-
terleme	NOUN	-
terlet	VERB	-
terletiş	NOUN	-
terletme	NOUN	-
terleyiş	NOUN	-
terliksi	ADJ	-
terlikçi	NOUN	-
termal	NOUN	-
terme	NOUN	-
termik	ADJ	VOICING
termik	NOUN	VOICING
termikleştir	VERB	-
termin	NOUN	-
terminal	NOUN	-
terminoloji	NOUN	-
terminolojik	ADJ	-
termit	NOUN	-
termitler	NOUN	-
termiye	NOUN	-
termodinamik	NOUN	VOICING
termoelektrik	NOUN	VOICING
termofor	NOUN	-
termograf	NOUN	-
termokimya	NOUN	-
termometre	NOUN	-
termonükleer	ADJ	-
termoplast	NOUN	-
termos	NOUN	-
termosfer	NOUN	-
termosifon	NOUN	-
termostat	NOUN	-
termoterapi	NOUN	-
ters	ADJ	-
ters	NOUN	-
tersane	NOUN	-
tersbeşik	NOUN	VOICING
tersim	NOUN	-
tersin	VERB	-
tersine	ADV	-
tersinir	ADJ	-
tersinme	NOUN	-
tersiyer	ADJ	-
tersle	VERB	-
tersleme	NOUN	-
terslen	VERB	-
tersleniş	NOUN	-
tersleyiş	NOUN	-
tersleş	VERB	-
tertemiz	ADJ	-
tertemiz	NOUN	-
tertibat	NOUN	-
tertip	NOUN	VOICING
tertiple	VERB	-
tertipleme	NOUN	-
tertiplen	VERB	-
tertipleniş	NOUN	-
tertiplet	VERB	-
tertipletme	NOUN	-
tertipleyebil	VERB	-
tertipleyebilme	NOUN	-
tertipçi	NOUN	-
terviç	NOUN	VOICING
terzi	NOUN	-
terzihane	NOUN	-
terzil	NOUN	-
terör	NOUN	-
terörist	NOUN	-
terörizm	NOUN	-
terütaze	ADJ	-
terütaze	ADV	-
tesadüf	NOUN	-
tesadüfen	ADV	-
tesadüfi	ADJ	-
tesahup	NOUN	VOICING
tesalüp	NOUN	VOICING
tesanüt	NOUN	VOICING
tescil	NOUN	-
tesdis	NOUN	-
tesellüm	NOUN	-
teselsül	NOUN	-
tesettür	NOUN	-
teseyyüp	NOUN	VOICING
teshil	NOUN	-
teshin	NOUN	-
teshir	NOUN	-
tesir	NOUN	-
tesis	NOUN	-
tesisat	NOUN	-
tesisatçı	NOUN	-
tesit	NOUN	VOICING
teskere	NOUN	-
teskin	NOUN	-
teslim	INTERJ	-
teslim	NOUN	-
teslimat	NOUN	-
teslimatçı	NOUN	-
teslimiyet	NOUN	-
teslimiyetçi	ADJ	-
teslis	NOUN	-
tesmiye	NOUN	-
tespih	NOUN	-
tespihçi	NOUN	-
tespit	NOUN	-
tesri	NOUN	-
test	NOUN	-
testere	NOUN	-
testerele	VERB	-
testereleme	NOUN	-
testi	ADJ	-
testi	NOUN	-
testis	NOUN	-
testle	VERB	-
testleme	NOUN	-
testlen	VERB	-
testosteron	NOUN	-
tesvit	NOUN	VOICING
tesviye	NOUN	-
tesviyeruhu	NOUN	-
tetabuk	NOUN	-
tetanos	NOUN	-
tetbeş	NOUN	-
tetebbu	NOUN	-
tetik	ADJ	-
tetik	NOUN	VOICING
tetikle	VERB	-
tetikleme	NOUN	-
tetikleyebil	VERB	-
tetikleyebilme	NOUN	-
tetikleş	VERB	-
tetikçi	NOUN	-
tetir	NOUN	-
tetkik	NOUN	-
tetkikat	NOUN	-
tevabi	NOUN	-
tevafuk	NOUN	-
tevahhuş	NOUN	-
tevakki	NOUN	-
tevakkuf	NOUN	-
tevarüs	NOUN	-
tevatür	NOUN	-
tevazu	NOUN	-
tevazün	NOUN	-
tevbih	NOUN	-
tevcih	NOUN	-
tevdi	NOUN	-
tevdiat	NOUN	-
teveccüh	NOUN	-
teveccühünüz	NOUN	-
tevehhüm	NOUN	-
tevek	NOUN	VOICING
tevekkel	ADJ	-
tevekkül	NOUN	-
tevekle	VERB	-
tevekleme	NOUN	-
tevellüt	NOUN	VOICING
teverrüm	NOUN	-
tevessü	NOUN	-
tevessül	NOUN	-
tevettür	NOUN	-
tevfik	NOUN	-
tevfikan	ADV	-
tevhit	NOUN	VOICING
tevil	NOUN	-
tevki	NOUN	-
tevkif	NOUN	-
tevkifat	NOUN	-
tevkifhane	NOUN	-
tevkil	NOUN	-
tevlit	NOUN	VOICING
tevliyet	NOUN	-
tevriye	NOUN	-
tevsi	NOUN	-
tevsik	NOUN	-
tevzi	NOUN	-
tevziat	NOUN	-
tevşih	NOUN	-
teyakkuz	NOUN	-
teyel	NOUN	-
teyelle	VERB	-
teyelleme	NOUN	-
teyellen	VERB	-
teyemmüm	NOUN	-
teyit	NOUN	VOICING
teyp	NOUN	VOICING
teyze	INTERJ	-
teyze	NOUN	-
teyzezade	NOUN	-
tez	ADJ	-
tez	ADV	-
tez	NOUN	-
tezahür	NOUN	-
tezahürat	NOUN	-
tezat	NOUN	VOICING
tezayüt	NOUN	VOICING
tezce	ADV	-
tezek	NOUN	VOICING
tezekkür	NOUN	-
tezelden	ADV	-
tezellül	NOUN	-
tezelzül	NOUN	-
tezene	NOUN	-
tezevvüç	NOUN	VOICING
tezgâh	NOUN	-
tezgâhla	VERB	-
tezgâhlama	NOUN	-
tezgâhlan	VERB	-
tezgâhlayabil	VERB	-
tezgâhlayabilme	NOUN	-
tezgâhtar	NOUN	-
tezgâhçı	NOUN	-
tezhip	NOUN	VOICING
tezhipçi	NOUN	-
tezkere	NOUN	-
tezkire	NOUN	-
tezkiye	NOUN	-
tezle	VERB	-
tezleme	NOUN	-
tezleş	VERB	-
tezleştir	VERB	-
tezvir	NOUN	-
tezvirat	NOUN	-
tezyif	NOUN	-
tezyifkâr	NOUN	-
tezyin	NOUN	-
tezyinat	NOUN	-
tezyinî	ADJ	-
tezyit	NOUN	VOICING
teç	NOUN	-
teçhil	NOUN	-
teçhiz	NOUN	-
teçhizat	NOUN	-
teğelti	NOUN	-
teğet	NOUN	-
teğmen	NOUN	-
teşbih	NOUN	-
teşdit	NOUN	VOICING
teşebbüs	NOUN	-
teşehhüt	NOUN	VOICING
teşekkül	NOUN	-
teşekkür	NOUN	-
teşekkürname	NOUN	-
teşerrüf	NOUN	-
teşevvüş	NOUN	-
teşhir	NOUN	-
teşhis	NOUN	-
teşkil	NOUN	-
teşkilat	NOUN	-
teşkilatlan	VERB	-
teşkilatlanabil	VERB	-
teşkilatlanabilme	NOUN	-
teşkilatlandır	VERB	-
teşkilatlandırıl	VERB	-
teşkilatlandırılma	NOUN	-
teşkilatlanış	NOUN	-
teşkilatçı	NOUN	-
teşmil	NOUN	-
teşne	ADJ	-
teşne	NOUN	-
teşri	NOUN	-
teşrif	NOUN	-
teşrifat	NOUN	-
teşrifatçı	NOUN	-
teşrih	NOUN	-
teşrihhane	NOUN	-
teşrii	ADJ	-
teşrik	NOUN	-
teşrikimesai	NOUN	-
teşrin	NOUN	-
teşrinievvel	NOUN	-
teşrinisani	NOUN	-
teşt	NOUN	-
teşvik	NOUN	-
teşvikkâr	ADJ	-
teşvikkâr	NOUN	-
teşvikçi	ADJ	-
teşvikçi	NOUN	-
teşviş	NOUN	-
teşyi	NOUN	-
ti	NOUN	-
ticani	ADJ	-
ticaret	NOUN	-
ticaretgâh	NOUN	-
ticarethane	NOUN	-
ticari	ADJ	-
ticarileş	VERB	-
tifdruk	NOUN	VOICING
tifo	NOUN	-
tiftik	ADJ	VOICING
tiftik	NOUN	VOICING
tiftiklen	VERB	-
tifüs	NOUN	-
tik	NOUN	-
tike	NOUN	-
tikel	ADJ	-
tikel	NOUN	-
tiksin	VERB	-
tiksindir	VERB	-
tiksindirme	NOUN	-
tiksinil	VERB	-
tiksinilme	NOUN	-
tiksiniş	NOUN	-
tiksinme	NOUN	-
tiksinti	NOUN	-
tiksinç	ADJ	-
tilavet	NOUN	-
tilki	ADJ	-
tilki	NOUN	-
tilkikuyruğu	NOUN	-
tilkileş	VERB	-
tilkimsi	ADJ	-
tilmiz	NOUN	-
tim	NOUN	-
timbal	NOUN	-
timing	NOUN	-
timsah	ADJ	-
timsah	NOUN	-
timsahlar	NOUN	-
timsal	NOUN	-
timüs	NOUN	-
tin	NOUN	-
tiner	NOUN	-
tinsel	ADJ	-
tip	ADJ	-
tip	NOUN	-
tipi	NOUN	-
tipik	ADJ	-
tipik	NOUN	-
tipile	VERB	-
tipileme	NOUN	-
tiple	VERB	-
tipleme	NOUN	-
tipleş	VERB	-
tipleştir	VERB	-
tipo	NOUN	-
tipografi	NOUN	-
tipografik	ADJ	-
tipografya	NOUN	-
tipoloji	NOUN	-
tipolojik	ADJ	-
tiraj	NOUN	-
tiramola	NOUN	-
tiran	ADJ	-
tiran	NOUN	-
tirat	NOUN	VOICING
tirbuşon	NOUN	-
tire	ADJ	-
tire	NOUN	-
tirele	VERB	-
tireleme	NOUN	-
tirendaz	ADJ	-
tirendaz	NOUN	-
tirfil	NOUN	-
tirfillen	VERB	-
tirhandil	NOUN	-
tirhos	NOUN	-
tirilde	VERB	-
tirildeme	NOUN	-
tirink	ADJ	-
tirink	ADV	-
tirit	ADJ	VOICING
tirit	NOUN	VOICING
tiritlen	VERB	-
tiritleş	VERB	-
tiriz	NOUN	-
tirle	NOUN	-
tirlin	NOUN	-
tiroit	NOUN	VOICING
tirokalsitonin	NOUN	-
tiroksin	NOUN	-
tirpidin	NOUN	-
tirsi	NOUN	-
tiryak	NOUN	-
tiryaki	ADJ	-
tiryaki	NOUN	-
tirşe	ADJ	-
tirşe	NOUN	-
tirşeleş	VERB	-
titan	NOUN	-
titiz	ADJ	-
titiz	NOUN	-
titizce	ADV	-
titizlen	VERB	-
titizleş	VERB	-
titr	NOUN	-
titre	VERB	-
titrek	ADJ	-
titrekleş	VERB	-
titrem	NOUN	-
titreme	NOUN	-
titremle	VERB	-
titremleme	NOUN	-
titret	VERB	-
titretiş	NOUN	-
titretme	NOUN	-
titreyebil	VERB	-
titreyebilme	NOUN	-
titreyiver	VERB	-
titreyiverme	NOUN	-
titreyiş	NOUN	-
titreş	VERB	-
titreşim	NOUN	-
titreşme	NOUN	-
titreştir	VERB	-
titreştirme	NOUN	-
tiyatro	NOUN	-
tiyatrolaştır	VERB	-
tiyatrosever	ADJ	-
tiz	ADJ	-
tizleş	VERB	-
tişört	NOUN	-
to	VERB	VOICING
tofu	NOUN	-
toht	NOUN	-
tohum	NOUN	-
tohumla	VERB	-
tohumlama	NOUN	-
tohumlan	VERB	-
tok	ADJ	-
tok	NOUN	-
toka	NOUN	-
tokalaş	VERB	-
tokalaşabil	VERB	-
tokalaşabilme	NOUN	-
tokat	NOUN	VOICING
tokatla	VERB	-
tokatlama	NOUN	-
tokatlan	VERB	-
tokatlat	VERB	-
tokatlatma	NOUN	-
tokatlayabil	VERB	-
tokatlayabilme	NOUN	-
tokatçı	NOUN	-
tokaç	NOUN	VOICING
tokaçla	VERB	-
tokaçlama	NOUN	-
tokaçlan	VERB	-
tokmak	NOUN	VOICING
tokmakbaş	NOUN	-
tokmakla	VERB	-
tokmaklama	NOUN	-
tokmakçı	NOUN	-
toksik	ADJ	-
toksikolog	NOUN	-
toksikoloji	NOUN	-
toksikolojik	ADJ	-
toksikoman	NOUN	-
toksikomani	NOUN	-
toksin	NOUN	-
tokurcun	NOUN	-
tokurda	VERB	-
tokurdama	NOUN	-
tokurdat	VERB	-
tokurdatma	NOUN	-
tokurtu	NOUN	-
tokuz	ADJ	-
tokuş	VERB	-
tokuşma	NOUN	-
tokuştur	VERB	-
tokuşturabil	VERB	-
tokuşturabilme	NOUN	-
tokuşturma	NOUN	-
tokyo	NOUN	-
tol	NOUN	-
tolerans	NOUN	-
tolere	ADJ	-
tolga	NOUN	-
tolkşov	NOUN	-
tolüen	NOUN	-
tomahavk	NOUN	-
tomar	NOUN	-
tomarla	ADJ	-
tomarla	ADV	-
tomarla	VERB	-
tomarlama	NOUN	-
tomarlan	VERB	-
tomarlat	VERB	-
tomarlatma	NOUN	-
tombak	ADJ	VOICING
tombak	NOUN	VOICING
tombala	NOUN	-
tombalak	ADJ	-
tombaz	NOUN	-
tombik	NOUN	VOICING
tombilya	NOUN	-
tombul	ADJ	-
tombul	NOUN	-
tombulca	ADJ	-
tombullaş	VERB	-
tomografi	NOUN	-
tomruk	NOUN	VOICING
tomrukla	VERB	-
tomruklama	NOUN	-
tomruklan	VERB	-
tomur	VERB	-
tomurcuk	NOUN	VOICING
tomurcuklan	VERB	-
tomurma	NOUN	-
ton	NOUN	-
tonaj	NOUN	-
tonalite	NOUN	-
toner	NOUN	-
tonga	NOUN	-
tonik	NOUN	VOICING
tonilato	NOUN	-
tonla	ADJ	-
tonlarca	ADJ	-
tonlulaş	VERB	-
tonmayster	NOUN	-
tonoz	NOUN	-
tonsuzlaş	VERB	-
tonsürton	NOUN	-
tonton	ADJ	-
top	ADJ	-
top	ADV	-
top	NOUN	-
topak	NOUN	VOICING
topakla	VERB	-
topaklama	NOUN	-
topaklan	VERB	-
topaklaş	VERB	-
topaklaştır	VERB	-
topal	ADJ	-
topal	NOUN	-
topalak	NOUN	VOICING
topalla	VERB	-
topallama	NOUN	-
topallayış	NOUN	-
topaltı	NOUN	-
toparla	VERB	-
toparlacık	ADJ	-
toparlacık	NOUN	-
toparlak	ADJ	VOICING
toparlak	NOUN	VOICING
toparlakça	ADJ	-
toparlama	NOUN	-
toparlan	VERB	-
toparlanabil	VERB	-
toparlanabilme	NOUN	-
toparlanış	NOUN	-
toparlayabil	VERB	-
toparlayabilme	NOUN	-
toparlayış	NOUN	-
toparlağımsı	ADJ	-
topatan	NOUN	-
topaz	NOUN	-
topaç	NOUN	VOICING
topaççı	NOUN	-
topbaş	NOUN	-
tophane	NOUN	-
topik	NOUN	VOICING
topkadife	NOUN	-
topla	NOUN	-
topla	VERB	-
topla!	NOUN	-
toplam	NOUN	-
toplama	ADJ	-
toplama	NOUN	-
toplan	VERB	-
toplanabil	VERB	-
toplanabilme	NOUN	-
toplanan	NOUN	-
toplantı	NOUN	-
toplanık	ADJ	-
toplanıl	VERB	-
toplanılma	NOUN	-
toplanıver	VERB	-
toplanıverme	NOUN	-
toplanış	NOUN	-
toplardamar	NOUN	-
toplat	VERB	-
toplatabil	VERB	-
toplatabilme	NOUN	-
toplatma	NOUN	-
toplatıl	VERB	-
toplatılabil	VERB	-
toplatılabilme	NOUN	-
toplatılma	NOUN	-
toplayabil	VERB	-
toplayabilme	NOUN	-
toplayıver	VERB	-
toplayıverme	NOUN	-
toplayış	NOUN	-
toplaç	NOUN	VOICING
toplaş	VERB	-
toplaştır	VERB	-
toplaşık	ADJ	-
topless	ADJ	-
topluca	ADJ	-
topluca	ADV	-
toplum	NOUN	-
toplumdaş	NOUN	-
toplumlaş	VERB	-
toplumlaştır	VERB	-
toplumsal	ADJ	-
toplumsallaş	VERB	-
toplumsallaşabil	VERB	-
toplumsallaşabilme	NOUN	-
toplumsallaştır	VERB	-
topoloji	NOUN	-
topolojik	ADJ	-
toponimi	NOUN	-
topoğraf	NOUN	-
topoğrafik	ADJ	-
topoğrafya	NOUN	-
toprak	ADJ	VOICING
toprak	NOUN	VOICING
toprakbastı	NOUN	-
toprakla	VERB	-
topraklama	NOUN	-
topraklandır	VERB	-
topraklat	VERB	-
topraklatma	NOUN	-
topraklaş	VERB	-
topraksı	ADJ	-
toprakçı	NOUN	-
toprakçıl	NOUN	-
toprağım	NOUN	-
toptan	ADJ	-
toptan	ADV	-
toptan	NOUN	-
topu	PRON	-
topuk	NOUN	VOICING
topukdöven	NOUN	-
topukla	VERB	-
topukla!	NOUN	-
topuklama	NOUN	-
topur	NOUN	-
toput	NOUN	-
topuz	NOUN	-
topyekûn	ADV	-
topçeker	ADJ	-
topçeker	NOUN	-
topçu	NOUN	-
tor	ADJ	-
tor	NOUN	-
torak	NOUN	VOICING
torakçı	NOUN	-
toraman	ADJ	-
torba	NOUN	-
torbacık	NOUN	VOICING
torbala	VERB	-
torbalama	NOUN	-
torbalan	VERB	-
torbalanış	NOUN	-
toreador	NOUN	-
torero	NOUN	-
torik	NOUN	VOICING
tork	NOUN	-
torlak	ADJ	VOICING
torlak	NOUN	VOICING
torlukçu	NOUN	-
torna	NOUN	-
tornado	NOUN	-
tornala	VERB	-
tornalama	NOUN	-
tornalan	VERB	-
tornalat	VERB	-
tornalatma	NOUN	-
tornavida	NOUN	-
tornet	NOUN	-
tornistan	NOUN	-
torpido	NOUN	-
torpil	NOUN	-
torpille	VERB	-
torpilleme	NOUN	-
torpillen	VERB	-
tortop	ADJ	-
tortu	NOUN	-
tortul	ADJ	-
tortul	NOUN	-
tortulan	VERB	-
tortulaş	VERB	-
tortullaş	VERB	-
torum	NOUN	-
torun	NOUN	-
torunlar	NOUN	-
toryum	NOUN	-
tos	NOUN	-
tosbağa	NOUN	-
tosla	VERB	-
toslama	NOUN	-
toslayış	NOUN	-
toslaş	VERB	-
tost	NOUN	-
tostoparlak	ADJ	-
tostçu	NOUN	-
tosun	NOUN	-
tosuncuk	ADJ	VOICING
tosuncuk	NOUN	VOICING
total	ADJ	-
totalitarizm	NOUN	-
totaliter	ADJ	-
totem	NOUN	-
totemizm	NOUN	-
toto	NOUN	-
toy	ADJ	-
toy	NOUN	-
toyaka	NOUN	-
toyca	ADV	-
toydan	NOUN	-
toyga	NOUN	-
toygar	NOUN	-
toygiller	NOUN	-
toynak	NOUN	VOICING
toynaklılar	NOUN	-
toz	ADJ	-
toz	NOUN	-
toz	VERB	-
tozan	NOUN	-
tozar	VERB	-
tozarma	NOUN	-
tozkoparan	ADJ	-
tozlan	VERB	-
tozlaş	VERB	-
tozlaştır	VERB	-
tozma	NOUN	-
tozpembe	ADJ	-
tozpembe	NOUN	-
tozu	VERB	-
tozuma	NOUN	-
tozuntu	NOUN	-
tozut	VERB	-
tozutma	NOUN	-
tradisyon	NOUN	-
tradisyonel	ADJ	-
trafik	NOUN	VOICING
trafikçi	NOUN	-
trafo	NOUN	-
tragedya	NOUN	-
trahom	NOUN	-
trajedi	NOUN	-
trajik	ADJ	-
trajik	NOUN	-
trajikleş	VERB	-
trajikomedi	NOUN	-
trajikomik	ADJ	-
trake	NOUN	-
trakeit	NOUN	-
trakeliler	NOUN	-
trakit	NOUN	-
traksiyon	NOUN	-
traktör	NOUN	-
trakunya	NOUN	-
trampa	NOUN	-
trampet	NOUN	-
trampetçi	NOUN	-
tramplen	NOUN	-
tramvay	NOUN	-
trankilizan	NOUN	-
trans	NOUN	-
transandantal	NOUN	-
transandantalist	ADJ	-
transandantalizm	NOUN	-
transatlantik	ADJ	VOICING
transatlantik	NOUN	VOICING
transfer	NOUN	-
transformasyon	NOUN	-
transformatör	NOUN	-
transformist	ADJ	-
transformizm	NOUN	-
transfüzyon	NOUN	-
transistör	NOUN	-
transit	ADV	-
transit	NOUN	-
transkribe	ADJ	-
transkripsiyon	NOUN	-
transkript	NOUN	-
transliterasyon	NOUN	-
transmisyon	NOUN	-
transparan	ADJ	-
transplantasyon	NOUN	-
transport	NOUN	-
transporter	NOUN	-
transseksüel	ADJ	-
trança	NOUN	-
tranş	NOUN	-
trap	NOUN	-
trapez	NOUN	-
tras	NOUN	-
trata	NOUN	-
travers	NOUN	-
traverten	NOUN	-
travesti	NOUN	-
travma	NOUN	-
travmatik	ADJ	-
travmatik	NOUN	-
travmatoloji	NOUN	-
travmatolojik	ADJ	-
trekking	NOUN	-
tremolit	NOUN	-
tren	NOUN	-
trend	NOUN	-
trençkot	NOUN	-
tretuvar	NOUN	-
treyler	NOUN	-
triatlon	NOUN	-
triboloji	NOUN	-
tribün	NOUN	-
triftong	NOUN	-
trigonometri	NOUN	-
trigonometrik	ADJ	-
triko	ADJ	-
triko	NOUN	-
trikosefal	NOUN	-
trikotaj	NOUN	-
trileçe	NOUN	-
triloji	NOUN	-
trilyon	NOUN	-
trilyoner	NOUN	-
trinketa	NOUN	-
trio	ADJ	-
trip	NOUN	VOICING
tripleks	ADJ	-
triportör	NOUN	-
tripot	NOUN	VOICING
triptik	NOUN	VOICING
triton	NOUN	-
trityum	NOUN	-
triyas	NOUN	-
trişin	NOUN	-
trok	NOUN	-
trol	NOUN	-
troleybüs	NOUN	-
trolle	VERB	-
trolleme	NOUN	-
trombon	NOUN	-
trombosit	NOUN	-
tromboz	NOUN	-
tromp	NOUN	-
trompet	NOUN	-
trompetçi	NOUN	-
tropik	ADJ	-
tropika	NOUN	-
tropikal	ADJ	-
tropizm	NOUN	-
troplar	NOUN	-
troposfer	NOUN	-
trotinet	NOUN	-
troyka	ADJ	-
troyka	NOUN	-
trup	NOUN	-
truvakar	ADJ	-
truvakar	NOUN	-
tröst	NOUN	-
trük	NOUN	VOICING
tsunami	NOUN	-
tu	INTERJ	-
tuba	NOUN	-
tubeless	ADJ	-
tufa	NOUN	-
tufala	VERB	-
tufalama	NOUN	-
tufan	NOUN	-
tugay	NOUN	-
tugrik	NOUN	VOICING
tuh	INTERJ	-
tuhaf	ADJ	-
tuhaf	INTERJ	-
tuhaf	NOUN	-
tuhafiye	NOUN	-
tuhaflaş	VERB	-
tuhafçı	NOUN	-
tul	NOUN	VOWEL_DROP
tulani	ADV	-
tuluat	NOUN	-
tuluatçı	NOUN	-
tulum	ADJ	-
tulum	NOUN	-
tulumba	NOUN	-
tulumcuk	NOUN	VOICING
tulumlular	NOUN	-
tulumsular	NOUN	-
tulup	NOUN	VOICING
tulyum	NOUN	-
tuman	NOUN	-
tumağı	NOUN	-
tumba	NOUN	-
tumbadız	ADJ	-
tump	NOUN	-
tumturak	NOUN	VOICING
tumşuk	NOUN	VOICING
tun	NOUN	-
tundra	NOUN	-
tungsten	NOUN	-
tunik	NOUN	VOICING
tunç	ADJ	VOICING
tunç	NOUN	VOICING
tunçla	VERB	-
tunçlama	NOUN	-
tunçlaş	VERB	-
tunçlaştır	VERB	-
tur	NOUN	-
tura	NOUN	-
turala	VERB	-
turalama	NOUN	-
turaç	NOUN	VOICING
turba	NOUN	-
turbo	ADJ	-
turbo	NOUN	-
turfa	ADJ	-
turfa	NOUN	-
turfala	VERB	-
turfalama	NOUN	-
turfanda	ADJ	-
turfanda	NOUN	-
turgay	NOUN	-
turgor	NOUN	-
turist	NOUN	-
turistik	ADJ	-
turistik	NOUN	-
turizm	NOUN	-
turkuaz	ADJ	-
turkuaz	NOUN	-
turkuazımsı	ADJ	-
turla	VERB	-
turlama	NOUN	-
turlayabil	VERB	-
turlayabilme	NOUN	-
turna	NOUN	-
turnaayağı	NOUN	-
turnabacağı	NOUN	-
turnagagası	NOUN	-
turnageçidi	NOUN	-
turnagiller	NOUN	-
turnagözü	ADJ	-
turnagözü	NOUN	-
turne	NOUN	-
turnike	NOUN	-
turno	NOUN	-
turnusol	NOUN	-
turnuva	NOUN	-
turp	NOUN	-
turpgiller	NOUN	-
turta	NOUN	-
turunculaş	VERB	-
turuncumsu	ADJ	-
turuncumtırak	ADJ	-
turunç	NOUN	VOICING
turunçgiller	NOUN	-
turşu	ADJ	-
turşu	NOUN	-
turşulaş	VERB	-
tut	VERB	-
tuta	VERB	VOICING
tutabil	VERB	-
tutabilme	NOUN	-
tutacak	NOUN	VOICING
tutak	NOUN	VOICING
tutam	ADJ	-
tutam	NOUN	-
tutamaç	NOUN	VOICING
tutamla	VERB	-
tutamlama	NOUN	-
tutanak	NOUN	VOICING
tutanakçı	NOUN	-
tutar	NOUN	-
tutarak	NOUN	VOICING
tutarga	NOUN	-
tutarsızca	ADV	-
tutarsızlaş	VERB	-
tutarık	NOUN	VOICING
tutaç	NOUN	VOICING
tutkal	NOUN	-
tutkalla	VERB	-
tutkallama	NOUN	-
tutkallan	VERB	-
tutku	NOUN	-
tutkulaş	VERB	-
tutkun	ADJ	-
tutkun	NOUN	-
tutkusal	ADJ	-
tutma	NOUN	-
tutmaç	NOUN	VOICING
tutsak	ADJ	VOICING
tutsak	NOUN	VOICING
tutsat	NOUN	-
tuttur	VERB	-
tutturabil	VERB	-
tutturabildiğine	ADV	-
tutturabilme	NOUN	-
tutturaç	NOUN	VOICING
tutturgaç	NOUN	VOICING
tutturma	NOUN	-
tutturuk	ADJ	-
tutturuş	NOUN	-
tutu	NOUN	-
tutuculaş	VERB	-
tutuk	ADJ	-
tutuk	NOUN	-
tutukevi	NOUN	-
tutukla	VERB	-
tutuklama	NOUN	-
tutuklan	VERB	-
tutuklanış	NOUN	-
tutuklat	VERB	-
tutuklatabil	VERB	-
tutuklatabilme	NOUN	-
tutuklatma	NOUN	-
tutuklayabil	VERB	-
tutuklayabilme	NOUN	-
tutul	VERB	-
tutulabil	VERB	-
tutulabilme	NOUN	-
tutulga	NOUN	-
tutulma	NOUN	-
tutulmaz	ADJ	-
tutulmuş	ADJ	-
tutulmuş	NOUN	-
tutulum	NOUN	-
tutuluver	VERB	-
tutuluverme	NOUN	-
tutuluş	NOUN	-
tutum	NOUN	-
tutumsuzca	ADV	-
tutun	VERB	-
tutunabil	VERB	-
tutunabilme	NOUN	-
tutunma	NOUN	-
tutunuver	VERB	-
tutunuverme	NOUN	-
tutunuş	NOUN	-
tuturuk	ADJ	VOICING
tuturuk	NOUN	VOICING
tutuver	VERB	-
tutuverme	NOUN	-
tutuş	NOUN	-
tutuş	VERB	-
tutuşabil	VERB	-
tutuşabilme	NOUN	-
tutuşma	NOUN	-
tutuştur	VERB	-
tutuşturabil	VERB	-
tutuşturabilme	NOUN	-
tutuşturma	NOUN	-
tutuşturuver	VERB	-
tutuşturuverme	NOUN	-
tutuşuver	VERB	-
tutuşuverme	NOUN	-
tutya	NOUN	-
tutçek	NOUN	VOICING
tuval	NOUN	-
tuvalet	NOUN	-
tuvaletçi	ADJ	-
tuyuğ	NOUN	-
tuz	NOUN	-
tuzak	NOUN	VOICING
tuzakla	VERB	-
tuzaklama	NOUN	-
tuzaklan	VERB	-
tuzakçı	NOUN	-
tuzcul	ADJ	-
tuzla	NOUN	-
tuzla	VERB	-
tuzlak	ADJ	-
tuzlama	ADJ	-
tuzlama	NOUN	-
tuzlan	VERB	-
tuzlat	VERB	-
tuzlayış	NOUN	-
tuzlaş	VERB	-
tuzluca	ADJ	-
tuzluca	NOUN	-
tuzlumsu	ADJ	-
tuzsu	ADJ	-
tuzumsu	ADJ	-
tuğ	NOUN	-
tuğamiral	NOUN	-
tuğbay	NOUN	-
tuğgeneral	NOUN	-
tuğla	NOUN	-
tuğra	NOUN	-
tuğrakeş	NOUN	-
tuğrul	NOUN	-
tuğyan	NOUN	-
tuş	NOUN	-
tuşla	VERB	-
tuşlama	NOUN	-
tvist	NOUN	-
tvistçi	NOUN	-
tâbii	NOUN	-
tâbiin	NOUN	-
töhmet	NOUN	-
töhmetlendir	VERB	-
tökez	VERB	-
tökezle	VERB	-
tökezleme	NOUN	-
tökezlen	VERB	-
tökezlet	VERB	-
tökezletme	NOUN	-
tökezme	NOUN	-
tömbeki	NOUN	-
tör	NOUN	-
töre	NOUN	-
törel	ADJ	-
törel	NOUN	-
tören	NOUN	-
törensel	ADJ	-
töresel	ADJ	-
töretanımaz	ADJ	-
töretanımaz	NOUN	-
törpü	NOUN	-
törpüle	VERB	-
törpüleme	NOUN	-
törpülen	VERB	-
törpület	VERB	-
törpületme	NOUN	-
tös	INTERJ	-
töskür	VERB	-
töskürme	NOUN	-
töskürt	VERB	-
töskürtme	NOUN	-
töskürü	ADV	-
tövbe	NOUN	-
tövbekâr	ADJ	-
tövbekâr	NOUN	-
töz	NOUN	-
tözel	ADJ	-
tüberkülin	NOUN	-
tüberküloz	NOUN	-
tüccar	NOUN	-
tüccarlaş	VERB	-
tüf	NOUN	-
tüfek	NOUN	VOICING
tüfekhane	NOUN	-
tüfekçi	NOUN	-
tüh	INTERJ	-
tüh	NOUN	-
tüken	VERB	-
tükenik	ADJ	-
tükenik	ADV	-
tükeniş	NOUN	-
tükenme	NOUN	-
tükenmez	ADJ	-
tükenmez	NOUN	-
tüket	VERB	-
tüketebil	VERB	-
tüketebilme	NOUN	-
tüketil	VERB	-
tüketilme	NOUN	-
tüketim	NOUN	-
tüketiş	NOUN	-
tüketme	NOUN	-
tükettir	VERB	-
tükettirme	NOUN	-
tükür	VERB	-
tükürebil	VERB	-
tükürebilme	NOUN	-
tükürme	NOUN	-
tükürük	NOUN	VOICING
tükürükle	VERB	-
tükürükleme	NOUN	-
tükürüklen	VERB	-
tükürül	VERB	-
tükürülme	NOUN	-
tükürüş	NOUN	-
tül	ADJ	-
tül	NOUN	-
tülbent	NOUN	VOICING
tülbentçi	NOUN	-
tüle	VERB	-
tülek	ADJ	-
tüleme	NOUN	-
tüllen	VERB	-
tüm	NOUN	-
tümamiral	NOUN	-
tümbek	NOUN	VOICING
tümce	NOUN	-
tümden	ADV	-
tümdengelim	NOUN	-
tümdengelimsel	ADJ	-
tümel	ADJ	-
tümel	NOUN	-
tümeller	NOUN	-
tümen	ADJ	-
tümen	NOUN	-
tümevarım	NOUN	-
tümevarımsal	ADJ	-
tümey	NOUN	-
tümgeneral	NOUN	-
tümle	VERB	-
tümleme	NOUN	-
tümlen	VERB	-
tümleniş	NOUN	-
tümler	ADJ	-
tümlet	VERB	-
tümletme	NOUN	-
tümleyiş	NOUN	-
tümleç	NOUN	VOICING
tümleşik	ADJ	-
tümsek	NOUN	VOICING
tümsekleş	VERB	-
tümsel	VERB	-
tümselme	NOUN	-
tümör	NOUN	-
tümörlen	VERB	-
tümörleş	VERB	-
tümür	NOUN	-
tümüyle	ADV	-
tün	NOUN	-
tün	VERB	-
tünaydın	INTERJ	-
tüne	VERB	-
tünek	NOUN	VOICING
tünekle	VERB	-
tünekleme	NOUN	-
tünel	NOUN	-
tüneme	NOUN	-
tüneyiş	NOUN	-
tünme	NOUN	-
tüp	NOUN	-
tüple	VERB	-
tüpleme	NOUN	-
tüpçü	NOUN	-
tür	ADJ	-
tür	NOUN	-
türap	NOUN	VOICING
türban	NOUN	-
türbe	NOUN	-
türbedar	NOUN	-
türbin	NOUN	-
türbülans	NOUN	-
türdeş	NOUN	-
türdeşleş	VERB	-
türdeşleştir	VERB	-
türe	NOUN	-
türe	VERB	-
türedi	ADJ	-
türedi	NOUN	-
türel	ADJ	-
türem	NOUN	-
türeme	NOUN	-
türenti	NOUN	-
türet	VERB	-
türetebil	VERB	-
türetebilme	NOUN	-
türetil	VERB	-
türetilme	NOUN	-
türetiş	NOUN	-
türetme	NOUN	-
türev	NOUN	-
türeyiş	NOUN	-
türkkupası	NOUN	-
türkkıyması	NOUN	-
türkü	NOUN	-
türküle	VERB	-
türküleme	NOUN	-
türküleş	VERB	-
türküleştir	VERB	-
türküleştiril	VERB	-
türküleştirilme	NOUN	-
türüm	NOUN	-
tüt	VERB	-
tütme	NOUN	-
tütsü	NOUN	-
tütsüle	VERB	-
tütsüleme	NOUN	-
tütsülen	VERB	-
tütsület	VERB	-
tütsületme	NOUN	-
tüttür	VERB	-
tüttürebil	VERB	-
tüttürebilme	NOUN	-
tüttürme	NOUN	-
tüttürüş	NOUN	-
tütün	NOUN	-
tüvan	NOUN	-
tüvana	ADJ	-
tüveyç	NOUN	VOICING
tüvit	ADJ	VOICING
tüvit	NOUN	VOICING
tüy	NOUN	-
tüy	VERB	-
tüycük	NOUN	-
tüydür	VERB	-
tüydürme	NOUN	-
tüydürül	VERB	-
tüydürülme	NOUN	-
tüylen	VERB	-
tüylendir	VERB	-
tüyme	NOUN	-
tüyo	NOUN	-
tüysü	ADJ	-
tüytop	NOUN	-
tüze	NOUN	-
tüzel	ADJ	-
tüzel	NOUN	-
tüzük	NOUN	VOICING
tüzüksel	ADJ	-
tıbben	ADV	-
tıbbi	ADJ	-
tıbbileş	VERB	-
tıbbiye	NOUN	-
tıfıl	ADJ	-
tıfıl	NOUN	-
tıgala	NOUN	-
tık	NOUN	-
tık	VERB	-
tıka	VERB	-
tıkabil	VERB	-
tıkabilme	NOUN	-
tıkama	NOUN	-
tıkan	VERB	-
tıkanabil	VERB	-
tıkanabilme	NOUN	-
tıkanma	NOUN	-
tıkanık	ADJ	-
tıkanıver	VERB	-
tıkanıverme	NOUN	-
tıkanış	NOUN	-
tıkat	VERB	-
tıkatma	NOUN	-
tıkayabil	VERB	-
tıkayabilme	NOUN	-
tıkayıver	VERB	-
tıkayıverme	NOUN	-
tıkaç	NOUN	VOICING
tıkaçla	VERB	-
tıkaçlama	NOUN	-
tıkaçlan	VERB	-
tıkla	VERB	-
tıklama	NOUN	-
tıklan	VERB	-
tıklat	VERB	-
tıklatabil	VERB	-
tıklatabilme	NOUN	-
tıklatma	NOUN	-
tıklatıl	VERB	-
tıklatılma	NOUN	-
tıklatış	NOUN	-
tıklayabil	VERB	-
tıklayabilme	NOUN	-
tıklayış	NOUN	-
tıkma	NOUN	-
tıknaz	ADJ	-
tıknazca	ADJ	-
tıknazca	ADV	-
tıknefes	ADJ	-
tıksır	VERB	-
tıksırma	NOUN	-
tıksırık	NOUN	VOICING
tıkıl	VERB	-
tıkılma	NOUN	-
tıkılış	NOUN	-
tıkım	NOUN	-
tıkımlan	VERB	-
tıkın	VERB	-
tıkınma	NOUN	-
tıkınış	NOUN	-
tıkır	NOUN	-
tıkırda	VERB	-
tıkırdama	NOUN	-
tıkırdat	VERB	-
tıkırdatma	NOUN	-
tıkırtı	NOUN	-
tıkırında	ADJ	-
tıkıver	VERB	-
tıkıverme	NOUN	-
tıkız	ADJ	-
tıkız	NOUN	-
tıkızlaş	VERB	-
tıkış	VERB	-
tıkışma	NOUN	-
tıkıştır	VERB	-
tıkıştırabil	VERB	-
tıkıştırabilme	NOUN	-
tıkıştırma	NOUN	-
tıkıştırıl	VERB	-
tıkıştırılma	NOUN	-
tıkışık	ADJ	-
tılsım	NOUN	-
tımar	NOUN	-
tımarhane	NOUN	-
tımarla	VERB	-
tımarlama	NOUN	-
tımtıkız	ADJ	-
tın	NOUN	-
tın	VERB	-
tınaz	NOUN	-
tıngadak	ADV	-
tıngılda	VERB	-
tıngıldama	NOUN	-
tıngıldat	VERB	-
tıngıldatma	NOUN	-
tıngır	ADJ	-
tıngır	NOUN	-
tıngırda	VERB	-
tıngırdama	NOUN	-
tıngırdat	VERB	-
tıngırdatma	NOUN	-
tıngırtı	NOUN	-
tınla	VERB	-
tınlama	NOUN	-
tınlat	VERB	-
tınlatma	NOUN	-
tınma	NOUN	-
tınnet	NOUN	-
tıntın	ADJ	-
tıntın	NOUN	-
tını	NOUN	-
tıp	NOUN	VOICING
tıpa	NOUN	-
tıpala	VERB	-
tıpalama	NOUN	-
tıpalan	VERB	-
tıpatıp	ADV	-
tıpkı	ADV	-
tıpkı	NOUN	-
tıpkıbasım	NOUN	-
tıpkısı	NOUN	-
tıpkıçekim	NOUN	-
tıpırda	VERB	-
tıpırdama	NOUN	-
tıpırdat	VERB	-
tıpırdatma	NOUN	-
tıpırtı	NOUN	-
tıpışla	VERB	-
tıpışlama	NOUN	-
tır	NOUN	-
tırabzan	NOUN	-
tırak	NOUN	-
tıraş	NOUN	-
tıraşla	VERB	-
tıraşlama	NOUN	-
tıraşlan	VERB	-
tıraşçı	ADJ	-
tıraşçı	NOUN	-
tırkaz	NOUN	-
tırkazla	VERB	-
tırkazlama	NOUN	-
tırkazlan	VERB	-
tırkazlat	VERB	-
tırkazlatma	NOUN	-
tırmala	VERB	-
tırmalama	VERB	-
tırmalan	VERB	-
tırmalayabil	VERB	-
tırmalayabilme	NOUN	-
tırmalayış	NOUN	-
tırman	VERB	-
tırmanabil	VERB	-
tırmanabilme	NOUN	-
tırmananlar	NOUN	-
tırmanma	NOUN	-
tırmanıcılar	NOUN	-
tırmanış	NOUN	-
tırmaş	VERB	-
tırmaşma	NOUN	-
tırmık	NOUN	VOICING
tırmıkla	VERB	-
tırmıklama	NOUN	-
tırmıklan	VERB	-
tırnak	NOUN	VOICING
tırnakla	VERB	-
tırnaklama	NOUN	-
tırnaklan	VERB	-
tırnaklat	VERB	-
tırnaklatma	NOUN	-
tırnaksı	ADJ	-
tırnakçı	NOUN	-
tırpan	NOUN	-
tırpana	NOUN	-
tırpanla	VERB	-
tırpanlama	NOUN	-
tırpanlan	VERB	-
tırpanlat	VERB	-
tırpanlatma	NOUN	-
tırs	VERB	-
tırsma	NOUN	-
tırsık	ADJ	-
tırsık	ADV	-
tırt	ADJ	-
tırtık	NOUN	VOICING
tırtıkla	VERB	-
tırtıklama	NOUN	-
tırtıklan	VERB	-
tırtıklat	VERB	-
tırtıklatma	NOUN	-
tırtıkçı	NOUN	-
tırtıl	NOUN	-
tırtıllan	VERB	-
tırtılsı	ADJ	-
tırtılsı	NOUN	-
tırtılımsı	ADJ	-
tırtır	NOUN	-
tırık	NOUN	-
tırıl	ADJ	-
tırıl	NOUN	-
tırılla	VERB	-
tırıllama	NOUN	-
tırınk	NOUN	-
tırıs	NOUN	-
tırıvırı	NOUN	-
tırışka	ADJ	-
tıs	NOUN	-
tısla	VERB	-
tıslama	NOUN	-
tıslayış	NOUN	-
tıynet	NOUN	-
tığ	NOUN	-
ubudiyet	NOUN	-
uca	ADJ	-
uca	NOUN	-
ucube	ADJ	-
ucubik	ADJ	-
ucuz	ADJ	-
ucuz	NOUN	-
ucuzca	ADV	-
ucuzla	VERB	-
ucuzlama	NOUN	-
ucuzlat	VERB	-
ucuzlatabil	VERB	-
ucuzlatabilme	NOUN	-
ucuzlatma	NOUN	-
ucuzlatıl	VERB	-
ucuzlatılma	NOUN	-
ucuzlatış	NOUN	-
ucuzlayış	NOUN	-
ucuzuna	ADV	-
udi	NOUN	-
uf	INTERJ	-
ufacıcık	ADJ	-
ufacık	ADJ	-
ufak	ADJ	-
ufak	NOUN	-
ufakça	ADJ	-
ufal	VERB	-
ufala	VERB	-
ufalama	NOUN	-
ufalan	VERB	-
ufalanış	NOUN	-
ufalma	NOUN	-
ufalt	VERB	-
ufaltma	NOUN	-
ufaltıl	VERB	-
ufaltılma	NOUN	-
ufalış	NOUN	-
ufantı	NOUN	-
ufarak	ADJ	-
ufarakça	ADJ	-
ufki	ADJ	-
ufla	VERB	-
uflama	NOUN	-
uflayış	NOUN	-
ufo	NOUN	-
ufuk	NOUN	-
uful	NOUN	VOWEL_DROP
ufunet	NOUN	-
ufunetlen	VERB	-
ufunetlendir	VERB	-
uhde	NOUN	-
uhrevi	ADJ	-
uhrevileş	VERB	-
uhuvvet	NOUN	-
ukala	ADJ	-
ukalaca	ADV	-
ukde	NOUN	-
uknum	NOUN	-
ukubet	ADJ	-
ukubet	NOUN	-
ukulele	NOUN	-
ula	VERB	-
ulak	NOUN	VOICING
ulam	NOUN	-
ulama	ADJ	-
ulama	NOUN	-
ulan	INTERJ	-
ulan	VERB	-
ulanma	NOUN	-
ulantı	NOUN	-
ulanış	NOUN	-
ulayış	NOUN	-
ulaç	NOUN	VOICING
ulaş	VERB	-
ulaşabil	VERB	-
ulaşabilme	NOUN	-
ulaşma	NOUN	-
ulaştır	VERB	-
ulaştırabil	VERB	-
ulaştırabilme	NOUN	-
ulaştırma	NOUN	-
ulaşıl	VERB	-
ulaşılabil	VERB	-
ulaşılabilme	NOUN	-
ulaşılma	NOUN	-
ulaşım	NOUN	-
ulaşıver	VERB	-
ulaşıverme	NOUN	-
ulema	NOUN	-
ultramodern	ADJ	-
ultrason	NOUN	-
ultraviyole	NOUN	-
ulu	ADJ	-
ulu	NOUN	-
ulu	VERB	-
ulufe	NOUN	-
uluhiyet	NOUN	-
ulula	VERB	-
ululama	NOUN	-
ululan	VERB	-
ululayış	NOUN	-
ululaş	VERB	-
ulum	NOUN	-
uluma	NOUN	-
ulus	NOUN	-
ulusal	ADJ	-
ulusallaş	VERB	-
ulusallaştır	VERB	-
ulusallaştırıl	VERB	-
ulusallaştırılma	NOUN	-
uluslararası	ADJ	-
uluslararası	NOUN	-
uluslararasılaş	VERB	-
uluslararasılaştır	VERB	-
uluslararasılaştırıl	VERB	-
uluslararasılaştırılma	NOUN	-
uluslaş	VERB	-
uluslaşabil	VERB	-
uluslaşabilme	NOUN	-
uluslaştır	VERB	-
ulussever	ADJ	-
ulustaş	NOUN	-
ulusça	ADV	-
ulusçu	ADJ	-
ulusötesi	ADJ	-
ulut	VERB	-
ulutma	NOUN	-
uluyuş	NOUN	-
ulvi	ADJ	-
ulvi	NOUN	-
ulviyet	NOUN	-
um	VERB	-
umabil	VERB	-
umabilme	NOUN	-
umar	NOUN	-
umarsızca	ADV	-
umarsızcasına	ADV	-
umarsızlaş	VERB	-
umarsızlaştır	VERB	-
umde	NOUN	-
umdur	VERB	-
umdurma	NOUN	-
umma	NOUN	-
umman	NOUN	-
umre	NOUN	-
umu	NOUN	-
umul	VERB	-
umulma	NOUN	-
umulmadık	ADJ	-
umum	ADJ	-
umum	PRON	-
umumhane	NOUN	-
umumi	ADJ	-
umumileş	VERB	-
umumileştir	VERB	-
umumileştiril	VERB	-
umumileştirilme	NOUN	-
umumiyet	NOUN	-
umumiyetle	ADV	-
umur	NOUN	-
umurgörmüş	ADJ	-
umurgörmüş	NOUN	-
umurla	VERB	-
umurlama	NOUN	-
umursa	VERB	-
umursama	NOUN	-
umursamaz	ADJ	-
umursamaz	ADV	-
umursamazca	ADV	-
umursamazcasına	ADV	-
umursan	VERB	-
umursanma	NOUN	-
umursayış	NOUN	-
umut	NOUN	VOICING
umutlan	VERB	-
umutlanabil	VERB	-
umutlanabilme	NOUN	-
umutlandır	VERB	-
umutlandırıl	VERB	-
umutlandırılma	NOUN	-
umutlandırış	NOUN	-
umutlanış	NOUN	-
umutsuzca	ADV	-
umutsuzlan	VERB	-
umutsuzlaş	VERB	-
umutsuzlaştır	VERB	-
umutsuzlaştırıl	VERB	-
umutsuzlaştırılma	NOUN	-
umuş	NOUN	-
un	NOUN	-
unla	VERB	-
unlama	NOUN	-
unlan	VERB	-
unsu	ADJ	-
unsur	NOUN	-
unut	VERB	-
unutabil	VERB	-
unutabilme	NOUN	-
unutkan	ADJ	-
unutma	NOUN	-
unutmabeni	NOUN	-
unuttur	VERB	-
unutturabil	VERB	-
unutturabilme	NOUN	-
unutturma	NOUN	-
unutturul	VERB	-
unutturulma	NOUN	-
unutturuver	VERB	-
unutturuverme	NOUN	-
unutturuş	NOUN	-
unutul	VERB	-
unutulabil	VERB	-
unutulabilme	NOUN	-
unutulma	NOUN	-
unutuluver	VERB	-
unutuluverme	NOUN	-
unutuluş	NOUN	-
unutuver	VERB	-
unutuverme	NOUN	-
unutuş	NOUN	-
upuygun	ADJ	-
upuzun	ADJ	-
upuzun	ADV	-
ur	NOUN	-
uran	NOUN	-
uranyum	NOUN	-
uray	NOUN	-
urağan	NOUN	-
urba	NOUN	-
urbanizm	NOUN	-
urgan	NOUN	-
urlaş	VERB	-
urodel	NOUN	-
uruk	NOUN	VOICING
urup	NOUN	VOICING
us	NOUN	-
usan	VERB	-
usandır	VERB	-
usandırma	NOUN	-
usandırış	NOUN	-
usangın	ADJ	-
usangın	ADV	-
usanma	NOUN	-
usantı	NOUN	-
usanç	NOUN	VOICING
usanıl	VERB	-
usanılma	NOUN	-
usanış	NOUN	-
usare	NOUN	-
usat	NOUN	-
uskumru	NOUN	-
uskumrugiller	NOUN	-
uskumrumsugiller	NOUN	-
uskundura	NOUN	-
uskur	NOUN	-
uskuru	NOUN	-
uslamla	VERB	-
uslamlama	NOUN	-
uslan	VERB	-
uslandır	VERB	-
ussal	ADJ	-
ussallaş	VERB	-
ussallaştır	VERB	-
ussallaştırıl	VERB	-
ussallaştırılma	NOUN	-
usta	ADJ	-
usta	NOUN	-
ustabaşı	NOUN	-
ustaca	ADJ	-
ustaca	ADV	-
ustaca	NOUN	-
ustacasına	ADV	-
ustalaş	VERB	-
ustalıkla	ADV	-
ustalıkla	NOUN	-
ustuka	NOUN	-
ustunç	NOUN	VOICING
ustura	NOUN	-
usturlap	NOUN	VOICING
usturmaça	NOUN	-
usturpa	NOUN	-
usturup	NOUN	-
usul	ADV	-
usul	NOUN	VOWEL_DROP
usulca	ADV	-
usulca	NOUN	-
usulcacık	ADV	-
usulcacık	NOUN	-
usulcana	ADV	-
usuldan	ADV	-
usuldan	NOUN	-
usulden	ADV	-
usulden	NOUN	-
usulen	ADV	-
usulen	NOUN	-
usulet	NOUN	-
usuletle	ADV	-
usullacık	ADV	-
usulünce	ADV	-
usçu	ADJ	-
usçu	NOUN	-
ut	NOUN	VOICING
ut	VERB	-
utan	VERB	-
utanabil	VERB	-
utanabilme	NOUN	-
utandır	VERB	-
utandırma	NOUN	-
utangan	ADJ	-
utangaç	ADJ	VOICING
utanma	NOUN	-
utanmaz	ADJ	-
utanmazca	ADJ	-
utanmazca	ADV	-
utanmazcasına	ADV	-
utanç	NOUN	VOICING
utanıl	VERB	-
utanılası	ADJ	-
utanılma	NOUN	-
utanış	NOUN	-
uterus	NOUN	-
utku	NOUN	-
utma	NOUN	-
utul	VERB	-
utulma	NOUN	-
utv	NOUN	-
utçu	NOUN	-
uvertür	NOUN	-
uy	INTERJ	-
uy	VERB	-
uyabil	VERB	-
uyabilme	NOUN	-
uyak	NOUN	VOICING
uyaklan	VERB	-
uyaklandır	VERB	-
uyaklandırıl	VERB	-
uyaklandırılma	NOUN	-
uyaklanış	NOUN	-
uyan	VERB	-
uyanabil	VERB	-
uyanabilme	NOUN	-
uyandır	VERB	-
uyandırabil	VERB	-
uyandırabilme	NOUN	-
uyandırma	NOUN	-
uyandırıl	VERB	-
uyandırılma	NOUN	-
uyandırılış	NOUN	-
uyandırış	NOUN	-
uyanma	NOUN	-
uyanık	ADJ	VOICING
uyanık	NOUN	VOICING
uyanıklaş	VERB	-
uyanıl	VERB	-
uyanılma	NOUN	-
uyanıver	VERB	-
uyanıverme	NOUN	-
uyanış	NOUN	-
uyar	ADJ	-
uyar	NOUN	-
uyar	VERB	-
uyarabil	VERB	-
uyarabilme	NOUN	-
uyaran	ADJ	-
uyaran	NOUN	-
uyarla	VERB	-
uyarlama	ADJ	-
uyarlama	NOUN	-
uyarlan	VERB	-
uyarlanabil	VERB	-
uyarlanabilme	NOUN	-
uyarlanış	NOUN	-
uyarlayabil	VERB	-
uyarlayabilme	NOUN	-
uyarlayıver	VERB	-
uyarlayıverme	NOUN	-
uyarlayış	NOUN	-
uyarma	NOUN	-
uyart	VERB	-
uyartma	NOUN	-
uyartı	NOUN	-
uyarı	NOUN	-
uyarıl	VERB	-
uyarılabil	VERB	-
uyarılabilme	NOUN	-
uyarılma	NOUN	-
uyarılış	NOUN	-
uyarım	NOUN	-
uyarınca	ADV	-
uyarış	NOUN	-
uydu	ADJ	-
uydu	NOUN	-
uydulaş	VERB	-
uydulaştır	VERB	-
uydulaştırıl	VERB	-
uydulaştırılma	NOUN	-
uydur	VERB	-
uydurabil	VERB	-
uydurabilme	NOUN	-
uydurkaydır	ADV	-
uydurma	ADJ	-
uydurma	NOUN	-
uydurmaca	ADJ	-
uydurmaca	NOUN	-
uydurmasyon	NOUN	-
uyduru	NOUN	-
uyduruk	ADJ	-
uyduruk	NOUN	-
uydurukça	NOUN	-
uydurukçu	NOUN	-
uydurul	VERB	-
uydurulabil	VERB	-
uydurulabilme	NOUN	-
uydurulma	NOUN	-
uyduruluş	NOUN	-
uyduruver	VERB	-
uyduruverme	NOUN	-
uyduruş	NOUN	-
uydusavar	NOUN	-
uygar	ADJ	-
uygar	NOUN	-
uygarca	ADJ	-
uygarca	ADV	-
uygarlaş	VERB	-
uygarlaştır	VERB	-
uygarlaştırıl	VERB	-
uygarlaştırılma	NOUN	-
uygarlıkçı	ADJ	-
uygu	NOUN	-
uygula	VERB	-
uygulama	NOUN	-
uygulan	VERB	-
uygulanabil	VERB	-
uygulanabilme	NOUN	-
uygulanış	NOUN	-
uygulat	VERB	-
uygulatabil	VERB	-
uygulatabilme	NOUN	-
uygulatma	NOUN	-
uygulattır	VERB	-
uygulattırma	NOUN	-
uygulatıl	VERB	-
uygulatılma	NOUN	-
uygulatılış	NOUN	-
uygulatış	NOUN	-
uygulayabil	VERB	-
uygulayabilme	NOUN	-
uygulayım	ADJ	-
uygulayım	NOUN	-
uygulayış	NOUN	-
uygun	ADJ	-
uygun	NOUN	-
uygunsuzca	ADV	-
uyku	NOUN	-
uykucubaşı	NOUN	-
uyla	VERB	-
uylama	NOUN	-
uylaş	VERB	-
uylaştır	VERB	-
uylaştırıl	VERB	-
uylaştırılma	NOUN	-
uylaşım	NOUN	-
uyma	NOUN	-
uymaca	NOUN	-
uymaz	ADJ	-
uyruk	NOUN	VOICING
uysal	ADJ	-
uysal	ADV	-
uysalca	ADV	-
uysallaş	VERB	-
uysallaştır	VERB	-
uyu	VERB	-
uyukla	VERB	-
uyuklama	NOUN	-
uyuklayış	NOUN	-
uyul	VERB	-
uyulma	NOUN	-
uyum	NOUN	-
uyuma	NOUN	-
uyumlan	VERB	-
uyumlandır	VERB	-
uyumlandırıl	VERB	-
uyumlandırılma	NOUN	-
uyumsal	ADJ	-
uyun	VERB	-
uyunma	NOUN	-
uyuntu	ADJ	-
uyuntu	NOUN	-
uyur	ADJ	-
uyur	NOUN	-
uyurgezer	ADJ	-
uyut	VERB	-
uyutabil	VERB	-
uyutabilme	NOUN	-
uyutma	NOUN	-
uyutul	VERB	-
uyutulabil	VERB	-
uyutulabilme	NOUN	-
uyutulma	NOUN	-
uyutuluş	NOUN	-
uyutum	NOUN	-
uyuver	VERB	-
uyuverme	NOUN	-
uyuyabil	VERB	-
uyuyabilme	NOUN	-
uyuyakal	VERB	-
uyuyakalma	NOUN	-
uyuyuver	VERB	-
uyuyuverme	NOUN	-
uyuyuş	NOUN	-
uyuz	ADJ	-
uyuz	NOUN	-
uyuzlaş	VERB	-
uyuş	VERB	-
uyuşabil	VERB	-
uyuşabilme	NOUN	-
uyuşkan	ADJ	-
uyuşma	NOUN	-
uyuştur	VERB	-
uyuşturabil	VERB	-
uyuşturabilme	NOUN	-
uyuşturma	NOUN	-
uyuşturul	VERB	-
uyuşturulabil	VERB	-
uyuşturulabilme	NOUN	-
uyuşturulma	NOUN	-
uyuşturuluş	NOUN	-
uyuşturuş	NOUN	-
uyuşuk	ADJ	VOICING
uyuşuk	NOUN	VOICING
uyuşum	NOUN	-
uz	ADJ	-
uz	ADV	-
uz	NOUN	-
uza	VERB	-
uza!	NOUN	-
uzak	ADJ	VOICING
uzak	NOUN	VOICING
uzaklan	VERB	-
uzaklaş	VERB	-
uzaklaşabil	VERB	-
uzaklaşabilme	NOUN	-
uzaklaştır	VERB	-
uzaklaştırabil	VERB	-
uzaklaştırabilme	NOUN	-
uzaklaştırıl	VERB	-
uzaklaştırılma	NOUN	-
uzaklaşıl	VERB	-
uzaklaşılma	NOUN	-
uzaksa	VERB	-
uzaksama	NOUN	-
uzaktan	ADV	-
uzaktan	NOUN	-
uzakça	ADJ	-
uzam	NOUN	-
uzama	NOUN	-
uzan	VERB	-
uzanabil	VERB	-
uzanabilme	NOUN	-
uzanma	NOUN	-
uzantı	NOUN	-
uzanıl	VERB	-
uzanılma	NOUN	-
uzanım	NOUN	-
uzanıver	VERB	-
uzanıverme	NOUN	-
uzanış	NOUN	-
uzat	VERB	-
uzatabil	VERB	-
uzatabilme	NOUN	-
uzatma	NOUN	-
uzatmayalım	NOUN	-
uzattır	VERB	-
uzattırma	NOUN	-
uzattırıver	VERB	-
uzattırıverme	NOUN	-
uzatıl	VERB	-
uzatılma	NOUN	-
uzatım	NOUN	-
uzatıver	VERB	-
uzatıverme	NOUN	-
uzatış	NOUN	-
uzay	NOUN	-
uzayabil	VERB	-
uzayabilme	NOUN	-
uzayış	NOUN	-
uzgören	ADJ	-
uzgörür	ADJ	-
uzi	NOUN	-
uzlaş	VERB	-
uzlaşabil	VERB	-
uzlaşabilme	NOUN	-
uzlaşmaz	ADJ	-
uzlaştır	VERB	-
uzlaştırabil	VERB	-
uzlaştırabilme	NOUN	-
uzlaştırıl	VERB	-
uzlaştırılma	NOUN	-
uzlaşı	NOUN	-
uzlaşıl	VERB	-
uzlaşılma	NOUN	-
uzlaşım	NOUN	-
uzlet	NOUN	-
uzman	ADJ	-
uzman	NOUN	-
uzmanlaş	VERB	-
uzo	NOUN	-
uzun	ADJ	-
uzun	ADV	-
uzun	NOUN	-
uzunca	ADJ	-
uzunca	ADV	-
uzuneşek	NOUN	VOICING
uzunkuyruk	NOUN	VOICING
uzunlamasına	ADV	-
uzunçalar	NOUN	-
uzuv	NOUN	-
uzuvca	ADV	-
uzvi	ADJ	-
uzvi	NOUN	-
uzviyet	NOUN	-
uzzal	NOUN	-
uç	ADJ	VOICING
uç	NOUN	VOICING
uç	VERB	-
uçabil	VERB	-
uçabilme	NOUN	-
uçak	NOUN	VOICING
uçaksavar	NOUN	-
uçankale	NOUN	-
uçar	ADJ	-
uçarı	ADJ	-
uçarı	NOUN	-
uçarıca	ADV	-
uçkun	ADJ	-
uçkun	NOUN	-
uçkur	NOUN	-
uçkurutan	NOUN	-
uçlan	VERB	-
uçma	NOUN	-
uçman	NOUN	-
uçtuuçtu	NOUN	-
uçuk	ADJ	-
uçuk	NOUN	VOICING
uçukla	VERB	-
uçuklama	NOUN	-
uçuklayış	NOUN	-
uçuklaş	VERB	-
uçun	NOUN	-
uçur	VERB	-
uçurabil	VERB	-
uçurabilme	NOUN	-
uçurma	NOUN	-
uçurt	VERB	-
uçurtma	NOUN	-
uçurul	VERB	-
uçurulma	NOUN	-
uçurum	NOUN	-
uçurumlaş	VERB	-
uçuruver	VERB	-
uçuruverme	NOUN	-
uçuruş	NOUN	-
uçuver	VERB	-
uçuverme	NOUN	-
uçuş	NOUN	-
uçuş	VERB	-
uçuşma	NOUN	-
uçuştur	VERB	-
uçuşturma	NOUN	-
uğra	NOUN	-
uğra	VERB	-
uğrak	NOUN	VOICING
uğrala	VERB	-
uğralama	NOUN	-
uğrama	NOUN	-
uğran	VERB	-
uğranma	NOUN	-
uğranıl	VERB	-
uğranılma	NOUN	-
uğranış	NOUN	-
uğrat	VERB	-
uğratabil	VERB	-
uğratabilme	NOUN	-
uğratma	NOUN	-
uğratış	NOUN	-
uğrayabil	VERB	-
uğrayabilme	NOUN	-
uğrayış	NOUN	-
uğraş	NOUN	-
uğraş	VERB	-
uğraşabil	VERB	-
uğraşabilme	NOUN	-
uğraşma	NOUN	-
uğraştır	VERB	-
uğraştırma	NOUN	-
uğraşı	NOUN	-
uğraşıl	VERB	-
uğraşılabil	VERB	-
uğraşılabilme	NOUN	-
uğraşılma	NOUN	-
uğru	NOUN	-
uğrula	VERB	-
uğrulama	NOUN	-
uğrun	ADV	-
uğrunda	ADV	-
uğulda	VERB	-
uğuldama	NOUN	-
uğuldayış	NOUN	-
uğultu	NOUN	-
uğun	VERB	-
uğunma	NOUN	-
uğur	NOUN	VOWEL_DROP
uğurla	VERB	-
uğurlama	NOUN	-
uğurlan	VERB	-
uğurlanabil	VERB	-
uğurlanabilme	NOUN	-
uğurlanış	NOUN	-
uğurlayabil	VERB	-
uğurlayabilme	NOUN	-
uğurlayış	NOUN	-
uğursa	VERB	-
uğursama	NOUN	-
uğursuzca	ADV	-
uğut	NOUN	-
uşak	NOUN	VOICING
uşakkapan	NOUN	-
uşkun	NOUN	-
uşşak	NOUN	-
vaat	NOUN	VOICING
vaaz	NOUN	-
vabeste	ADJ	-
vacip	ADJ	-
vacip	NOUN	-
vade	NOUN	-
vadedil	VERB	-
vadedilme	NOUN	-
vadet	VERB	-
vadetme	NOUN	-
vadi	NOUN	-
vadolun	VERB	-
vadolunma	NOUN	-
vaftiz	NOUN	-
vaftizhane	NOUN	-
vagon	NOUN	-
vagonet	NOUN	-
vagotoni	NOUN	-
vah	INTERJ	-
vaha	NOUN	-
vahamet	NOUN	-
vahdaniyet	NOUN	-
vahdet	NOUN	-
vahdetivücut	NOUN	VOICING
vahi	ADJ	-
vahim	ADJ	-
vahimleş	VERB	-
vahit	ADJ	-
vahit	NOUN	-
vahiy	NOUN	-
vahvahlan	VERB	-
vahyolun	VERB	-
vahyolunma	NOUN	-
vahşet	NOUN	-
vahşi	ADJ	-
vahşi	NOUN	-
vahşice	ADV	-
vahşicesine	ADV	-
vahşileş	VERB	-
vahşileştir	VERB	-
vahşiyane	ADV	-
vaiz	NOUN	-
vajina	NOUN	-
vaka	NOUN	-
vakanüvis	NOUN	-
vakar	NOUN	-
vakayiname	NOUN	-
vaketa	NOUN	-
vakfe	NOUN	-
vakfedil	VERB	-
vakfediliş	NOUN	-
vakfedilme	NOUN	-
vakfediş	NOUN	-
vakfet	VERB	-
vakfetme	NOUN	-
vakfiye	NOUN	-
vaki	ADJ	-
vakit	NOUN	-
vakitlice	ADV	-
vakitsizce	ADV	-
vakitçe	ADV	-
vakla	VERB	-
vaklama	NOUN	-
vaks	NOUN	-
vaktikerahet	NOUN	-
vaktinde	ADV	-
vaktiyle	ADV	-
vaktiyle	NOUN	-
vaktizamanında	ADV	-
vakum	ADJ	-
vakum	NOUN	-
vakumla	VERB	-
vakumlama	NOUN	-
vakumlan	VERB	-
vakur	ADJ	-
vakvak	NOUN	-
vakvakla	VERB	-
vakvaklama	NOUN	-
vakıa	NOUN	-
vakıf	NOUN	-
vakıfname	NOUN	-
vale	NOUN	-
valf	NOUN	-
vali	NOUN	-
valide	NOUN	-
valiz	NOUN	-
valla	INTERJ	-
vallaha	INTERJ	-
vallahi	INTERJ	-
vals	NOUN	-
valör	NOUN	-
valüasyon	NOUN	-
vamp	NOUN	-
vampir	NOUN	-
vana	NOUN	-
vanadyum	NOUN	-
vandöz	NOUN	-
vanilya	NOUN	-
vankla	VERB	-
vanklama	NOUN	-
vantilatör	NOUN	-
vantrilok	ADJ	-
vantuz	NOUN	-
vapur	NOUN	-
vapurdumanı	ADJ	-
vapurdumanı	NOUN	-
var	ADJ	-
var	NOUN	-
var	VERB	-
varabil	VERB	-
varabilme	NOUN	-
varagel	VERB	-
varagele	NOUN	-
varagelme	NOUN	-
varak	NOUN	VOICING
varaka	NOUN	-
varakla	VERB	-
varaklama	NOUN	-
varaklan	VERB	-
varakpare	NOUN	-
varakçı	NOUN	-
varan	NOUN	-
varda	INTERJ	-
vardabandıra	NOUN	-
vardakosta	ADJ	-
vardakosta	NOUN	-
vardela	NOUN	-
vardiya	NOUN	-
vardır	VERB	-
vardırabil	VERB	-
vardırabilme	NOUN	-
vardırma	NOUN	-
vareste	ADJ	-
vargel	NOUN	-
vargı	NOUN	-
varidat	NOUN	-
varidatçı	NOUN	-
varide	NOUN	-
varil	NOUN	-
varis	NOUN	-
varit	ADJ	-
variyet	NOUN	-
varma	NOUN	-
varoluş	NOUN	-
varoluşsal	ADJ	-
varoluşçu	ADJ	-
varoş	NOUN	-
varsanı	NOUN	-
varsay	VERB	-
varsayabil	VERB	-
varsayabilme	NOUN	-
varsayma	NOUN	-
varsayıl	VERB	-
varsayılma	NOUN	-
varsayım	NOUN	-
varsayımsal	ADJ	-
varsayış	NOUN	-
varsağı	NOUN	-
varsıl	ADJ	-
varsıllaş	VERB	-
varsıllaştır	VERB	-
varta	NOUN	-
varyant	NOUN	-
varyasyon	NOUN	-
varyemez	ADJ	-
varyete	NOUN	-
varyos	NOUN	-
varıl	VERB	-
varılabil	VERB	-
varılabilme	NOUN	-
varılma	NOUN	-
varılış	NOUN	-
varış	NOUN	-
vasat	ADJ	-
vasati	ADJ	-
vasektomi	NOUN	-
vasi	NOUN	-
vasistas	NOUN	-
vasiyet	NOUN	-
vasiyetname	NOUN	-
vasl	NOUN	-
vasıf	NOUN	VOWEL_DROP
vasıflan	VERB	-
vasıflandır	VERB	-
vasıflandırıl	VERB	-
vasıflandırılma	NOUN	-
vasıl	ADJ	-
vasıta	NOUN	-
vasıtasıyla	ADV	-
vat	NOUN	-
vatan	NOUN	-
vatandaş	NOUN	-
vatani	ADJ	-
vatanlaştır	VERB	-
vatanperver	ADJ	-
vatansever	ADJ	-
vatka	NOUN	-
vatman	NOUN	-
vatoz	NOUN	-
vatsaat	NOUN	-
vatvat	NOUN	-
vaveyla	NOUN	-
vay	INTERJ	-
vay	NOUN	-
vayvayla	VERB	-
vayvaylama	NOUN	-
vaz	NOUN	-
vazedil	VERB	-
vazediliş	NOUN	-
vazedilme	NOUN	-
vazediş	NOUN	-
vazelin	NOUN	-
vazelinle	VERB	-
vazelinleme	NOUN	-
vazet	VERB	-
vazetme	NOUN	-
vazgel	VERB	-
vazgelme	NOUN	-
vazgeç	VERB	-
vazgeçebil	VERB	-
vazgeçebilme	NOUN	-
vazgeçil	VERB	-
vazgeçilme	NOUN	-
vazgeçir	VERB	-
vazgeçirebil	VERB	-
vazgeçirebilme	NOUN	-
vazgeçirme	NOUN	-
vazgeçiş	NOUN	-
vazgeçme	NOUN	-
vazife	NOUN	-
vazifelendir	VERB	-
vazifelendiril	VERB	-
vazifelendirilme	NOUN	-
vazifeşinas	ADJ	-
vaziyet	NOUN	-
vazo	NOUN	-
vazolun	VERB	-
vazolunma	NOUN	-
vazıh	ADJ	-
vazıh	NOUN	-
vazııkanun	ADJ	-
vaşak	NOUN	VOICING
ve	CONJ	-
ve	NOUN	-
veba	NOUN	-
vebal	NOUN	-
veca	NOUN	-
vecibe	NOUN	-
vecih	NOUN	-
veciz	ADJ	-
vecize	NOUN	-
vect	NOUN	-
veda	NOUN	-
vedalaş	VERB	-
vedalaşabil	VERB	-
vedalaşabilme	NOUN	-
vedia	NOUN	-
vefa	NOUN	-
vefakâr	ADJ	-
vefasızca	ADV	-
vefat	NOUN	-
vehim	NOUN	-
vehleten	ADV	-
vehleten	NOUN	-
vehmet	VERB	-
vehmetme	NOUN	-
vehmettir	VERB	-
vehmettirme	NOUN	-
vejetalin	NOUN	-
vejetalizm	NOUN	-
vejetarizm	NOUN	-
vejetaryen	NOUN	-
vejetasyon	NOUN	-
vekil	NOUN	-
vekilharç	NOUN	VOICING
veksilloloji	NOUN	-
vektör	NOUN	-
vekâlet	NOUN	-
vekâleten	ADV	-
vekâletname	NOUN	-
veladet	NOUN	-
velakin	CONJ	-
velayet	NOUN	-
velayetname	NOUN	-
veledizina	NOUN	-
veledrom	NOUN	-
velense	NOUN	-
velespit	NOUN	-
velet	INTERJ	VOICING
velet	NOUN	VOICING
velhasıl	ADV	-
velhasılıkelam	ADV	-
veliaht	NOUN	VOICING
velinimet	NOUN	-
veliyullah	NOUN	-
velur	NOUN	-
velut	ADJ	-
velut	NOUN	-
velvele	NOUN	-
vena	NOUN	-
ventilatör	NOUN	-
venüsçarığı	NOUN	-
ver	VERB	-
veranda	NOUN	-
veraset	NOUN	-
verdi	NOUN	-
verdir	VERB	-
verdirme	NOUN	-
vere	NOUN	-
verebil	VERB	-
verebilme	NOUN	-
verecek	NOUN	VOICING
verem	ADJ	-
verem	NOUN	-
verese	NOUN	-
veresiye	ADV	-
veresiye	NOUN	-
verev	ADJ	-
verevine	ADV	-
vergi	NOUN	-
vergile	VERB	-
vergileme	NOUN	-
vergilendir	VERB	-
vergilendiril	VERB	-
vergilendirilme	NOUN	-
veri	NOUN	-
veril	VERB	-
verilebil	VERB	-
verilebilme	NOUN	-
veriliş	NOUN	-
verilme	NOUN	-
verim	NOUN	-
verimkâr	ADJ	-
verimsizleş	VERB	-
verimsizleştir	VERB	-
verinti	NOUN	-
verit	NOUN	VOICING
veriver	VERB	-
veriverme	NOUN	-
veriş	NOUN	-
veriştir	VERB	-
veriştirme	NOUN	-
verkaç	NOUN	-
verme	NOUN	-
vermut	NOUN	-
vernik	NOUN	VOICING
vernikle	VERB	-
vernikleme	NOUN	-
verniklen	VERB	-
verniye	NOUN	-
veronika	NOUN	-
versiyon	NOUN	-
vertigo	NOUN	-
veryansın	NOUN	-
vesaik	NOUN	-
vesair	ADJ	-
vesaire	NOUN	-
vesait	NOUN	-
vesaitinakliye	NOUN	-
vesayet	NOUN	-
vesika	NOUN	-
vesile	NOUN	-
vesselam	INTERJ	-
vesselam	NOUN	-
vestiyer	NOUN	-
veston	NOUN	-
vesvese	NOUN	-
veteriner	NOUN	-
vetire	NOUN	-
veto	NOUN	-
veya	CONJ	-
veya	NOUN	-
veyahut	CONJ	-
vezaret	NOUN	-
vezikül	NOUN	-
vezin	NOUN	VOWEL_DROP
vezir	NOUN	-
veziriazam	NOUN	-
vezirparmağı	NOUN	-
vezne	NOUN	-
veznedar	NOUN	-
veçhe	NOUN	-
veçhişebeh	NOUN	-
vibrasyon	NOUN	-
vibratör	NOUN	-
vibriyo	NOUN	-
vicahen	ADV	-
vicahi	ADJ	-
vicdan	NOUN	-
vicdanen	ADV	-
vicdani	ADJ	-
vicdansızca	ADJ	-
vicdansızca	ADV	-
vicdansızcasına	ADV	-
vida	NOUN	-
vidala	NOUN	-
vidala	VERB	-
vidalama	NOUN	-
vidalan	VERB	-
vidanjör	NOUN	-
video	NOUN	-
videobant	NOUN	VOICING
videokaset	NOUN	-
videoteyp	NOUN	VOICING
vido	NOUN	-
vigla	NOUN	-
vikaye	NOUN	-
vikont	NOUN	-
vikontes	NOUN	-
viladi	ADJ	-
vilayet	NOUN	-
villa	NOUN	-
vinter	NOUN	-
vinterizasyon	NOUN	-
vinterize	NOUN	-
vinyet	NOUN	-
vinç	NOUN	VOICING
vira	ADV	-
vira	INTERJ	-
viraj	NOUN	-
viral	ADJ	-
viral	NOUN	-
viran	ADJ	-
virane	NOUN	-
viranlaş	VERB	-
virdizeban	NOUN	-
vire	NOUN	-
virgül	NOUN	-
virman	NOUN	-
virolog	NOUN	-
viroloji	NOUN	-
virolojik	ADJ	-
virt	NOUN	VOICING
virtüöz	NOUN	-
virüs	NOUN	-
virütik	ADJ	-
visal	NOUN	-
visamiral	NOUN	-
viski	NOUN	-
viskonsül	NOUN	-
viskoz	NOUN	-
viskozite	NOUN	-
vitamin	NOUN	-
vitaminleştir	VERB	-
vitellüs	NOUN	-
vites	NOUN	-
vitir	NOUN	VOWEL_DROP
vitray	NOUN	-
vitrifiye	ADJ	-
vitrin	NOUN	-
vitrinle	VERB	-
vitrinleme	NOUN	-
viya	INTERJ	-
viya	NOUN	-
viyadük	NOUN	VOICING
viyak	NOUN	-
viyakla	VERB	-
viyaklama	NOUN	-
viyol	NOUN	-
viyola	NOUN	-
viyolo	NOUN	-
viyolonist	NOUN	-
viyolonsel	NOUN	-
viyolonselist	NOUN	-
vize	NOUN	-
vizite	NOUN	-
viziyer	NOUN	-
vizon	ADJ	-
vizon	NOUN	-
vizonet	NOUN	-
vizyer	NOUN	-
vizyon	NOUN	-
vizyoner	ADJ	-
vizör	NOUN	-
vişnap	NOUN	VOICING
vişne	NOUN	-
vişneçürüğü	ADJ	-
vişneçürüğü	NOUN	-
vodvil	NOUN	-
vokabüler	NOUN	-
vokal	ADJ	-
vokal	NOUN	-
vokalist	NOUN	-
volan	NOUN	-
vole	NOUN	-
voleybol	NOUN	-
volfram	NOUN	-
volkan	NOUN	-
volkanik	ADJ	-
volkanik	NOUN	-
volontarist	ADJ	-
volontarizm	NOUN	-
volt	NOUN	-
volta	NOUN	-
voltaj	NOUN	-
voltametre	NOUN	-
voltamper	NOUN	-
voltmetre	NOUN	-
vombat	NOUN	-
vonoz	NOUN	-
votka	NOUN	-
voyvo	INTERJ	-
voyvoda	NOUN	-
vualet	NOUN	-
vuku	NOUN	-
vukuat	NOUN	-
vukuf	NOUN	-
vulgarize	ADJ	-
vulva	NOUN	-
vur	VERB	-
vurabil	VERB	-
vurabilme	NOUN	-
vurayaz	VERB	-
vurayazma	NOUN	-
vuraç	NOUN	VOICING
vurdumduymaz	ADJ	-
vurdur	VERB	-
vurdurabil	VERB	-
vurdurabilme	NOUN	-
vurdurma	NOUN	-
vurdurt	VERB	-
vurdurtma	NOUN	-
vurgu	NOUN	-
vurgula	VERB	-
vurgulama	NOUN	-
vurgulan	VERB	-
vurgulanabil	VERB	-
vurgulanabilme	NOUN	-
vurgulanış	NOUN	-
vurgulat	VERB	-
vurgulatma	NOUN	-
vurgulayabil	VERB	-
vurgulayabilme	NOUN	-
vurgulayış	NOUN	-
vurgun	ADJ	-
vurgun	NOUN	-
vurkaç	NOUN	-
vurma	NOUN	-
vurtut	ADV	-
vurtut	NOUN	-
vuru	NOUN	-
vuruk	ADJ	-
vurul	VERB	-
vurulabil	VERB	-
vurulabilme	NOUN	-
vurulma	NOUN	-
vuruluver	VERB	-
vuruluverme	NOUN	-
vuruluş	NOUN	-
vurun	VERB	-
vurunma	NOUN	-
vuruntu	NOUN	-
vuruver	VERB	-
vuruverme	NOUN	-
vuruş	NOUN	-
vuruş	VERB	-
vuruşabil	VERB	-
vuruşabilme	NOUN	-
vuruşkan	ADJ	-
vuruşma	NOUN	-
vuruştur	VERB	-
vuruşturma	NOUN	-
vuslat	NOUN	-
vusul	NOUN	VOWEL_DROP
vuzuh	NOUN	-
vâkıf	ADJ	-
vâkıf	NOUN	-
vâkıfane	ADV	-
vâkıâ	ADV	-
vâle	NOUN	-
vâris	NOUN	-
vâsi	ADJ	-
vâsi	NOUN	-
vücut	NOUN	VOICING
vücutça	ADV	-
vükela	NOUN	-
vürut	NOUN	VOICING
vüsat	NOUN	-
vüzera	NOUN	-
vıcık	ADJ	-
vıcıkla	VERB	-
vıcıklama	NOUN	-
vıcırda	VERB	-
vıcırdama	NOUN	-
vıcırdaş	VERB	-
vıcırdaşma	NOUN	-
vın	NOUN	-
vınla	VERB	-
vınlama	NOUN	-
vınlayış	NOUN	-
vınıltı	NOUN	-
vırakla	VERB	-
vıraklama	NOUN	-
vırla	VERB	-
vırlama	NOUN	-
vırılda	VERB	-
vırıldama	NOUN	-
vırıldan	VERB	-
vırıldanma	NOUN	-
vırıltı	NOUN	-
vız	NOUN	-
vızla	VERB	-
vızlama	NOUN	-
vızılda	VERB	-
vızıldama	NOUN	-
vızıldan	VERB	-
vızıldanma	NOUN	-
vızıltı	NOUN	-
ya	CONJ	-
ya	INTERJ	-
ya	NOUN	-
ya	VERB	VOICING
yaba	NOUN	-
yabala	VERB	-
yabalama	NOUN	-
yaban	ADJ	-
yaban	NOUN	-
yabancıl	ADJ	-
yabancıla	VERB	-
yabancılama	NOUN	-
yabancılaş	VERB	-
yabancılaşabil	VERB	-
yabancılaşabilme	NOUN	-
yabancılaştır	VERB	-
yabani	ADJ	-
yabani	NOUN	-
yabanice	ADV	-
yabanileş	VERB	-
yabanileştir	VERB	-
yabansı	ADJ	-
yabansı	NOUN	-
yabansı	VERB	-
yabansıma	NOUN	-
yabantırak	NOUN	VOICING
yabanıl	ADJ	-
yabanıl	NOUN	-
yabanıllaş	VERB	-
yabgu	NOUN	-
yad	ADJ	-
yadigâr	NOUN	-
yadsı	VERB	-
yadsıma	NOUN	-
yadsın	VERB	-
yadsınma	NOUN	-
yadsıyabil	VERB	-
yadsıyabilme	NOUN	-
yadımlama	NOUN	-
yadırga	VERB	-
yadırgama	NOUN	-
yadırgan	VERB	-
yadırganma	NOUN	-
yadırganış	NOUN	-
yadırgat	VERB	-
yadırgatma	NOUN	-
yadırgayış	NOUN	-
yadırgı	ADJ	-
yafta	NOUN	-
yaftala	VERB	-
yaftalama	NOUN	-
yaftalan	VERB	-
yahey	INTERJ	-
yahni	NOUN	-
yahu	INTERJ	-
yahu	NOUN	-
yahut	CONJ	-
yahut	NOUN	-
yahşi	ADJ	-
yahşi	NOUN	-
yak	NOUN	-
yak	VERB	-
yaka	NOUN	-
yakabil	VERB	-
yakabilme	NOUN	-
yakacak	NOUN	VOICING
yakala	VERB	-
yakalama	NOUN	-
yakalan	VERB	-
yakalanabil	VERB	-
yakalanabilme	NOUN	-
yakalanıver	VERB	-
yakalanıverme	NOUN	-
yakalanış	NOUN	-
yakalat	VERB	-
yakalatabil	VERB	-
yakalatabilme	NOUN	-
yakalatma	NOUN	-
yakalayabil	VERB	-
yakalayabilme	NOUN	-
yakalayıver	VERB	-
yakalayıverme	NOUN	-
yakalayış	NOUN	-
yakamoz	NOUN	-
yakamozlan	VERB	-
yakantop	NOUN	-
yakar	VERB	-
yakarabil	VERB	-
yakarabilme	NOUN	-
yakarca	NOUN	-
yakarma	NOUN	-
yakarı	NOUN	-
yakarış	NOUN	-
yakaza	NOUN	-
yakin	NOUN	-
yakinen	ADV	-
yaklaş	VERB	-
yaklaşabil	VERB	-
yaklaşabilme	NOUN	-
yaklaştır	VERB	-
yaklaştırabil	VERB	-
yaklaştırabilme	NOUN	-
yaklaşık	ADJ	-
yaklaşıl	VERB	-
yaklaşılabil	VERB	-
yaklaşılabilme	NOUN	-
yaklaşılma	NOUN	-
yaklaşım	NOUN	-
yaklaşıver	VERB	-
yaklaşıverme	NOUN	-
yakma	NOUN	-
yakmaç	NOUN	VOICING
yaktır	VERB	-
yaktırabil	VERB	-
yaktırabilme	NOUN	-
yaktırma	NOUN	-
yakut	ADJ	-
yakut	NOUN	-
yakutumsu	ADJ	-
yakı	NOUN	-
yakıl	VERB	-
yakılabil	VERB	-
yakılabilme	NOUN	-
yakılma	NOUN	-
yakılış	NOUN	-
yakım	NOUN	-
yakın	ADJ	-
yakın	ADV	-
yakın	NOUN	-
yakın	VERB	-
yakınabil	VERB	-
yakınabilme	NOUN	-
yakında	ADV	-
yakında	NOUN	-
yakından	ADV	-
yakından	NOUN	-
yakınla	VERB	-
yakınlama	NOUN	-
yakınlarda	ADV	-
yakınlarda	NOUN	-
yakınlaş	VERB	-
yakınlaşabil	VERB	-
yakınlaşabilme	NOUN	-
yakınlaştır	VERB	-
yakınlaştırabil	VERB	-
yakınlaştırabilme	NOUN	-
yakınma	NOUN	-
yakınsa	VERB	-
yakınsak	ADJ	-
yakınsak	NOUN	-
yakınsama	NOUN	-
yakıntı	NOUN	-
yakınış	NOUN	-
yakıt	NOUN	-
yakıtçı	NOUN	-
yakıver	VERB	-
yakıverme	NOUN	-
yakış	NOUN	-
yakış	VERB	-
yakışabil	VERB	-
yakışabilme	NOUN	-
yakışma	NOUN	-
yakıştır	VERB	-
yakıştırabil	VERB	-
yakıştırabilme	NOUN	-
yakıştırma	NOUN	-
yakıştırmaca	ADJ	-
yakıştırıl	VERB	-
yakıştırılma	NOUN	-
yakışık	NOUN	VOICING
yal	NOUN	-
yala	VERB	-
yalabı	VERB	-
yalabık	ADJ	VOICING
yalabık	NOUN	VOICING
yalabıma	NOUN	-
yalak	ADJ	VOICING
yalak	NOUN	VOICING
yalaka	ADJ	-
yalaka	NOUN	-
yalama	ADJ	-
yalama	NOUN	-
yalamuk	NOUN	VOICING
yalan	ADJ	-
yalan	NOUN	-
yalan	VERB	-
yalancıktan	ADV	-
yalandan	ADV	-
yalandan	NOUN	-
yalanla	VERB	-
yalanlama	NOUN	-
yalanlan	VERB	-
yalanlanış	NOUN	-
yalanlat	VERB	-
yalanlatma	NOUN	-
yalanlayabil	VERB	-
yalanlayabilme	NOUN	-
yalanlayış	NOUN	-
yalanış	NOUN	-
yalapşap	ADV	-
yalat	VERB	-
yalatabil	VERB	-
yalatabilme	NOUN	-
yalatma	NOUN	-
yalavaç	NOUN	VOICING
yalayabil	VERB	-
yalayabilme	NOUN	-
yalayış	NOUN	-
yalaz	NOUN	-
yalaza	NOUN	-
yalazla	VERB	-
yalazlama	NOUN	-
yalazlan	VERB	-
yalbırdak	ADJ	-
yaldırak	ADJ	-
yaldız	NOUN	-
yaldızla	VERB	-
yaldızlama	NOUN	-
yaldızlan	VERB	-
yaldızlat	VERB	-
yaldızlatma	NOUN	-
yalgın	NOUN	-
yallah	INTERJ	-
yalman	ADJ	-
yalman	NOUN	-
yalnız	ADJ	-
yalnız	ADV	-
yalnız	CONJ	-
yalnız	NOUN	-
yalnızca	ADV	-
yalnızca	NOUN	-
yalnızlaş	VERB	-
yalnızlaşabil	VERB	-
yalnızlaşabilme	NOUN	-
yalpa	NOUN	-
yalpak	ADJ	VOICING
yalpak	NOUN	VOICING
yalpala	VERB	-
yalpalama	NOUN	-
yalpalan	VERB	-
yalpalat	VERB	-
yalpalatma	NOUN	-
yalpalayış	NOUN	-
yalpı	NOUN	-
yalpık	ADJ	-
yaltak	ADJ	-
yaltaklan	VERB	-
yaltaklanış	NOUN	-
yaltakça	ADV	-
yaltakçı	ADJ	-
yalvar	VERB	-
yalvarabil	VERB	-
yalvarabilme	NOUN	-
yalvarma	NOUN	-
yalvart	VERB	-
yalvartma	NOUN	-
yalvarıl	VERB	-
yalvarılma	NOUN	-
yalvarış	NOUN	-
yalvaç	NOUN	VOICING
yalçın	ADJ	-
yalçın	NOUN	-
yalçınlaş	VERB	-
yalım	NOUN	-
yalın	ADJ	-
yalın	NOUN	-
yalıncak	ADJ	-
yalıngaç	ADJ	-
yalıngöz	NOUN	-
yalınlaş	VERB	-
yalınlaştır	VERB	-
yalınç	ADJ	-
yalınç	NOUN	-
yalıt	VERB	-
yalıtabil	VERB	-
yalıtabilme	NOUN	-
yalıtkan	ADJ	-
yalıtkan	NOUN	-
yalıtma	NOUN	-
yalıtıl	VERB	-
yalıtılma	NOUN	-
yalıtım	NOUN	-
yalız	ADJ	-
yalıçapkını	NOUN	-
yalıçapkınıgiller	NOUN	-
yama	NOUN	-
yama	VERB	-
yamal	VERB	-
yamala	VERB	-
yamalama	NOUN	-
yamalan	VERB	-
yamalanış	NOUN	-
yamalma	NOUN	-
yamama	NOUN	-
yaman	ADJ	-
yaman	NOUN	-
yaman	VERB	-
yamanabil	VERB	-
yamanabilme	NOUN	-
yamanma	NOUN	-
yamat	VERB	-
yamatma	NOUN	-
yamayabil	VERB	-
yamayabilme	NOUN	-
yamaç	NOUN	VOICING
yampiri	ADJ	-
yamrul	VERB	-
yamrulma	NOUN	-
yamuk	ADJ	VOICING
yamuk	NOUN	VOICING
yamul	VERB	-
yamulma	NOUN	-
yamyam	ADJ	-
yamyam	NOUN	-
yamyassı	ADV	-
yamyaş	ADJ	-
yamçı	NOUN	-
yan	ADJ	-
yan	ADV	-
yan	NOUN	-
yan	VERB	-
yanabil	VERB	-
yanabilme	NOUN	-
yanak	NOUN	VOICING
yanal	ADJ	-
yanal	NOUN	-
yanarca	NOUN	-
yanardağ	NOUN	-
yanardöner	ADJ	-
yanardöner	NOUN	-
yanay	NOUN	-
yanaz	ADJ	-
yanaş	VERB	-
yanaşabil	VERB	-
yanaşabilme	NOUN	-
yanaşma	NOUN	-
yanaştır	VERB	-
yanaştırma	NOUN	-
yanaşık	ADJ	-
yanaşık	ADV	-
yanaşıl	VERB	-
yanaşılma	NOUN	-
yancık	NOUN	VOICING
yandaş	NOUN	-
yandık	NOUN	VOICING
yandır	VERB	-
yandırma	NOUN	-
yangı	NOUN	-
yangılan	VERB	-
yangın	ADJ	-
yangın	NOUN	-
yani	ADV	-
yani	CONJ	-
yankı	NOUN	-
yankıca	NOUN	-
yankıcıl	ADJ	-
yankıla	VERB	-
yankılama	NOUN	-
yankılan	VERB	-
yankılanabil	VERB	-
yankılanabilme	NOUN	-
yankılanım	NOUN	-
yankılanış	NOUN	-
yankılat	VERB	-
yankılatabil	VERB	-
yankılatabilme	NOUN	-
yankılatma	NOUN	-
yankılatıl	VERB	-
yankılatılma	NOUN	-
yankılatılış	NOUN	-
yankılatış	NOUN	-
yanla	VERB	-
yanlama	NOUN	-
yanlamasına	ADV	-
yanlış	ADJ	-
yanlış	ADV	-
yanlış	NOUN	-
yanlışla	VERB	-
yanlışlama	NOUN	-
yanlışlan	VERB	-
yanlışlıkla	ADV	-
yanlışlıkla	NOUN	-
yanma	NOUN	-
yanmaz	ADJ	-
yansı	NOUN	-
yansı	VERB	-
yansıca	NOUN	-
yansıla	VERB	-
yansılama	NOUN	-
yansılan	VERB	-
yansılanım	NOUN	-
yansılayabil	VERB	-
yansılayabilme	NOUN	-
yansıma	NOUN	-
yansınım	NOUN	-
yansıt	VERB	-
yansıtabil	VERB	-
yansıtabilme	NOUN	-
yansıtaç	NOUN	VOICING
yansıtma	NOUN	-
yansıtıl	VERB	-
yansıtılma	NOUN	-
yansıtılış	NOUN	-
yansıtım	NOUN	-
yansıtış	NOUN	-
yansıyabil	VERB	-
yansıyabilme	NOUN	-
yansıyış	NOUN	-
yansızlaştır	VERB	-
yantutmaz	ADJ	-
yanık	ADJ	VOICING
yanık	NOUN	VOICING
yanıkara	NOUN	-
yanıksı	ADJ	-
yanıl	VERB	-
yanılabil	VERB	-
yanılabilme	NOUN	-
yanılgı	NOUN	-
yanılma	NOUN	-
yanılsama	NOUN	-
yanılt	VERB	-
yanıltabil	VERB	-
yanıltabilme	NOUN	-
yanıltma	NOUN	-
yanıltmaca	NOUN	-
yanıltmaç	NOUN	VOICING
yanıltı	NOUN	-
yanılış	NOUN	-
yanında	ADV	-
yanıt	NOUN	-
yanıtla	VERB	-
yanıtlama	NOUN	-
yanıtlan	VERB	-
yanıtlandır	VERB	-
yanıtlandırıl	VERB	-
yanıtlandırılma	NOUN	-
yanıtlanış	NOUN	-
yanıtlayabil	VERB	-
yanıtlayabilme	NOUN	-
yanıtlayış	NOUN	-
yanış	NOUN	-
yanışölçer	NOUN	-
yanşa	VERB	-
yanşak	ADJ	-
yanşama	NOUN	-
yap	VERB	-
yapabil	VERB	-
yapabilme	NOUN	-
yapadur	VERB	-
yapadurma	NOUN	-
yapak	NOUN	VOICING
yapakçı	NOUN	-
yapalak	NOUN	VOICING
yapay	ADJ	-
yapay	NOUN	-
yapayalnız	ADJ	-
yapayalnız	ADV	-
yapaylaş	VERB	-
yapaylaştır	VERB	-
yapağı	NOUN	-
yapboz	NOUN	-
yapma	ADJ	-
yapma	NOUN	-
yapmacık	ADJ	-
yapracık	NOUN	VOICING
yaprak	NOUN	VOICING
yaprakkurusu	ADJ	-
yaprakkurusu	NOUN	-
yapraklan	VERB	-
yapraksı	ADJ	-
yaprakçık	NOUN	VOICING
yaprakçıl	ADJ	-
yapsat	NOUN	-
yapsatçı	NOUN	-
yaptır	VERB	-
yaptırabil	VERB	-
yaptırabilme	NOUN	-
yaptırma	NOUN	-
yaptırt	VERB	-
yaptırtabil	VERB	-
yaptırtabilme	NOUN	-
yaptırtma	NOUN	-
yaptırıl	VERB	-
yaptırılma	NOUN	-
yaptırım	NOUN	-
yapyakın	ADV	-
yapyalnız	ADJ	-
yapyalın	ADJ	-
yapı	NOUN	-
yapık	NOUN	VOICING
yapıl	VERB	-
yapılabil	VERB	-
yapılabilme	NOUN	-
yapılagel	VERB	-
yapılagelme	NOUN	-
yapılan	VERB	-
yapılanabil	VERB	-
yapılanabilme	NOUN	-
yapılandır	VERB	-
yapılandırabil	VERB	-
yapılandırabilme	NOUN	-
yapılandırış	NOUN	-
yapılanış	NOUN	-
yapılaş	VERB	-
yapılaştır	VERB	-
yapılma	ADJ	-
yapılma	NOUN	-
yapılış	NOUN	-
yapım	NOUN	-
yapımevi	NOUN	-
yapın	VERB	-
yapıncak	NOUN	VOICING
yapınma	NOUN	-
yapıntı	NOUN	-
yapıntısal	ADJ	-
yapısal	ADJ	-
yapısallaş	VERB	-
yapıt	NOUN	-
yapıver	VERB	-
yapıverme	NOUN	-
yapış	NOUN	-
yapış	VERB	-
yapışabil	VERB	-
yapışabilme	NOUN	-
yapışak	NOUN	VOICING
yapışkan	ADJ	-
yapışkan	NOUN	-
yapışma	NOUN	-
yapıştır	VERB	-
yapıştırabil	VERB	-
yapıştırabilme	NOUN	-
yapıştırma	ADJ	-
yapıştırma	NOUN	-
yapıştırt	VERB	-
yapıştırtma	NOUN	-
yapıştırıl	VERB	-
yapıştırılma	NOUN	-
yapıştırıver	VERB	-
yapıştırıverme	NOUN	-
yapışık	ADJ	-
yapışık	NOUN	-
yapışıver	VERB	-
yapışıverme	NOUN	-
yar	NOUN	-
yar	VERB	-
yara	NOUN	-
yara	VERB	-
yarabil	VERB	-
yarabilme	NOUN	-
yaradılış	NOUN	-
yaradılıştan	ADV	-
yaradılışça	ADV	-
yarak	NOUN	VOICING
yarala	VERB	-
yaralama	NOUN	-
yaralan	VERB	-
yaralanabil	VERB	-
yaralanabilme	NOUN	-
yaralanış	NOUN	-
yaralayabil	VERB	-
yaralayabilme	NOUN	-
yaralayış	NOUN	-
yarama	NOUN	-
yarama	VERB	-
yaramaz	ADJ	-
yaramaz	NOUN	-
yaramazca	ADV	-
yaramazlaş	VERB	-
yaran	VERB	-
yaranabil	VERB	-
yaranabilme	NOUN	-
yarandır	VERB	-
yarandırma	NOUN	-
yaranma	NOUN	-
yaranış	NOUN	-
yarar	ADJ	-
yarar	NOUN	-
yararlan	VERB	-
yararlanabil	VERB	-
yararlanabilme	NOUN	-
yararlandır	VERB	-
yararlandırıl	VERB	-
yararlandırılma	NOUN	-
yararlanıl	VERB	-
yararlanılabil	VERB	-
yararlanılabilme	NOUN	-
yararlanılma	NOUN	-
yararlanış	NOUN	-
yararsızca	ADV	-
yarasa	NOUN	-
yarasalar	NOUN	-
yarasın!	NOUN	-
yarat	VERB	-
yaratabil	VERB	-
yaratabilme	NOUN	-
yaratma	NOUN	-
yaratı	NOUN	-
yaratık	NOUN	VOICING
yaratıl	VERB	-
yaratılabil	VERB	-
yaratılabilme	NOUN	-
yaratılma	NOUN	-
yaratılış	NOUN	-
yaratım	NOUN	-
yaratımsal	ADJ	-
yaratıver	VERB	-
yaratıverme	NOUN	-
yaratış	NOUN	-
yarayabil	VERB	-
yarayabilme	NOUN	-
yarayış	NOUN	-
yaraş	ADJ	-
yaraş	VERB	-
yaraşma	NOUN	-
yaraştır	VERB	-
yaraştırma	NOUN	-
yaraşık	NOUN	VOICING
yaraşır	ADJ	-
yarbay	NOUN	-
yarda	NOUN	-
yardak	NOUN	VOICING
yardakçı	NOUN	-
yardım	NOUN	-
yardımlaş	VERB	-
yardımlaşabil	VERB	-
yardımlaşabilme	NOUN	-
yardımsever	ADJ	-
yardır	VERB	-
yardırma	NOUN	-
yardırış	NOUN	-
yargı	NOUN	-
yargıevi	NOUN	-
yargıla	VERB	-
yargılama	NOUN	-
yargılan	VERB	-
yargılanabil	VERB	-
yargılanabilme	NOUN	-
yargılanış	NOUN	-
yargılat	VERB	-
yargılatabil	VERB	-
yargılatabilme	NOUN	-
yargılatma	NOUN	-
yargılayabil	VERB	-
yargılayabilme	NOUN	-
yargılayış	NOUN	-
yargısal	ADJ	-
yargıç	NOUN	VOICING
yarka	NOUN	-
yarkurul	NOUN	-
yarlıga	VERB	-
yarlıgama	NOUN	-
yarma	ADJ	-
yarma	NOUN	-
yarmala	VERB	-
yarmalama	NOUN	-
yarpuz	NOUN	-
yarı	ADJ	-
yarı	ADV	-
yarı	NOUN	-
yarık	ADJ	VOICING
yarık	NOUN	VOICING
yarıl	VERB	-
yarıla	VERB	-
yarılabil	VERB	-
yarılabilme	NOUN	-
yarılama	NOUN	-
yarılan	VERB	-
yarılma	NOUN	-
yarılıver	VERB	-
yarılıverme	NOUN	-
yarım	ADJ	-
yarım	NOUN	-
yarımada	NOUN	-
yarımca	NOUN	-
yarımla	VERB	-
yarımlama	NOUN	-
yarımşar	ADV	-
yarın	ADV	-
yarın	NOUN	-
yarınki	ADJ	-
yarıntı	NOUN	-
yarıyıl	NOUN	-
yarıçap	NOUN	-
yarış	NOUN	-
yarış	VERB	-
yarışabil	VERB	-
yarışabilme	NOUN	-
yarışma	NOUN	-
yarıştır	VERB	-
yarıştırabil	VERB	-
yarıştırabilme	NOUN	-
yarıştırma	NOUN	-
yarışçı	NOUN	-
yarışım	NOUN	-
yas	NOUN	-
yas	VERB	-
yasa	NOUN	-
yasa	VERB	-
yasak	ADJ	VOICING
yasak	NOUN	VOICING
yasakla	VERB	-
yasaklama	NOUN	-
yasaklan	VERB	-
yasaklandır	VERB	-
yasaklandırıl	VERB	-
yasaklandırılma	NOUN	-
yasaklanış	NOUN	-
yasaklat	VERB	-
yasaklatma	NOUN	-
yasaklayabil	VERB	-
yasaklayabilme	NOUN	-
yasaklayış	NOUN	-
yasakçı	NOUN	-
yasal	ADJ	-
yasalaş	VERB	-
yasalaştır	VERB	-
yasalaştırabil	VERB	-
yasalaştırabilme	NOUN	-
yasalaştırıl	VERB	-
yasalaştırılma	NOUN	-
yasallaş	VERB	-
yasallaştır	VERB	-
yasallaştırabil	VERB	-
yasallaştırabilme	NOUN	-
yasama	NOUN	-
yasemin	ADJ	-
yasemin	NOUN	-
yasevi	NOUN	-
yasla	VERB	-
yaslama	NOUN	-
yaslan	VERB	-
yaslanabil	VERB	-
yaslanabilme	NOUN	-
yaslandır	VERB	-
yaslanış	NOUN	-
yaslayabil	VERB	-
yaslayabilme	NOUN	-
yasma	NOUN	-
yasmık	NOUN	VOICING
yassı	ADJ	-
yassıca	ADJ	-
yassıl	VERB	-
yassıla	VERB	-
yassılama	NOUN	-
yassılan	VERB	-
yassılat	VERB	-
yassılatma	NOUN	-
yassılaş	VERB	-
yassılaştır	VERB	-
yassılma	NOUN	-
yassılt	VERB	-
yassıltma	NOUN	-
yasta	VERB	-
yastama	NOUN	-
yastağaç	NOUN	VOICING
yastık	NOUN	VOICING
yastıkaltı	ADJ	-
yastıkla	VERB	-
yastıklama	NOUN	-
yastıkçık	NOUN	VOICING
yat	NOUN	-
yat	VERB	-
yatabil	VERB	-
yatabilme	NOUN	-
yatak	NOUN	VOICING
yatakhane	NOUN	-
yatakçı	NOUN	-
yatalak	ADJ	-
yatay	ADJ	-
yatağan	NOUN	-
yatkın	ADJ	-
yatkın	NOUN	-
yatkınlaş	VERB	-
yatma	NOUN	-
yatsı	NOUN	-
yatuğan	NOUN	-
yatçı	NOUN	-
yatı	NOUN	-
yatık	ADJ	VOICING
yatık	NOUN	VOICING
yatıl	VERB	-
yatılma	NOUN	-
yatılış	NOUN	-
yatım	NOUN	-
yatır	NOUN	-
yatır	VERB	-
yatırabil	VERB	-
yatırabilme	NOUN	-
yatırma	NOUN	-
yatırt	VERB	-
yatırtma	NOUN	-
yatırıl	VERB	-
yatırılma	NOUN	-
yatırım	NOUN	-
yatırış	NOUN	-
yatıver	VERB	-
yatıverme	NOUN	-
yatış	NOUN	-
yatış	VERB	-
yatışma	NOUN	-
yatıştır	VERB	-
yatıştırabil	VERB	-
yatıştırabilme	NOUN	-
yatıştırma	NOUN	-
yavan	ADJ	-
yavan	NOUN	-
yavanlaş	VERB	-
yavanlaştır	VERB	-
yavaş	ADJ	-
yavaş	ADV	-
yavaş	NOUN	-
yavaş!	NOUN	-
yavaşa	NOUN	-
yavaşla	VERB	-
yavaşlama	NOUN	-
yavaşlat	VERB	-
yavaşlatabil	VERB	-
yavaşlatabilme	NOUN	-
yavaşlatma	NOUN	-
yavaşlatıl	VERB	-
yavaşlatılma	NOUN	-
yavaşlatış	NOUN	-
yavaşlayabil	VERB	-
yavaşlayabilme	NOUN	-
yavaşlayış	NOUN	-
yavaşça	ADV	-
yavaşçacık	ADV	-
yave	NOUN	-
yaver	NOUN	-
yavru	NOUN	-
yavruağzı	ADJ	-
yavruağzı	NOUN	-
yavrucak	NOUN	VOICING
yavrucağız	NOUN	-
yavrucuk	NOUN	VOICING
yavrukurt	NOUN	VOICING
yavrula	VERB	-
yavrulama	NOUN	-
yavrulat	VERB	-
yavrulatma	NOUN	-
yavrum!	NOUN	-
yavsı	NOUN	-
yavukla	VERB	-
yavuklama	NOUN	-
yavuklan	VERB	-
yavuz	ADJ	-
yavuz	NOUN	-
yavuzca	ADV	-
yavuzlan	VERB	-
yavuzlaş	VERB	-
yavşak	NOUN	VOICING
yavşan	NOUN	-
yay	NOUN	-
yay	VERB	-
yaya	ADV	-
yaya	NOUN	-
yayabil	VERB	-
yayabilme	NOUN	-
yayalaştır	VERB	-
yayan	ADJ	-
yayan	ADV	-
yayan	NOUN	-
yaydır	VERB	-
yaydırma	NOUN	-
yaygara	NOUN	-
yaygı	NOUN	-
yaygın	ADJ	-
yaygın	NOUN	-
yaygınlaş	VERB	-
yaygınlaşabil	VERB	-
yaygınlaşabilme	NOUN	-
yaygınlaştır	VERB	-
yaygınlaştırabil	VERB	-
yaygınlaştırabilme	NOUN	-
yayla	NOUN	-
yayla	VERB	-
yaylak	NOUN	VOICING
yaylakiye	NOUN	-
yaylama	NOUN	-
yaylan	VERB	-
yaylandır	VERB	-
yaylım	NOUN	-
yayma	NOUN	-
yaymaca	NOUN	-
yayvan	ADJ	-
yayvanlaş	VERB	-
yayçizer	NOUN	-
yayık	ADJ	VOICING
yayık	NOUN	VOICING
yayıkla	VERB	-
yayıklama	NOUN	-
yayıl	VERB	-
yayılabil	VERB	-
yayılabilme	NOUN	-
yayılma	NOUN	-
yayılım	NOUN	-
yayılıver	VERB	-
yayılıverme	NOUN	-
yayılış	NOUN	-
yayım	NOUN	-
yayımla	VERB	-
yayımlama	NOUN	-
yayımlan	VERB	-
yayımlanış	NOUN	-
yayımlat	VERB	-
yayımlatabil	VERB	-
yayımlatabilme	NOUN	-
yayımlatma	NOUN	-
yayımlayabil	VERB	-
yayımlayabilme	NOUN	-
yayımlayış	NOUN	-
yayın	NOUN	-
yayındırma	NOUN	-
yayınevi	NOUN	-
yayınispi	NOUN	-
yayınla	VERB	-
yayınlama	NOUN	-
yayınma	NOUN	-
yayıntı	NOUN	-
yayınık	ADJ	-
yayınım	NOUN	-
yayış	NOUN	-
yaz	NOUN	-
yaz	VERB	-
yazabil	VERB	-
yazabilme	NOUN	-
yazadur	VERB	-
yazadurma	NOUN	-
yazanak	NOUN	VOICING
yazar	ADJ	-
yazar	NOUN	-
yazarçizer	ADJ	-
yazarımsı	ADJ	-
yazboz	NOUN	-
yazdır	VERB	-
yazdırabil	VERB	-
yazdırabilme	NOUN	-
yazdırma	NOUN	-
yazdırt	VERB	-
yazdırtma	NOUN	-
yazdırım	NOUN	-
yazdırış	NOUN	-
yazgı	NOUN	-
yazgısal	ADJ	-
yazla	VERB	-
yazlama	NOUN	-
yazlıkçı	NOUN	-
yazma	ADJ	-
yazma	NOUN	-
yazman	NOUN	-
yazı	NOUN	-
yazıhane	NOUN	-
yazık	INTERJ	VOICING
yazık	NOUN	VOICING
yazıklan	VERB	-
yazıl	VERB	-
yazıla	NOUN	-
yazılabil	VERB	-
yazılabilme	NOUN	-
yazılagel	VERB	-
yazılagelme	NOUN	-
yazılma	NOUN	-
yazılım	NOUN	-
yazılış	NOUN	-
yazım	NOUN	-
yazın	ADV	-
yazın	NOUN	-
yazınsal	ADJ	-
yazıt	NOUN	-
yazıver	VERB	-
yazıverme	NOUN	-
yazış	NOUN	-
yazış	VERB	-
yazışabil	VERB	-
yazışabilme	NOUN	-
yazışma	NOUN	-
yağ	NOUN	-
yağ	VERB	-
yağabil	VERB	-
yağabilme	NOUN	-
yağar	NOUN	-
yağdır	VERB	-
yağdırabil	VERB	-
yağdırabilme	NOUN	-
yağdırma	NOUN	-
yağdırıl	VERB	-
yağdırılma	NOUN	-
yağhane	NOUN	-
yağla	VERB	-
yağlama	NOUN	-
yağlan	VERB	-
yağlanış	NOUN	-
yağlat	VERB	-
yağlatma	NOUN	-
yağlayabil	VERB	-
yağlayabilme	NOUN	-
yağlayış	NOUN	-
yağlıkçı	NOUN	-
yağma	ADJ	-
yağma	NOUN	-
yağmala	VERB	-
yağmalama	NOUN	-
yağmalan	VERB	-
yağmalanış	NOUN	-
yağmalat	VERB	-
yağmalatma	NOUN	-
yağmalayabil	VERB	-
yağmalayabilme	NOUN	-
yağmur	NOUN	-
yağmurca	NOUN	-
yağmurkuşağı	NOUN	-
yağmurla	VERB	-
yağmurlama	NOUN	-
yağmurölçer	NOUN	-
yağrın	NOUN	-
yağsı	ADJ	-
yağölçer	NOUN	-
yağı	NOUN	-
yağılaş	VERB	-
yağıltı	NOUN	-
yağımsı	ADJ	-
yağır	NOUN	-
yağıver	VERB	-
yağıverme	NOUN	-
yağız	ADJ	-
yağız	NOUN	-
yağış	NOUN	-
yağışölçer	NOUN	-
yaş	ADJ	-
yaş	NOUN	-
yaş	VERB	VOICING
yaşa	INTERJ	-
yaşa	VERB	-
yaşam	NOUN	-
yaşama	NOUN	-
yaşamaca	ADV	-
yaşamsal	ADJ	-
yaşamüstü	ADJ	-
yaşan	VERB	-
yaşanabil	VERB	-
yaşanabilme	NOUN	-
yaşanak	NOUN	VOICING
yaşanma	NOUN	-
yaşanmazlaştır	VERB	-
yaşantı	NOUN	-
yaşanıl	VERB	-
yaşanılabil	VERB	-
yaşanılabilme	NOUN	-
yaşanılma	NOUN	-
yaşanılış	NOUN	-
yaşanış	NOUN	-
yaşar	VERB	-
yaşarma	NOUN	-
yaşart	VERB	-
yaşartma	NOUN	-
yaşasın	INTERJ	-
yaşat	VERB	-
yaşatabil	VERB	-
yaşatabilme	NOUN	-
yaşatkan	ADJ	-
yaşatma	NOUN	-
yaşatma	VERB	-
yaşattır	VERB	-
yaşattırma	NOUN	-
yaşatış	NOUN	-
yaşayabil	VERB	-
yaşayabilme	NOUN	-
yaşayış	NOUN	-
yaşlan	VERB	-
yaşlanabil	VERB	-
yaşlanabilme	NOUN	-
yaşlandır	VERB	-
yaşlanıver	VERB	-
yaşlanıverme	NOUN	-
yaşlanış	NOUN	-
yaşlıca	ADJ	-
yaşmakla	VERB	-
yaşmaklama	NOUN	-
yaşmaklan	VERB	-
yaşça	ADV	-
yaşında	NOUN	-
yaşıt	NOUN	-
ye	NOUN	-
ye	VERB	-
yed	VERB	-
yedek	ADJ	VOICING
yedek	NOUN	VOICING
yedekle	VERB	-
yedekleme	NOUN	-
yedekleş	VERB	-
yedekçi	NOUN	-
yedi	ADJ	-
yedi	NOUN	-
yediemin	NOUN	-
yedigen	ADJ	-
yedigen	NOUN	-
yedil	VERB	-
yediler	NOUN	-
yedilme	NOUN	-
yedir	VERB	-
yedirebil	VERB	-
yedirebilme	NOUN	-
yediril	VERB	-
yediriliş	NOUN	-
yedirilme	NOUN	-
yediriş	NOUN	-
yedirme	NOUN	-
yedirt	VERB	-
yedirtme	NOUN	-
yeditaş	ADJ	-
yediveren	ADJ	-
yediveren	NOUN	-
yediz	ADJ	-
yedişer	ADJ	-
yedişer	NOUN	-
yedme	NOUN	-
yegâh	NOUN	-
yegân	NOUN	-
yegâne	ADJ	-
yeis	NOUN	-
yek	ADJ	-
yekdiğeri	PRON	-
yekdü	NOUN	-
yeke	NOUN	-
yekin	VERB	-
yekiniş	NOUN	-
yekinme	NOUN	-
yeknesak	ADJ	-
yekpare	ADJ	-
yekpare	ADV	-
yeksan	ADJ	-
yeksan	NOUN	-
yekta	ADJ	-
yekten	ADV	-
yekten	NOUN	-
yekvücut	ADV	-
yekûn	NOUN	-
yel	NOUN	-
yel	VERB	-
yeldir	VERB	-
yeldirme	NOUN	-
yele	NOUN	-
yelek	NOUN	VOICING
yeleken	ADJ	-
yelekle	VERB	-
yelekleme	NOUN	-
yeleklen	VERB	-
yelelen	VERB	-
yeleme	ADJ	-
yelengeç	ADJ	-
yeleç	ADJ	-
yelin	NOUN	-
yelken	NOUN	-
yelkenkanat	NOUN	VOICING
yelkenle	VERB	-
yelkenleme	NOUN	-
yelkesen	NOUN	-
yelkovan	NOUN	-
yelkovangiller	NOUN	-
yelkıran	NOUN	-
yelle	VERB	-
yelleme	NOUN	-
yellen	VERB	-
yellendir	VERB	-
yelloz	ADJ	-
yelme	NOUN	-
yelpaze	ADJ	-
yelpaze	NOUN	-
yelpazele	VERB	-
yelpazeleme	NOUN	-
yelpazelen	VERB	-
yelpik	NOUN	VOICING
yelpirde	VERB	-
yelpirdeme	NOUN	-
yelpirdet	VERB	-
yelpirdetme	NOUN	-
yelse	VERB	-
yelseme	NOUN	-
yeltek	ADJ	-
yelten	VERB	-
yelteniş	NOUN	-
yeltenme	NOUN	-
yelve	NOUN	-
yelyutan	NOUN	-
yelölçer	NOUN	-
yem	NOUN	-
yeme	NOUN	-
yemek	NOUN	VOICING
yemekaltı	NOUN	-
yemekhane	NOUN	-
yemekçi	NOUN	-
yemeni	NOUN	-
yemin	NOUN	-
yemiş	NOUN	-
yemişen	NOUN	-
yemişlen	VERB	-
yemişçi	NOUN	-
yemişçil	ADJ	-
yemle	VERB	-
yemleme	NOUN	-
yemlen	VERB	-
yemleniş	NOUN	-
yemyeşil	ADJ	-
yen	NOUN	-
yen	VERB	-
yendir	VERB	-
yendirme	NOUN	-
yenebil	VERB	-
yenebilme	NOUN	-
yenge	INTERJ	-
yenge	NOUN	-
yengen	NOUN	-
yengeç	NOUN	VOICING
yengeçvari	ADV	-
yengi	NOUN	-
yeni	ADJ	-
yeni	ADV	-
yeni	NOUN	-
yenibahar	NOUN	-
yenice	ADJ	-
yenice	ADV	-
yeniden	ADV	-
yenidoğan	NOUN	-
yenidünya	NOUN	-
yenik	ADJ	VOICING
yenik	NOUN	VOICING
yenil	VERB	-
yenile	VERB	-
yenileme	NOUN	-
yenilen	VERB	-
yenilenebil	VERB	-
yenilenebilir	ADJ	-
yenilenebilme	NOUN	-
yenileniş	NOUN	-
yenilerde	ADV	-
yenilet	VERB	-
yeniletebil	VERB	-
yeniletebilme	NOUN	-
yeniletme	NOUN	-
yenileyebil	VERB	-
yenileyebilme	NOUN	-
yenileyiş	NOUN	-
yenileş	VERB	-
yenileşim	NOUN	-
yenileştir	VERB	-
yenilgi	NOUN	-
yenilikçi	ADJ	-
yeniliş	NOUN	-
yenilme	NOUN	-
yenimsi	ADJ	-
yenirce	NOUN	-
yeniçeri	NOUN	-
yeniş	VERB	-
yenişebil	VERB	-
yenişebilme	NOUN	-
yenişme	NOUN	-
yenme	NOUN	-
yepelek	ADJ	-
yepyeni	ADJ	-
yepyeni	ADV	-
yepyeni	NOUN	-
yer	NOUN	-
yer	VERB	-
yeraltı	ADJ	-
yeraltı	NOUN	-
yerberi	NOUN	-
yerdegezen	NOUN	-
yerdeş	NOUN	-
yeregeçen	NOUN	-
yerel	ADJ	-
yerel	NOUN	-
yerelleş	VERB	-
yerelleştir	VERB	-
yerey	NOUN	-
yereşeği	NOUN	-
yergi	NOUN	-
yeridir	NOUN	-
yeril	VERB	-
yerilme	NOUN	-
yerin	VERB	-
yerinde	ADJ	-
yerinde	ADV	-
yerindir	VERB	-
yerindirme	NOUN	-
yerine	ADV	-
yerine	NOUN	-
yerinel	ADJ	-
yerinme	NOUN	-
yerküre	NOUN	-
yerleş	VERB	-
yerleşebil	VERB	-
yerleşebilme	NOUN	-
yerleşik	ADJ	-
yerleşik	NOUN	-
yerleşil	VERB	-
yerleşilme	NOUN	-
yerleşim	NOUN	-
yerleşke	NOUN	-
yerleştir	VERB	-
yerleştirebil	VERB	-
yerleştirebilme	NOUN	-
yerleştiril	VERB	-
yerleştirilebil	VERB	-
yerleştirilebilme	NOUN	-
yerleştirilme	NOUN	-
yerlileş	VERB	-
yerlileştir	VERB	-
yerme	NOUN	-
yersel	ADJ	-
yersizleş	VERB	-
yeryüzü	NOUN	-
yeröte	NOUN	-
yestehle	VERB	-
yestehleme	NOUN	-
yet	VERB	-
yetebil	VERB	-
yetebilme	NOUN	-
yetenek	NOUN	VOICING
yeteneklice	ADV	-
yeteneksizce	ADV	-
yeter	ADJ	-
yeter	INTERJ	-
yeterince	ADV	-
yetersizleş	VERB	-
yeti	NOUN	-
yetik	ADJ	-
yetik	NOUN	-
yetim	ADJ	-
yetime	NOUN	-
yetimhane	NOUN	-
yetin	VERB	-
yetinebil	VERB	-
yetinebilme	NOUN	-
yetingen	ADJ	-
yetinil	VERB	-
yetinilme	NOUN	-
yetiniş	NOUN	-
yetinme	NOUN	-
yetir	VERB	-
yetirebil	VERB	-
yetirebilme	NOUN	-
yetiriş	NOUN	-
yetirme	NOUN	-
yetiş	VERB	-
yetişebil	VERB	-
yetişebilme	NOUN	-
yetişek	NOUN	VOICING
yetişil	VERB	-
yetişilme	NOUN	-
yetişim	NOUN	-
yetişkin	ADJ	-
yetişkin	NOUN	-
yetişme	NOUN	-
yetişmeyesi!	NOUN	-
yetişmiş	ADJ	-
yetiştir	VERB	-
yetiştirebil	VERB	-
yetiştirebilme	NOUN	-
yetiştiril	VERB	-
yetiştirilebil	VERB	-
yetiştirilebilme	NOUN	-
yetiştirilme	NOUN	-
yetiştirim	NOUN	-
yetiştirme	NOUN	-
yetke	NOUN	-
yetki	NOUN	-
yetkilendir	VERB	-
yetkilendirim	NOUN	-
yetkin	ADJ	-
yetkinleş	VERB	-
yetkinleştir	VERB	-
yetme	NOUN	-
yetmezlen	VERB	-
yetmiş	ADJ	-
yetmiş	NOUN	-
yetmişer	ADJ	-
yetmişer	NOUN	-
yevmi	ADJ	-
yevmiye	ADV	-
yevmiye	NOUN	-
yeygi	NOUN	-
yezit	ADJ	VOICING
yezit	NOUN	VOICING
yeğ	ADJ	-
yeğen	INTERJ	-
yeğen	NOUN	-
yeğin	ADJ	-
yeğin	NOUN	-
yeğinleş	VERB	-
yeğle	VERB	-
yeğleme	NOUN	-
yeğlen	VERB	-
yeğleniş	NOUN	-
yeğleyebil	VERB	-
yeğleyebilme	NOUN	-
yeğleyiş	NOUN	-
yeğni	ADJ	-
yeğni	NOUN	-
yeğnil	VERB	-
yeğnile	VERB	-
yeğnileme	NOUN	-
yeğnilme	NOUN	-
yeğnilt	VERB	-
yeğniltme	NOUN	-
yeğnise	VERB	-
yeğniseme	NOUN	-
yeğrek	ADJ	-
yeşer	VERB	-
yeşerebil	VERB	-
yeşerebilme	NOUN	-
yeşerme	NOUN	-
yeşert	VERB	-
yeşertebil	VERB	-
yeşertebilme	NOUN	-
yeşerti	NOUN	-
yeşertme	NOUN	-
yeşil	ADJ	-
yeşil	NOUN	-
yeşilbağa	NOUN	-
yeşilbaş	NOUN	-
yeşilimsi	ADJ	-
yeşilimtırak	ADJ	-
yeşillen	VERB	-
yeşillendir	VERB	-
yeşilsazan	NOUN	-
yeşilçekirge	NOUN	-
yeşim	NOUN	-
yilbik	NOUN	VOICING
yine	ADV	-
yine	NOUN	-
yinele	VERB	-
yineleme	NOUN	-
yinelen	VERB	-
yinelenebil	VERB	-
yinelenebilme	NOUN	-
yineleniş	NOUN	-
yinelet	VERB	-
yineletebil	VERB	-
yineletebilme	NOUN	-
yineletme	NOUN	-
yineleyebil	VERB	-
yineleyebilme	NOUN	-
yineleyiş	NOUN	-
yirik	ADJ	VOICING
yirik	NOUN	VOICING
yirmi	ADJ	-
yirmi	NOUN	-
yirmibir	NOUN	-
yirmişer	ADJ	-
yirmişer	NOUN	-
yit	VERB	-
yitik	ADJ	VOICING
yitik	NOUN	VOICING
yitim	NOUN	-
yitir	VERB	-
yitirebil	VERB	-
yitirebilme	NOUN	-
yitiril	VERB	-
yitirilme	NOUN	-
yitiriver	VERB	-
yitiriverme	NOUN	-
yitiriş	NOUN	-
yitirme	NOUN	-
yitirt	VERB	-
yitirtme	NOUN	-
yitiş	NOUN	-
yitme	NOUN	-
yiv	NOUN	-
yivaçar	NOUN	-
yivle	VERB	-
yivleme	NOUN	-
yiyebil	VERB	-
yiyebilme	NOUN	-
yiyecek	ADJ	VOICING
yiyecek	NOUN	VOICING
yiyim	NOUN	-
yiyinti	NOUN	-
yiyiver	VERB	-
yiyiverme	NOUN	-
yiyiş	NOUN	-
yiyorsa	NOUN	-
yiğit	ADJ	VOICING
yiğit	NOUN	VOICING
yiğitbaşı	NOUN	-
yiğitleme	NOUN	-
yiğitlen	VERB	-
yiğitlendir	VERB	-
yiğitleş	VERB	-
yiğitçe	ADV	-
yiğitçe	NOUN	-
yo	INTERJ	-
yo	NOUN	-
yobaz	ADJ	-
yobaz	NOUN	-
yobazca	ADJ	-
yobazca	ADV	-
yobazlaş	VERB	-
yobazlaştır	VERB	-
yoga	NOUN	-
yogi	NOUN	-
yok	ADJ	-
yok	CONJ	-
yok	INTERJ	-
yok	NOUN	-
yokla	VERB	-
yoklama	NOUN	-
yoklan	VERB	-
yoklat	VERB	-
yoklatma	NOUN	-
yoklayabil	VERB	-
yoklayabilme	NOUN	-
yoklayıver	VERB	-
yoklayıverme	NOUN	-
yoklayış	NOUN	-
yoklaş	VERB	-
yokoğluyok	NOUN	-
yoksa	CONJ	-
yoksa	NOUN	-
yoksul	ADJ	-
yoksul	NOUN	-
yoksullaş	VERB	-
yoksullaştır	VERB	-
yoksun	ADJ	-
yokum	NOUN	-
yokumsa	VERB	-
yokumsama	NOUN	-
yokuş	NOUN	-
yokuşçu	NOUN	-
yokçu	ADJ	-
yol	NOUN	-
yol	VERB	-
yolak	NOUN	VOICING
yolbil	NOUN	-
yolbul	NOUN	-
yolcula	VERB	-
yolculama	NOUN	-
yoldaş	NOUN	-
yoldur	VERB	-
yoldurma	NOUN	-
yoldurt	VERB	-
yoldurtma	NOUN	-
yoldüzler	NOUN	-
yolkesen	ADJ	-
yolla	VERB	-
yollama	NOUN	-
yollan	VERB	-
yollanış	NOUN	-
yollat	VERB	-
yollatma	NOUN	-
yollayabil	VERB	-
yollayabilme	NOUN	-
yollayış	NOUN	-
yolma	NOUN	-
yolun	VERB	-
yolunma	NOUN	-
yoluyla	ADV	-
yoluyla	NOUN	-
yoluyla	POSTP	-
yolüstü	NOUN	-
yom	NOUN	-
yoma	NOUN	-
yon	VERB	-
yonca	NOUN	-
yonga	NOUN	-
yongala	VERB	-
yongalama	NOUN	-
yongar	NOUN	-
yonma	NOUN	-
yont	NOUN	-
yont	VERB	-
yontabil	VERB	-
yontabilme	NOUN	-
yontma	ADJ	-
yontma	NOUN	-
yontu	NOUN	-
yontuk	ADJ	VOICING
yontuk	NOUN	VOICING
yontul	VERB	-
yontulma	NOUN	-
yonul	VERB	-
yonulma	NOUN	-
yor	VERB	-
yorabil	VERB	-
yorabilme	NOUN	-
yorda	VERB	-
yordam	NOUN	-
yordama	NOUN	-
yordamla	VERB	-
yordamlama	NOUN	-
yordur	VERB	-
yordurma	NOUN	-
yordurt	VERB	-
yordurtma	NOUN	-
yorga	NOUN	-
yorgala	VERB	-
yorgalama	NOUN	-
yorgan	NOUN	-
yorgun	ADJ	-
yorma	NOUN	-
yort	VERB	-
yortma	NOUN	-
yortu	NOUN	-
yorul	VERB	-
yorulabil	VERB	-
yorulabilme	NOUN	-
yorulma	NOUN	-
yoruluver	VERB	-
yoruluverme	NOUN	-
yoruluş	NOUN	-
yorum	NOUN	-
yorumla	VERB	-
yorumlama	NOUN	-
yorumlan	VERB	-
yorumlanabil	VERB	-
yorumlanabilme	NOUN	-
yorumlanış	NOUN	-
yorumlat	VERB	-
yorumlatabil	VERB	-
yorumlatabilme	NOUN	-
yorumlatma	NOUN	-
yorumlattır	VERB	-
yorumlattırma	NOUN	-
yorumlayabil	VERB	-
yorumlayabilme	NOUN	-
yorumlayış	NOUN	-
yosma	ADJ	-
yosmaca	ADV	-
yosun	NOUN	-
yosuncul	ADJ	-
yosunlan	VERB	-
yosunlaş	VERB	-
yoz	ADJ	-
yoz	NOUN	-
yozlaş	VERB	-
yozlaştır	VERB	-
yozlaştırabil	VERB	-
yozlaştırabilme	NOUN	-
yozlaşık	ADJ	-
yoğ	NOUN	-
yoğal	VERB	-
yoğalma	NOUN	-
yoğalt	VERB	-
yoğaltma	NOUN	-
yoğaltıl	VERB	-
yoğaltılma	NOUN	-
yoğaltım	NOUN	-
yoğrul	VERB	-
yoğrulabil	VERB	-
yoğrulabilme	NOUN	-
yoğrulma	NOUN	-
yoğrum	NOUN	-
yoğun	ADJ	-
yoğun	NOUN	-
yoğunlaç	NOUN	VOICING
yoğunlaş	VERB	-
yoğunlaşabil	VERB	-
yoğunlaşabilme	NOUN	-
yoğunlaştır	VERB	-
yoğunlaştırabil	VERB	-
yoğunlaştırabilme	NOUN	-
yoğunlukölçer	NOUN	-
yoğur	VERB	-
yoğurabil	VERB	-
yoğurabilme	NOUN	-
yoğurma	NOUN	-
yoğurt	NOUN	VOICING
yoğurt	VERB	-
yoğurthane	NOUN	-
yoğurtla	VERB	-
yoğurtlama	NOUN	-
yoğurtma	NOUN	-
yoğurtçu	NOUN	-
yoğuş	VERB	-
yoğuşma	NOUN	-
yoğuştur	VERB	-
yoğuşturma	NOUN	-
yu	VERB	-
yudum	NOUN	-
yudumla	VERB	-
yudumlama	NOUN	-
yudumlan	VERB	-
yudumlat	VERB	-
yudumlatma	NOUN	-
yudumlayabil	VERB	-
yudumlayabilme	NOUN	-
yudumlayış	NOUN	-
yuf	INTERJ	-
yufka	ADJ	-
yufka	NOUN	-
yuh	INTERJ	-
yuha	INTERJ	-
yuhala	VERB	-
yuhalama	NOUN	-
yuhalan	VERB	-
yuhalat	VERB	-
yuhalatma	NOUN	-
yuka	NOUN	-
yukarı	ADJ	-
yukarı	ADV	-
yukarı	NOUN	-
yukarıdan	ADV	-
yukaç	NOUN	VOICING
yulaf	NOUN	-
yular	NOUN	-
yum	VERB	-
yuma	NOUN	-
yumabil	VERB	-
yumabilme	NOUN	-
yumakla	VERB	-
yumaklama	NOUN	-
yumaklan	VERB	-
yumdur	VERB	-
yumdurma	NOUN	-
yumma	NOUN	-
yumru	ADJ	-
yumru	NOUN	-
yumrucuk	NOUN	VOICING
yumruk	NOUN	VOICING
yumrukla	VERB	-
yumruklama	NOUN	-
yumruklan	VERB	-
yumruklayabil	VERB	-
yumruklayabilme	NOUN	-
yumruklaş	VERB	-
yumrulan	VERB	-
yumuk	ADJ	-
yumuk	NOUN	-
yumuklaş	VERB	-
yumul	VERB	-
yumulma	NOUN	-
yumurcak	NOUN	VOICING
yumurta	NOUN	-
yumurtacık	NOUN	VOICING
yumurtakökü	NOUN	-
yumurtamsı	ADJ	-
yumurtla	VERB	-
yumurtlama	NOUN	-
yumurtlat	VERB	-
yumurtlatma	NOUN	-
yumurtlayabil	VERB	-
yumurtlayabilme	NOUN	-
yumurtlayanlar	NOUN	-
yumurtlayıver	VERB	-
yumurtlayıverme	NOUN	-
yumuşa	VERB	-
yumuşacık	ADJ	-
yumuşak	ADJ	-
yumuşak	NOUN	-
yumuşaklaş	VERB	-
yumuşakça	ADJ	-
yumuşakça	ADV	-
yumuşakça	NOUN	-
yumuşakçalar	NOUN	-
yumuşama	NOUN	-
yumuşat	VERB	-
yumuşatabil	VERB	-
yumuşatabilme	NOUN	-
yumuşatma	NOUN	-
yumuşatıl	VERB	-
yumuşatılma	NOUN	-
yumuşatış	NOUN	-
yumuşayabil	VERB	-
yumuşayabilme	NOUN	-
yumuşayış	NOUN	-
yun	VERB	-
yuna	NOUN	-
yunak	NOUN	VOICING
yunma	NOUN	-
yunus	NOUN	-
yunusgiller	NOUN	-
yunuslar	NOUN	-
yurdu	NOUN	-
yurt	NOUN	VOICING
yurtlan	VERB	-
yurtlandır	VERB	-
yurtsa	VERB	-
yurtsal	ADJ	-
yurtsama	NOUN	-
yurtsever	ADJ	-
yurtsuzlaş	VERB	-
yurttaş	NOUN	-
yusufçuk	NOUN	VOICING
yusyumru	ADJ	-
yusyuvarlak	ADJ	-
yut	VERB	-
yutabil	VERB	-
yutabilme	NOUN	-
yutak	NOUN	VOICING
yutkun	VERB	-
yutkunabil	VERB	-
yutkunabilme	NOUN	-
yutkunma	NOUN	-
yutma	NOUN	-
yuttur	VERB	-
yutturabil	VERB	-
yutturabilme	NOUN	-
yutturma	NOUN	-
yutturmaca	NOUN	-
yutturul	VERB	-
yutturulma	NOUN	-
yutul	VERB	-
yutulma	NOUN	-
yutuluş	NOUN	-
yutum	NOUN	-
yutuver	VERB	-
yutuverme	NOUN	-
yutuş	NOUN	-
yuva	NOUN	-
yuvak	NOUN	VOICING
yuvala	VERB	-
yuvalama	NOUN	-
yuvalan	VERB	-
yuvar	NOUN	-
yuvarla	VERB	-
yuvarlacık	ADJ	-
yuvarlak	ADJ	VOICING
yuvarlak	NOUN	VOICING
yuvarlaklaş	VERB	-
yuvarlaklaştır	VERB	-
yuvarlama	NOUN	-
yuvarlan	VERB	-
yuvarlanabil	VERB	-
yuvarlanabilme	NOUN	-
yuvarlanıver	VERB	-
yuvarlanıverme	NOUN	-
yuvarlanış	NOUN	-
yuvarlat	VERB	-
yuvarlatma	NOUN	-
yuvarlayabil	VERB	-
yuvarlayabilme	NOUN	-
yuvarlayıver	VERB	-
yuvarlayıverme	NOUN	-
yuvarlayış	NOUN	-
yuvarölçer	NOUN	-
yuvgu	NOUN	-
yuvgula	VERB	-
yuvgulama	NOUN	-
yâd	NOUN	-
yâr	NOUN	-
yâran	NOUN	-
yâren	NOUN	-
yârenbaşı	NOUN	-
yârence	ADV	-
yön	NOUN	-
yönbul	NOUN	-
yönder	NOUN	-
yöndeş	ADJ	-
yönel	VERB	-
yönelebil	VERB	-
yönelebilme	NOUN	-
yönelim	NOUN	-
yönelin	VERB	-
yönelinme	NOUN	-
yöneliş	NOUN	-
yönelme	NOUN	-
yönelt	VERB	-
yöneltebil	VERB	-
yöneltebilme	NOUN	-
yönelteç	NOUN	VOICING
yöneltil	VERB	-
yöneltiliş	NOUN	-
yöneltilme	NOUN	-
yöneltim	NOUN	-
yöneltiş	NOUN	-
yöneltme	NOUN	-
yönerge	NOUN	-
yönet	VERB	-
yönetebil	VERB	-
yönetebilme	NOUN	-
yönetil	VERB	-
yönetilebil	VERB	-
yönetilebilme	NOUN	-
yönetilme	NOUN	-
yönetim	NOUN	-
yönetimsel	ADJ	-
yönetiş	NOUN	-
yönetişim	NOUN	-
yönetme	NOUN	-
yönetmen	NOUN	-
yönetsel	ADJ	-
yönettir	VERB	-
yönettirme	NOUN	-
yöney	NOUN	-
yöneylem	NOUN	-
yönlen	VERB	-
yönlendir	VERB	-
yönlendirebil	VERB	-
yönlendirebilme	NOUN	-
yönlendiril	VERB	-
yönlendiriliş	NOUN	-
yönlendirilme	NOUN	-
yönlendiriş	NOUN	-
yönleniş	NOUN	-
yönseme	NOUN	-
yöntem	NOUN	-
yönüyle	ADV	-
yöre	NOUN	-
yörekent	NOUN	-
yöresel	ADJ	-
yöresel	NOUN	-
yöreselleş	VERB	-
yöreselleştir	VERB	-
yörünge	NOUN	-
yüce	ADJ	-
yücel	VERB	-
yücelebil	VERB	-
yücelebilme	NOUN	-
yücelen	VERB	-
yücelim	NOUN	-
yüceliş	NOUN	-
yücelme	NOUN	-
yücelt	VERB	-
yüceltebil	VERB	-
yüceltebilme	NOUN	-
yüceltil	VERB	-
yüceltiliş	NOUN	-
yüceltilme	NOUN	-
yüceltiş	NOUN	-
yüceltme	NOUN	-
yük	NOUN	-
yükle	VERB	-
yüklem	NOUN	-
yükleme	NOUN	-
yüklen	VERB	-
yüklenebil	VERB	-
yüklenebilme	NOUN	-
yüklenil	VERB	-
yüklenilme	NOUN	-
yükleniş	NOUN	-
yüklenti	NOUN	-
yükler	NOUN	-
yüklet	VERB	-
yükletebil	VERB	-
yükletebilme	NOUN	-
yükletil	VERB	-
yükletilme	NOUN	-
yükletme	NOUN	-
yüklettir	VERB	-
yüklettirme	NOUN	-
yükleyebil	VERB	-
yükleyebilme	NOUN	-
yükleyiş	NOUN	-
yüklüce	ADJ	-
yüksek	ADJ	VOICING
yüksek	NOUN	VOICING
yükseklikölçer	NOUN	-
yüksekokul	NOUN	-
yükseköğrenim	NOUN	-
yükseköğretim	NOUN	-
yüksel	VERB	-
yükselebil	VERB	-
yükselebilme	NOUN	-
yükselim	NOUN	-
yükseliver	VERB	-
yükseliverme	NOUN	-
yükseliş	NOUN	-
yükselme	NOUN	-
yükselt	VERB	-
yükseltebil	VERB	-
yükseltebilme	NOUN	-
yükselteç	NOUN	VOICING
yükseltge	VERB	-
yükseltgeme	NOUN	-
yükseltgen	VERB	-
yükseltgenme	NOUN	-
yükselti	NOUN	-
yükseltil	VERB	-
yükseltiliş	NOUN	-
yükseltilme	NOUN	-
yükseltiş	NOUN	-
yükseltme	NOUN	-
yükselttir	VERB	-
yükselttirme	NOUN	-
yüksük	NOUN	VOICING
yüksüksü	ADJ	-
yüksün	VERB	-
yüksünme	NOUN	-
yüksünül	VERB	-
yüksünülme	NOUN	-
yükçeker	NOUN	-
yükçü	NOUN	-
yüküm	NOUN	-
yükümlen	VERB	-
yükümlendir	VERB	-
yükün	NOUN	-
yükün	VERB	-
yükündür	VERB	-
yükündürme	NOUN	-
yükünme	NOUN	-
yülgü	NOUN	-
yülüme	NOUN	-
yülün	VERB	-
yülünme	NOUN	-
yün	ADJ	-
yün	NOUN	-
yüpür	VERB	-
yüpürme	NOUN	-
yürek	NOUN	VOICING
yüreklen	VERB	-
yüreklendir	VERB	-
yüreksi	ADJ	-
yüreksizce	ADV	-
yürekten	ADV	-
yürü	VERB	-
yürü!	NOUN	-
yürük	ADJ	VOICING
yürük	NOUN	VOICING
yürüme	NOUN	-
yürün	VERB	-
yürünme	NOUN	-
yürürçalar	NOUN	-
yürüt	VERB	-
yürütebil	VERB	-
yürütebilme	NOUN	-
yürüten	NOUN	-
yürüteç	NOUN	VOICING
yürütme	NOUN	-
yürüttür	VERB	-
yürüttürme	NOUN	-
yürütül	VERB	-
yürütülebil	VERB	-
yürütülebilme	NOUN	-
yürütülme	NOUN	-
yürütülüş	NOUN	-
yürütüm	NOUN	-
yürütüş	NOUN	-
yürüyebil	VERB	-
yürüyebilme	NOUN	-
yürüyüş	NOUN	-
yüsrü	ADJ	-
yüsrü	NOUN	-
yüz	ADJ	-
yüz	NOUN	-
yüz	VERB	-
yüzbaşı	NOUN	-
yüzbeyüz	ADV	-
yüzde	NOUN	-
yüzdür	VERB	-
yüzdürebil	VERB	-
yüzdürebilme	NOUN	-
yüzdürme	NOUN	-
yüzdürül	VERB	-
yüzdürülme	NOUN	-
yüzebil	VERB	-
yüzebilme	NOUN	-
yüzer	ADJ	-
yüzergezer	ADJ	-
yüzey	NOUN	-
yüzeyleş	VERB	-
yüzeyleştir	VERB	-
yüzeysel	ADJ	-
yüzeysel	NOUN	-
yüzeyselleş	VERB	-
yüzeyselleştir	VERB	-
yüzgeç	ADJ	VOICING
yüzgeç	NOUN	VOICING
yüzle	VERB	-
yüzleme	NOUN	-
yüzlemece	ADJ	-
yüzlemece	ADV	-
yüzlen	VERB	-
yüzler	NOUN	-
yüzlerce	ADJ	-
yüzlet	VERB	-
yüzletme	NOUN	-
yüzleş	VERB	-
yüzleşebil	VERB	-
yüzleşebilme	NOUN	-
yüzleşmece	ADV	-
yüzleştir	VERB	-
yüzleştiril	VERB	-
yüzleştirilme	NOUN	-
yüzme	NOUN	-
yüznumara	NOUN	-
yüzsuyu	NOUN	-
yüzsüzce	ADV	-
yüzsüzleş	VERB	-
yüzsüzleştir	VERB	-
yüzsüzleştiril	VERB	-
yüzsüzleştirilme	NOUN	-
yüzyıl	NOUN	-
yüzyıllarca	ADV	-
yüzük	NOUN	VOICING
yüzükoyun	ADV	-
yüzüksü	ADJ	-
yüzül	VERB	-
yüzülme	NOUN	-
yüzünden	POSTP	-
yüzüstü	ADV	-
yüzüstü	NOUN	-
yüzüver	VERB	-
yüzüverme	NOUN	-
yüzüş	NOUN	-
yüğrük	ADJ	-
yüğrük	NOUN	-
yık	VERB	-
yıka	VERB	-
yıkabil	VERB	-
yıkabilme	NOUN	-
yıkama	NOUN	-
yıkamaç	NOUN	VOICING
yıkan	VERB	-
yıkanabil	VERB	-
yıkanabilme	NOUN	-
yıkanma	NOUN	-
yıkanıver	VERB	-
yıkanıverme	NOUN	-
yıkanış	NOUN	-
yıkat	VERB	-
yıkatma	NOUN	-
yıkattır	VERB	-
yıkattırma	NOUN	-
yıkayabil	VERB	-
yıkayabilme	NOUN	-
yıkayıver	VERB	-
yıkayıverme	NOUN	-
yıkayış	NOUN	-
yıkkın	ADJ	-
yıkma	NOUN	-
yıktır	VERB	-
yıktırabil	VERB	-
yıktırabilme	NOUN	-
yıktırma	NOUN	-
yıktırıl	VERB	-
yıktırılma	NOUN	-
yıkı	NOUN	-
yıkık	ADJ	-
yıkıl	VERB	-
yıkılabil	VERB	-
yıkılabilme	NOUN	-
yıkılma	NOUN	-
yıkılıver	VERB	-
yıkılıverme	NOUN	-
yıkılış	NOUN	-
yıkım	NOUN	-
yıkıntı	NOUN	-
yıkıver	VERB	-
yıkıverme	NOUN	-
yıkış	NOUN	-
yıkış	VERB	-
yıkışma	NOUN	-
yıl	NOUN	-
yıl	VERB	-
yılan	ADJ	-
yılan	NOUN	-
yılanbaşı	NOUN	-
yılancık	NOUN	VOICING
yılancıl	NOUN	-
yılaniğnesi	NOUN	-
yılankavi	ADJ	-
yılankemiği	NOUN	-
yılanyastığı	NOUN	-
yılanyastığıgiller	NOUN	-
yılaşırı	ADV	-
yılbaşı	NOUN	-
yıldır	VERB	-
yıldıra	VERB	-
yıldırabil	VERB	-
yıldırabilme	NOUN	-
yıldırak	ADJ	VOICING
yıldırak	NOUN	VOICING
yıldırama	NOUN	-
yıldırma	NOUN	-
yıldırı	NOUN	-
yıldırıl	VERB	-
yıldırılma	NOUN	-
yıldırım	ADJ	-
yıldırım	NOUN	-
yıldırımkıran	NOUN	-
yıldırımsavar	NOUN	-
yıldız	ADJ	-
yıldız	NOUN	-
yıldızcık	NOUN	VOICING
yıldızla	VERB	-
yıldızlama	NOUN	-
yıldızlaş	VERB	-
yıldızsı	ADJ	-
yıldızımsı	ADJ	-
yılgı	NOUN	-
yılgın	ADJ	-
yılgın	NOUN	-
yılgınca	ADV	-
yılkı	NOUN	-
yılla	VERB	-
yıllama	NOUN	-
yıllan	VERB	-
yıllandır	VERB	-
yıllarca	ADV	-
yıllat	VERB	-
yıllatma	NOUN	-
yıllıkçı	ADJ	-
yıllıkçı	NOUN	-
yıllığına	ADV	-
yılma	NOUN	-
yılmaz	ADJ	-
yılış	VERB	-
yılışkan	ADJ	-
yılışma	NOUN	-
yılışık	ADJ	-
yılışıkça	ADV	-
yıpra	VERB	-
yıprak	ADJ	-
yıprama	NOUN	-
yıpran	VERB	-
yıpranma	NOUN	-
yıpranış	NOUN	-
yıprat	VERB	-
yıpratabil	VERB	-
yıpratabilme	NOUN	-
yıpratma	NOUN	-
yıpratıl	VERB	-
yıpratılma	NOUN	-
yıpratış	NOUN	-
yır	NOUN	-
yırla	VERB	-
yırlama	NOUN	-
yırt	VERB	-
yırtabil	VERB	-
yırtabilme	NOUN	-
yırtlak	ADJ	-
yırtma	NOUN	-
yırtmaç	NOUN	VOICING
yırttır	VERB	-
yırttırma	NOUN	-
yırtıcılar	NOUN	-
yırtık	ADJ	VOICING
yırtık	NOUN	VOICING
yırtıkça	ADJ	-
yırtıkça	NOUN	-
yırtıl	VERB	-
yırtılma	NOUN	-
yırtılmış	ADJ	-
yırtılmış	NOUN	-
yırtılış	NOUN	-
yırtım	NOUN	-
yırtın	VERB	-
yırtınma	NOUN	-
yırtınış	NOUN	-
yırtış	NOUN	-
yırık	ADJ	-
yısa	INTERJ	-
yıvış	VERB	-
yıvışma	NOUN	-
yıvışık	ADJ	-
yıvışık	NOUN	-
yığ	VERB	-
yığabil	VERB	-
yığabilme	NOUN	-
yığdır	VERB	-
yığdırma	NOUN	-
yığma	NOUN	-
yığıl	VERB	-
yığılma	NOUN	-
yığılım	NOUN	-
yığılıver	VERB	-
yığılıverme	NOUN	-
yığılış	NOUN	-
yığılış	VERB	-
yığılışma	NOUN	-
yığın	NOUN	-
yığınak	NOUN	VOICING
yığınla	ADJ	-
yığıntı	NOUN	-
yığıver	VERB	-
yığıverme	NOUN	-
yığış	NOUN	-
yığış	VERB	-
yığışma	NOUN	-
yığışık	ADJ	-
yığışım	NOUN	-
zaaf	NOUN	-
zabit	ADJ	-
zabit	NOUN	-
zabitan	NOUN	-
zabıt	NOUN	-
zabıta	NOUN	-
zabıtname	NOUN	-
zade	ADJ	-
zade	NOUN	-
zadegân	NOUN	-
zafer	NOUN	-
zafiyet	NOUN	-
zafran	NOUN	-
zahir	ADJ	-
zahir	ADV	-
zahir	NOUN	-
zahirde	ADV	-
zahire	NOUN	-
zahiren	ADV	-
zahirî	ADJ	-
zahirî	NOUN	-
zahit	ADJ	-
zahme	NOUN	-
zahmet	NOUN	-
zahmetsizce	ADV	-
zahter	NOUN	-
zahîr	ADJ	-
zail	ADJ	-
zail	NOUN	-
zait	ADJ	VOICING
zait	NOUN	VOICING
zakkum	NOUN	-
zakkumgiller	NOUN	-
zakkumlaş	VERB	-
zalim	ADJ	-
zalimane	ADV	-
zalimce	ADJ	-
zalimce	ADV	-
zalimcesine	ADV	-
zalimleş	VERB	-
zalimleşebil	VERB	-
zalimleşebilme	NOUN	-
zam	NOUN	GEMINATION
zaman	NOUN	-
zamandaş	NOUN	-
zamane	NOUN	-
zamanla	ADV	-
zamanla	VERB	-
zamanlama	NOUN	-
zamanlayabil	VERB	-
zamanlayabilme	NOUN	-
zamanında	ADV	-
zamanında	NOUN	-
zamazingo	NOUN	-
zambak	NOUN	VOICING
zambakgiller	NOUN	-
zambır	NOUN	-
zamir	NOUN	-
zamk	NOUN	-
zamkinos	NOUN	-
zamkla	VERB	-
zamklama	NOUN	-
zamklan	VERB	-
zamkıarabi	NOUN	-
zamlan	VERB	-
zamme	NOUN	-
zammet	VERB	-
zammetme	NOUN	-
zampara	ADJ	-
zan	NOUN	GEMINATION
zanaat	NOUN	-
zanaatkâr	NOUN	-
zanaatçı	NOUN	-
zangoç	NOUN	VOICING
zangırda	VERB	-
zangırdama	NOUN	-
zangırdat	VERB	-
zangırdatma	NOUN	-
zangırtı	NOUN	-
zanka	NOUN	-
zannedil	VERB	-
zannedilme	NOUN	-
zannediş	NOUN	-
zannet	VERB	-
zannetme	NOUN	-
zanneyle	VERB	-
zanneyleme	NOUN	-
zannolun	VERB	-
zannolunma	NOUN	-
zapping	NOUN	-
zapt	NOUN	-
zaptiye	NOUN	-
zapturapt	NOUN	-
zar	NOUN	-
zarafet	NOUN	-
zarar	NOUN	-
zararlıkıran	NOUN	-
zararlılar	NOUN	-
zararsızca	ADV	-
zararına	ADV	-
zarf	NOUN	-
zarfla	VERB	-
zarflama	NOUN	-
zarflan	VERB	-
zarfçı	NOUN	-
zarfında	ADV	-
zargana	NOUN	-
zarif	ADJ	-
zarif	NOUN	-
zarifane	ADJ	-
zarifane	ADV	-
zarifçe	ADV	-
zarsı	ADJ	-
zarta	NOUN	-
zaruret	NOUN	-
zaruri	ADJ	-
zaruri	NOUN	-
zarılan	VERB	-
zarımsı	ADJ	-
zat	NOUN	-
zaten	ADV	-
zati	ADV	-
zatî	ADJ	-
zatî	NOUN	-
zatülcenp	NOUN	VOICING
zatürre	NOUN	-
zatıalileri	NOUN	-
zatıaliniz	NOUN	-
zaviye	NOUN	-
zaviyevi	ADJ	-
zayi	ADJ	-
zayi	NOUN	-
zayiat	NOUN	-
zayiçe	NOUN	-
zayıf	ADJ	-
zayıf	NOUN	-
zayıfla	VERB	-
zayıflama	NOUN	-
zayıflat	VERB	-
zayıflatabil	VERB	-
zayıflatabilme	NOUN	-
zayıflatma	NOUN	-
zayıflayabil	VERB	-
zayıflayabilme	NOUN	-
zayıflayış	NOUN	-
zaç	NOUN	VOICING
zağ	NOUN	-
zağanos	NOUN	-
zağar	NOUN	-
zağara	NOUN	-
zağla	VERB	-
zağlama	NOUN	-
ze	NOUN	-
zeamet	NOUN	-
zeban	NOUN	-
zebani	NOUN	-
zebella	NOUN	-
zebercet	NOUN	VOICING
zebra	NOUN	-
zebun	ADJ	-
zebunküş	ADJ	-
zebunlaş	VERB	-
zecir	NOUN	VOWEL_DROP
zecren	ADV	-
zecren	NOUN	-
zecrî	ADJ	-
zede	NOUN	-
zedele	VERB	-
zedeleme	NOUN	-
zedelen	VERB	-
zedeleniş	NOUN	-
zedeleyebil	VERB	-
zedeleyebilme	NOUN	-
zefir	NOUN	-
zehap	NOUN	VOICING
zehir	NOUN	VOWEL_DROP
zehirle	VERB	-
zehirleme	NOUN	-
zehirlen	VERB	-
zehirleniş	NOUN	-
zehirlet	VERB	-
zehirletme	NOUN	-
zehret	VERB	-
zehretme	NOUN	-
zehrol	VERB	-
zehrolma	NOUN	-
zeker	NOUN	-
zeki	ADJ	-
zeki	NOUN	-
zekice	ADJ	-
zekice	ADV	-
zekâ	NOUN	-
zekât	NOUN	-
zekâvet	NOUN	-
zelber	NOUN	-
zelil	ADJ	-
zelve	NOUN	-
zelzele	NOUN	-
zem	NOUN	-
zemberek	NOUN	VOICING
zemberekçi	NOUN	-
zembil	NOUN	-
zemheri	NOUN	-
zemin	NOUN	-
zemmet	VERB	-
zemmetme	NOUN	-
zemzem	NOUN	-
zen	NOUN	-
zencefil	NOUN	-
zencefilgiller	NOUN	-
zencirek	NOUN	VOICING
zendost	ADJ	-
zengin	ADJ	-
zengin	NOUN	-
zenginle	VERB	-
zenginleme	NOUN	-
zenginlen	VERB	-
zenginleş	VERB	-
zenginleştir	VERB	-
zenginleştiril	VERB	-
zenginleştirilme	NOUN	-
zengûle	NOUN	-
zenne	NOUN	-
zephiye	NOUN	-
zeplin	NOUN	-
zer	NOUN	-
zeravent	NOUN	VOICING
zerde	NOUN	-
zerdeva	NOUN	-
zerdeçal	NOUN	-
zerk	NOUN	-
zerre	NOUN	-
zerrece	ADV	-
zerrin	ADJ	-
zerrin	NOUN	-
zerzevat	NOUN	-
zerzevatçı	NOUN	-
zevahir	NOUN	-
zeval	NOUN	-
zevalî	ADJ	-
zevat	NOUN	-
zevce	NOUN	-
zeveban	NOUN	-
zevk	NOUN	-
zevkiselim	NOUN	-
zevklen	VERB	-
zevklendir	VERB	-
zevkçe	ADV	-
zevküsefa	NOUN	-
zevzek	ADJ	-
zevzek	NOUN	-
zevzeklen	VERB	-
zevzekçe	ADJ	-
zevzekçe	ADV	-
zevç	NOUN	VOICING
zeybek	NOUN	VOICING
zeyil	NOUN	VOWEL_DROP
zeyilname	NOUN	-
zeyrek	ADJ	-
zeyrek	NOUN	VOICING
zeytin	ADJ	-
zeytin	NOUN	-
zeytingiller	NOUN	-
zeytinimsi	ADJ	-
zeytinsi	ADJ	-
zeytinyağı	NOUN	-
zeytuni	NOUN	-
zibidi	ADJ	-
zibidi	NOUN	-
zifaf	NOUN	-
zifin	NOUN	-
zifir	NOUN	-
zifirlen	VERB	-
zifirî	ADJ	-
zifos	ADJ	-
zifos	NOUN	-
zift	NOUN	-
ziftle	VERB	-
ziftleme	NOUN	-
ziftlen	VERB	-
zigon	NOUN	-
zigot	NOUN	-
zihaf	NOUN	-
zihayat	ADJ	-
zihin	NOUN	VOWEL_DROP
zihince	ADV	-
zihinsel	ADJ	-
zihnen	ADV	-
zihniye	NOUN	-
zihniyet	NOUN	-
zihnî	ADJ	-
zikir	NOUN	VOWEL_DROP
zikredebil	VERB	-
zikredebilme	NOUN	-
zikredil	VERB	-
zikrediliş	NOUN	-
zikredilme	NOUN	-
zikrediş	NOUN	-
zikret	VERB	-
zikretme	NOUN	-
zikrolun	VERB	-
zikrolunma	NOUN	-
zikzak	ADJ	VOICING
zikzak	NOUN	VOICING
zikıymet	ADJ	-
zil	ADJ	-
zil	NOUN	-
zilhicce	NOUN	-
zilkade	NOUN	-
zillet	NOUN	-
zilyet	NOUN	VOICING
zilzurna	ADJ	-
zilzurna	ADV	-
zimamdar	NOUN	-
zimmet	NOUN	-
zimmetle	VERB	-
zimmetleme	NOUN	-
zimmi	ADJ	-
zimmi	NOUN	-
zina	NOUN	-
zincifre	NOUN	-
zincir	NOUN	-
zincirle	VERB	-
zincirleme	ADJ	-
zincirleme	ADV	-
zincirleme	NOUN	-
zincirlen	VERB	-
zindan	NOUN	-
zindancıbaşı	NOUN	-
zindandelen	NOUN	-
zinde	ADJ	-
zindeleş	VERB	-
zindeleştir	VERB	-
zingirdek	NOUN	VOICING
zinhar	ADV	-
zir	NOUN	-
zira	CONJ	-
ziraat	NOUN	-
ziraatçı	NOUN	-
zirai	ADJ	-
zirkon	NOUN	-
zirkonyum	NOUN	-
zirve	NOUN	-
zirzop	ADJ	-
zirzoplaş	VERB	-
zirzopça	ADV	-
zirzopça	NOUN	-
zivircik	NOUN	VOICING
ziya	NOUN	-
ziyadar	ADJ	-
ziyade	ADJ	-
ziyade	ADV	-
ziyadeleş	VERB	-
ziyadeleştir	VERB	-
ziyadesiyle	ADV	-
ziyafet	NOUN	-
ziyan	NOUN	-
ziyankâr	ADJ	-
ziyaret	NOUN	-
ziyaretgâh	NOUN	-
ziyaretçi	NOUN	-
ziynet	NOUN	-
zloti	NOUN	-
zoka	NOUN	-
zom	ADJ	-
zom	NOUN	-
zombi	NOUN	-
zombileş	VERB	-
zon	NOUN	-
zona	NOUN	-
zonal	ADJ	-
zonal	NOUN	-
zonk	NOUN	-
zonkla	VERB	-
zonklama	NOUN	-
zonklat	VERB	-
zonklatma	NOUN	-
zoolog	NOUN	-
zooloji	NOUN	-
zoolojik	ADJ	-
zoospor	NOUN	-
zootekni	NOUN	-
zor	ADJ	-
zor	ADV	-
zor	INTERJ	-
zor	NOUN	-
zoraki	ADJ	-
zoraki	ADV	-
zorba	ADJ	-
zorbaca	ADJ	-
zorbaca	ADV	-
zorca	ADJ	-
zorca	ADV	-
zorgu	NOUN	-
zorla	ADV	-
zorla	NOUN	-
zorla	VERB	-
zorlama	ADJ	-
zorlama	NOUN	-
zorlan	VERB	-
zorlanış	NOUN	-
zorlayabil	VERB	-
zorlayabilme	NOUN	-
zorlayış	NOUN	-
zorlaş	VERB	-
zorlaştır	VERB	-
zorlukla	ADV	-
zorsun	VERB	-
zorsunma	NOUN	-
zorun	NOUN	-
zuhur	NOUN	-
zuhurat	NOUN	-
zuhuri	NOUN	-
zula	NOUN	-
zuladan	ADV	-
zulala	VERB	-
zulalama	NOUN	-
zulmet	NOUN	-
zulmet	VERB	-
zulmetme	NOUN	-
zulüm	NOUN	-
zum	NOUN	-
zumla	VERB	-
zumlama	NOUN	-
zurna	NOUN	-
zurnazen	NOUN	-
zübde	NOUN	-
züccaciye	ADJ	-
züccaciye	NOUN	-
züht	NOUN	VOICING
zühul	NOUN	VOWEL_DROP
zükâm	NOUN	-
zül	NOUN	VOWEL_DROP
zülal	NOUN	-
zülbiye	NOUN	-
zülfaris	NOUN	-
zülfüyâr	NOUN	-
zülüf	NOUN	-
zümre	NOUN	-
zümrüdi	ADJ	-
zümrüdi	NOUN	-
zümrüt	ADJ	VOICING
zümrüt	NOUN	VOICING
zümrütlen	VERB	-
zümrütsü	ADJ	-
züppe	ADJ	-
züppe	NOUN	-
züppece	ADV	-
züppeleş	VERB	-
züppeleştir	VERB	-
zürafa	NOUN	-
zürafagiller	NOUN	-
zürefa	NOUN	-
zürra	NOUN	-
zürriyet	NOUN	-
züyuf	NOUN	-
züğürt	ADJ	-
züğürtle	VERB	-
züğürtleme	NOUN	-
züğürtleş	VERB	-
zıbar	VERB	-
zıbarma	NOUN	-
zıbart	VERB	-
zıbartma	NOUN	-
zıbarış	NOUN	-
zıbın	NOUN	-
zıddiyet	NOUN	-
zıh	NOUN	-
zıhla	VERB	-
zıhlama	NOUN	-
zıhlan	VERB	-
zıkkım	NOUN	-
zıkkımlan	VERB	-
zılgıt	NOUN	-
zılgıtlan	VERB	-
zımba	NOUN	-
zımbala	VERB	-
zımbalama	NOUN	-
zımbalan	VERB	-
zımbalat	VERB	-
zımbalatma	NOUN	-
zımbırdat	VERB	-
zımbırdatma	NOUN	-
zımbırtı	NOUN	-
zımnen	ADV	-
zımni	ADJ	-
zımni	NOUN	-
zımnında	ADV	-
zımpara	NOUN	-
zımparala	VERB	-
zımparalama	NOUN	-
zımparalan	VERB	-
zımparamsı	ADJ	-
zındık	ADJ	-
zıngadak	ADV	-
zıngılda	VERB	-
zıngıldama	NOUN	-
zıngırda	VERB	-
zıngırdama	NOUN	-
zıngırdat	VERB	-
zıngırdatma	NOUN	-
zıngırtı	NOUN	-
zınk	NOUN	-
zıp	NOUN	-
zıpka	NOUN	-
zıpkın	NOUN	-
zıpkınla	VERB	-
zıpkınlama	NOUN	-
zıpkınlan	VERB	-
zıpla	VERB	-
zıplama	NOUN	-
zıplat	VERB	-
zıplatma	NOUN	-
zıplayabil	VERB	-
zıplayabilme	NOUN	-
zıplayış	NOUN	-
zıppadak	ADV	-
zıpzıp	NOUN	-
zıpçıktı	ADJ	-
zıpçıktı	NOUN	-
zıpır	ADJ	-
zıpırca	ADV	-
zırcahil	ADJ	-
zırh	NOUN	-
zırhla	VERB	-
zırhlama	NOUN	-
zırhlan	VERB	-
zırhlandır	VERB	-
zırla	VERB	-
zırlak	ADJ	-
zırlama	NOUN	-
zırlat	VERB	-
zırlatma	NOUN	-
zırnık	NOUN	VOICING
zırtapoz	ADJ	-
zırtapozca	ADV	-
zırtlak	ADJ	-
zırva	NOUN	-
zırvala	VERB	-
zırvalama	NOUN	-
zırılda	VERB	-
zırıldama	NOUN	-
zırıldan	VERB	-
zırıldanma	NOUN	-
zırıltı	NOUN	-
zıt	ADJ	VOICING
zıtlan	VERB	-
zıtlaş	VERB	-
zıvana	NOUN	-
zıypak	ADJ	-
Âdem	NOUN	-
Çal	NOUN	-
Çalap	NOUN	-
Çaldıran	NOUN	-
Çamardı	NOUN	-
Çamaş	NOUN	-
Çamlıdere	NOUN	-
Çamlıhemşin	NOUN	-
Çamlıyayla	NOUN	-
Çan	NOUN	-
Çanakkale	NOUN	-
Çanakçı	NOUN	-
Çandır	NOUN	-
Çankaya	NOUN	-
Çankırı	NOUN	-
Çardak	NOUN	-
Çarşamba	NOUN	-
Çarşıbaşı	NOUN	-
Çat	NOUN	-
Çatak	NOUN	-
Çatalca	NOUN	-
Çatalpınar	NOUN	-
Çatalzeytin	NOUN	-
Çavdarhisar	NOUN	-
Çavdır	NOUN	-
Çavuldur	NOUN	-
Çay	NOUN	-
Çaybaşı	NOUN	-
Çaycuma	NOUN	-
Çaykara	NOUN	-
Çayıralan	NOUN	-
Çayırova	NOUN	-
Çağatay	NOUN	-
Çağatayca	ADJ	-
Çağatayca	NOUN	-
Çağlayancerit	NOUN	-
Çek	NOUN	-
Çekerek	NOUN	-
Çekmeköy	NOUN	-
Çekoslovak	NOUN	-
Çekya	NOUN	-
Çekçe	ADJ	-
Çekçe	NOUN	-
Çelebi	NOUN	-
Çelebiler	NOUN	-
Çelebiyan	NOUN	-
Çelikhan	NOUN	-
Çeltik	NOUN	-
Çeltikçi	NOUN	-
Çemişgezek	NOUN	-
Çepni	NOUN	-
Çerkez	NOUN	-
Çerkezce	ADJ	-
Çerkezce	NOUN	-
Çerkezköy	NOUN	-
Çerkeş	NOUN	-
Çermik	NOUN	-
Çeçen	NOUN	-
Çeçence	ADJ	-
Çeçence	NOUN	-
Çeşme	NOUN	-
Çifteler	NOUN	-
Çiftlikköy	NOUN	-
Çigan	NOUN	-
Çin	NOUN	-
Çince	ADJ	-
Çince	NOUN	-
Çine	NOUN	-
Çingen	NOUN	-
Çingene	NOUN	-
Çingenece	ADJ	-
Çingenece	NOUN	-
Çingeneleş	VERB	-
Çivril	NOUN	-
Çiçekdağı	NOUN	-
Çiğil	NOUN	-
Çobanlar	NOUN	-
Çolpan	NOUN	-
Çorum	NOUN	-
Çubuk	NOUN	-
Çukurca	NOUN	-
Çukurova	NOUN	-
Çulpan	NOUN	-
Çumra	NOUN	-
Çuvaş	NOUN	-
Çuvaşça	NOUN	-
Çüngüş	NOUN	-
Çıfıt	NOUN	-
Çıldır	NOUN	-
Çınar	NOUN	-
Çınarcık	NOUN	-
Çıtak	NOUN	-
Ödemiş	NOUN	-
Özalp	NOUN	-
Özbek	NOUN	-
Özbekistan	NOUN	-
Özbekçe	NOUN	-
Özvatan	NOUN	-
Ülker	NOUN	-
Ümraniye	NOUN	-
Ünye	NOUN	-
Ürdün	NOUN	-
Ürgüp	NOUN	-
Üsküdar	NOUN	-
Üsküp	NOUN	-
âciz	ADJ	-
âciz	ADV	-
âciz	NOUN	-
âcizane	ADV	-
âcizleri	NOUN	-
âcizleş	VERB	-
âcizleşebil	VERB	-
âcizleşebilme	NOUN	-
âdem	NOUN	-
âdembaba	NOUN	-
âdemelması	NOUN	-
âdemiyet	NOUN	-
âdet	NOUN	-
âdeta	ADV	-
âkit	ADJ	-
âlem	NOUN	-
âlem	PRON	-
âlemşümul	ADJ	VOWEL_DROP
âlim	NOUN	-
âlimane	ADJ	-
âlimane	ADV	-
âlimce	ADV	-
âlimleş	VERB	-
âlâ	ADJ	-
âlâ	NOUN	-
âmin	INTERJ	-
âmâ	ADJ	-
âraz	NOUN	-
âyan	NOUN	-
âşık	INTERJ	-
âşık	NOUN	-
âşıkane	ADJ	-
âşıkane	ADV	-
âşıktaş	NOUN	-
çaba	NOUN	-
çabala	VERB	-
çabalama	NOUN	-
çabalan	VERB	-
çabalat	VERB	-
çabalatma	NOUN	-
çabalayabil	VERB	-
çabalayabilme	NOUN	-
çabalayadur	VERB	-
çabalayadurma	NOUN	-
çabalayış	NOUN	-
çabasızca	ADV	-
çabasızcasına	ADV	-
çabucacık	ADV	-
çabucak	ADV	-
çabuk	ADJ	-
çabuk	ADV	-
çabuk	INTERJ	-
çabuklaş	VERB	-
çabuklaşabil	VERB	-
çabuklaşabilme	NOUN	-
çabuklaştır	VERB	-
çabuklaştırabil	VERB	-
çabuklaştırabilme	NOUN	-
çabuklaştırıl	VERB	-
çabuklaştırılabil	VERB	-
çabuklaştırılabilme	NOUN	-
çabuklaştırılma	NOUN	-
çabukça	ADV	-
çadır	NOUN	-
çadıruşağı	NOUN	-
çak	ADJ	-
çak	INTERJ	-
çak	VERB	-
çakabil	VERB	-
çakabilme	NOUN	-
çakal	ADJ	-
çakal	NOUN	-
çakalboğan	NOUN	-
çakaloz	NOUN	-
çakar	NOUN	-
çakaralmaz	ADJ	-
çakaralmaz	NOUN	-
çaker	NOUN	-
çakma	ADJ	-
çakma	NOUN	-
çakmak	NOUN	VOICING
çakmakla	VERB	-
çakmaklama	NOUN	-
çakmaklaş	VERB	-
çakmakçı	NOUN	-
çakozla	VERB	-
çakozlama	NOUN	-
çakra	NOUN	-
çaktır	VERB	-
çaktırabil	VERB	-
çaktırabilme	NOUN	-
çaktırma	NOUN	-
çaktırmadan	ADV	-
çaktırıl	VERB	-
çaktırılma	NOUN	-
çaktırış	NOUN	-
çakı	NOUN	-
çakıl	NOUN	-
çakıl	VERB	-
çakılabil	VERB	-
çakılabilme	NOUN	-
çakılayaz	VERB	-
çakılayazma	NOUN	-
çakılda	VERB	-
çakıldak	NOUN	VOICING
çakıldama	NOUN	-
çakıldat	VERB	-
çakıldatma	NOUN	-
çakılma	NOUN	-
çakıltı	NOUN	-
çakılıver	VERB	-
çakılıverme	NOUN	-
çakılış	NOUN	-
çakım	NOUN	-
çakın	NOUN	-
çakıntı	NOUN	-
çakır	ADJ	-
çakır	NOUN	-
çakırcıbaşı	NOUN	-
çakırdiken	NOUN	-
çakırdoğan	NOUN	-
çakırkanat	NOUN	VOICING
çakırkeyif	ADJ	-
çakırkeyif	ADV	-
çakırlaş	VERB	-
çakırımsı	ADJ	-
çakıver	VERB	-
çakıverme	NOUN	-
çakış	NOUN	-
çakış	VERB	-
çakışabil	VERB	-
çakışabilme	NOUN	-
çakışma	NOUN	-
çakıştır	VERB	-
çakıştırabil	VERB	-
çakıştırabilme	NOUN	-
çakıştırma	NOUN	-
çakıştırıl	VERB	-
çakıştırılma	NOUN	-
çakışık	ADJ	-
çakşır	NOUN	-
çal	NOUN	-
çal	VERB	-
çalabil	VERB	-
çalabilme	NOUN	-
çalacak	NOUN	VOICING
çalak	ADJ	-
çalak	ADV	-
çalakalem	ADV	-
çalakalem	NOUN	-
çalakamçı	ADV	-
çalakaşık	ADV	-
çalakaşık	NOUN	-
çalakürek	ADV	-
çalakılıç	ADV	-
çalakırbaç	ADV	VOICING
çalapaça	ADV	-
çalar	NOUN	-
çalar	VERB	-
çalarma	NOUN	-
çalataban	NOUN	-
çaldır	VERB	-
çaldırabil	VERB	-
çaldırabilme	NOUN	-
çaldırma	NOUN	-
çaldırıl	VERB	-
çaldırılma	NOUN	-
çaldırış	NOUN	-
çalgı	NOUN	-
çalgıhane	NOUN	-
çalgın	NOUN	-
çalgısal	ADJ	-
çalgıç	NOUN	VOICING
çalka	VERB	-
çalkak	NOUN	VOICING
çalkala	VERB	-
çalkalama	NOUN	-
çalkalan	VERB	-
çalkalanabil	VERB	-
çalkalanabilme	NOUN	-
çalkalanış	NOUN	-
çalkalat	VERB	-
çalkalatma	NOUN	-
çalkalatış	NOUN	-
çalkalayabil	VERB	-
çalkalayabilme	NOUN	-
çalkalayış	NOUN	-
çalkama	ADJ	-
çalkama	NOUN	-
çalkan	VERB	-
çalkanabil	VERB	-
çalkanabilme	NOUN	-
çalkandır	VERB	-
çalkandırma	NOUN	-
çalkanma	NOUN	-
çalkantı	NOUN	-
çalkanış	NOUN	-
çalkar	NOUN	-
çalkat	VERB	-
çalkatma	NOUN	-
çalkayış	NOUN	-
çalkağı	NOUN	-
çalkı	NOUN	-
çalma	ADJ	-
çalma	NOUN	-
çalmaç	NOUN	VOICING
çalpara	NOUN	-
çaltı	NOUN	-
çalyaka	ADV	-
çalçene	ADJ	-
çalılandır	VERB	-
çalım	NOUN	-
çalımla	VERB	-
çalımlama	NOUN	-
çalımlan	VERB	-
çalımlanış	NOUN	-
çalımlayabil	VERB	-
çalımlayabilme	NOUN	-
çalımlayış	NOUN	-
çalın	VERB	-
çalınabil	VERB	-
çalınabilme	NOUN	-
çalınma	NOUN	-
çalıntı	ADJ	-
çalınıver	VERB	-
çalınıverme	NOUN	-
çalınış	NOUN	-
çalıver	VERB	-
çalıverme	NOUN	-
çalış	NOUN	-
çalış	VERB	-
çalışabil	VERB	-
çalışabilme	NOUN	-
çalışan	NOUN	-
çalışkan	ADJ	-
çalışma	NOUN	-
çalıştay	NOUN	-
çalıştır	VERB	-
çalıştırabil	VERB	-
çalıştırabilme	NOUN	-
çalıştıran	NOUN	-
çalıştırma	NOUN	-
çalıştırt	VERB	-
çalıştırtma	NOUN	-
çalıştırıl	VERB	-
çalıştırılabil	VERB	-
çalıştırılabilme	NOUN	-
çalıştırılma	NOUN	-
çalıştırılış	NOUN	-
çalıştırıver	VERB	-
çalıştırıverme	NOUN	-
çalıştırış	NOUN	-
çalışıl	VERB	-
çalışılma	NOUN	-
çalışım	NOUN	-
çam	NOUN	-
çamat	NOUN	VOICING
çamaşır	NOUN	-
çamaşırhane	NOUN	-
çamgiller	NOUN	-
çamuka	NOUN	-
çamur	ADJ	-
çamur	NOUN	-
çamurcuk	NOUN	VOICING
çamurcun	NOUN	-
çamurla	VERB	-
çamurlama	NOUN	-
çamurlan	VERB	-
çamurlanabil	VERB	-
çamurlanabilme	NOUN	-
çamurlat	VERB	-
çamurlatma	NOUN	-
çamurlayabil	VERB	-
çamurlayabilme	NOUN	-
çamurlaş	VERB	-
çamurlaşabil	VERB	-
çamurlaşabilme	NOUN	-
çamurlukçu	NOUN	-
çamça	NOUN	-
çamçak	NOUN	VOICING
çan	NOUN	-
çanak	ADJ	VOICING
çanak	NOUN	VOICING
çanaksı	ADJ	-
çanakçı	NOUN	-
çanakçık	NOUN	VOICING
çandı	NOUN	-
çandır	ADJ	-
çandır	NOUN	-
çangal	NOUN	-
çangırda	VERB	-
çangırdama	NOUN	-
çangırtı	NOUN	-
çanta	NOUN	-
çap	ADJ	-
çap	ADV	-
çap	NOUN	-
çap	VERB	-
çapa	NOUN	-
çapak	NOUN	VOICING
çapaklan	VERB	-
çapaklanabil	VERB	-
çapaklanabilme	NOUN	-
çapaklanış	NOUN	-
çapala	VERB	-
çapalama	NOUN	-
çapalan	VERB	-
çapalanabil	VERB	-
çapalanabilme	NOUN	-
çapalanış	NOUN	-
çapalat	VERB	-
çapalatma	NOUN	-
çapalayabil	VERB	-
çapalayabilme	NOUN	-
çapalayış	NOUN	-
çapar	ADJ	-
çapar	NOUN	-
çaparhane	NOUN	-
çapari	NOUN	-
çaparız	NOUN	-
çapaçul	ADJ	-
çapaçul	NOUN	-
çapaçullaştır	VERB	-
çapkı	VERB	-
çapkıma	NOUN	-
çapkın	ADJ	-
çapkın	INTERJ	-
çapkın	NOUN	-
çapkınca	ADJ	-
çapkınca	ADV	-
çapkınlaş	VERB	-
çapla	NOUN	-
çapla	VERB	-
çaplama	NOUN	-
çapma	NOUN	-
çaprak	NOUN	VOICING
çapraz	ADJ	-
çapraz	ADV	-
çapraz	NOUN	-
çaprazla	VERB	-
çaprazlama	ADV	-
çaprazlama	NOUN	-
çaprazlamasına	ADV	-
çaprazlaş	VERB	-
çaprazlaştır	VERB	-
çaprazvari	ADV	-
çaprazölçer	NOUN	-
çapraş	VERB	-
çapraşma	NOUN	-
çapraşık	ADJ	-
çapraşık	NOUN	-
çapraşıklaş	VERB	-
çapul	NOUN	-
çapula	NOUN	-
çapulla	VERB	-
çapullama	NOUN	-
çapullan	VERB	-
çaput	NOUN	-
çaputlama	NOUN	-
çapçak	NOUN	VOICING
çar	NOUN	-
çardak	NOUN	VOICING
çardaş	NOUN	-
çare	NOUN	-
çaresizce	ADV	-
çaresizcesine	ADV	-
çaresizleş	VERB	-
çaresizleştir	VERB	-
çareviç	NOUN	-
çargâh	NOUN	-
çarha	NOUN	-
çariçe	NOUN	-
çark	NOUN	-
çarka	NOUN	-
çarkçı	NOUN	-
çarkçıbaşı	NOUN	-
çarkıfelek	NOUN	VOICING
çarkıfelekgiller	NOUN	-
çarkıt	ADJ	-
çarkıt	NOUN	-
çarliston	ADJ	-
çarliston	NOUN	-
çarmıh	NOUN	-
çarnaçar	ADV	-
çarnaçar	NOUN	-
çarp	VERB	-
çarpabil	VERB	-
çarpabilme	NOUN	-
çarpan	NOUN	-
çarpayaz	VERB	-
çarpayazma	NOUN	-
çarpma	NOUN	-
çarptır	VERB	-
çarptırabil	VERB	-
çarptırabilme	NOUN	-
çarptırma	NOUN	-
çarptırıl	VERB	-
çarptırılma	NOUN	-
çarptırış	NOUN	-
çarpı	NOUN	-
çarpık	ADJ	-
çarpık	ADV	-
çarpık	NOUN	-
çarpıklaş	VERB	-
çarpıklaştır	VERB	-
çarpıklaştırıl	VERB	-
çarpıklaştırılma	NOUN	-
çarpıkça	ADJ	-
çarpıl	VERB	-
çarpılabil	VERB	-
çarpılabilme	NOUN	-
çarpılan	NOUN	-
çarpılma	NOUN	-
çarpılıver	VERB	-
çarpılıverme	NOUN	-
çarpılış	NOUN	-
çarpım	NOUN	-
çarpın	VERB	-
çarpınma	NOUN	-
çarpıntı	NOUN	-
çarpıt	VERB	-
çarpıtabil	VERB	-
çarpıtabilme	NOUN	-
çarpıtma	NOUN	-
çarpıtıl	VERB	-
çarpıtılabil	VERB	-
çarpıtılabilme	NOUN	-
çarpıtılma	NOUN	-
çarpıtılış	NOUN	-
çarpıtış	NOUN	-
çarpıver	VERB	-
çarpıverme	NOUN	-
çarpış	NOUN	-
çarpış	VERB	-
çarpışabil	VERB	-
çarpışabilme	NOUN	-
çarpışma	NOUN	-
çarpıştır	VERB	-
çarpıştırabil	VERB	-
çarpıştırabilme	NOUN	-
çarpıştırma	NOUN	-
çarpıştırıl	VERB	-
çarpıştırılma	NOUN	-
çarpışıl	VERB	-
çarpışılma	NOUN	-
çarpışıver	VERB	-
çarpışıverme	NOUN	-
çarçabuk	ADV	-
çarçur	NOUN	-
çarık	NOUN	VOICING
çarıkçı	NOUN	-
çarşaf	NOUN	-
çarşafla	VERB	-
çarşaflama	NOUN	-
çarşaflan	VERB	-
çarşaflat	VERB	-
çarşaflatma	NOUN	-
çarşafçı	NOUN	-
çarşamba	NOUN	-
çarşı	NOUN	-
çasar	NOUN	-
çat	NOUN	-
çat	VERB	-
çatabil	VERB	-
çatabilme	NOUN	-
çatak	ADJ	VOICING
çatak	NOUN	VOICING
çatal	ADJ	-
çatal	NOUN	-
çatalkara	NOUN	-
çatalkuyruk	NOUN	VOICING
çatallan	VERB	-
çatallanabil	VERB	-
çatallanabilme	NOUN	-
çatallanış	NOUN	-
çatallaş	VERB	-
çatallaşabil	VERB	-
çatallaşabilme	NOUN	-
çatallaştır	VERB	-
çatana	NOUN	-
çatapat	NOUN	-
çatkı	NOUN	-
çatkın	ADJ	-
çatla	VERB	-
çatlak	ADJ	VOICING
çatlak	NOUN	VOICING
çatlama	NOUN	-
çatlat	VERB	-
çatlatabil	VERB	-
çatlatabilme	NOUN	-
çatlatma	NOUN	-
çatlatıl	VERB	-
çatlatılabil	VERB	-
çatlatılabilme	NOUN	-
çatlatılma	NOUN	-
çatlatılış	NOUN	-
çatlatış	NOUN	-
çatlayabil	VERB	-
çatlayabilme	NOUN	-
çatlayıver	VERB	-
çatlayıverme	NOUN	-
çatlayış	NOUN	-
çatma	NOUN	-
çatpat	NOUN	-
çattır	VERB	-
çattırma	NOUN	-
çatı	NOUN	-
çatık	ADJ	-
çatıklaş	VERB	-
çatıl	VERB	-
çatılabil	VERB	-
çatılabilme	NOUN	-
çatılda	VERB	-
çatıldama	NOUN	-
çatılma	NOUN	-
çatılış	NOUN	-
çatın	VERB	-
çatınma	NOUN	-
çatırda	VERB	-
çatırdama	NOUN	-
çatırdat	VERB	-
çatırdatma	NOUN	-
çatırdayabil	VERB	-
çatırdayabilme	NOUN	-
çatırdayış	NOUN	-
çatırtı	NOUN	-
çatıver	VERB	-
çatıverme	NOUN	-
çatış	NOUN	-
çatış	VERB	-
çatışabil	VERB	-
çatışabilme	NOUN	-
çatışkı	NOUN	-
çatışma	NOUN	-
çatışmasızca	ADV	-
çatıştır	VERB	-
çatıştırabil	VERB	-
çatıştırabilme	NOUN	-
çatıştırma	NOUN	-
çatıştırıl	VERB	-
çatıştırılma	NOUN	-
çatışık	ADJ	-
çatışıl	VERB	-
çatışılma	NOUN	-
çav	NOUN	-
çav	VERB	-
çavalye	NOUN	-
çavdar	NOUN	-
çavdarmahmuzu	NOUN	-
çavela	NOUN	-
çavlan	NOUN	-
çavlan	VERB	-
çavma	NOUN	-
çavun	NOUN	-
çavuş	NOUN	-
çavşır	NOUN	-
çay	NOUN	-
çayan	NOUN	-
çaydaçıra	NOUN	-
çayevi	NOUN	-
çaygiller	NOUN	-
çayhane	NOUN	-
çaykara	NOUN	-
çaylak	ADJ	VOICING
çaylak	NOUN	VOICING
çaylaklaş	VERB	-
çaylakça	ADJ	-
çaylakça	ADV	-
çayır	NOUN	-
çayırla	VERB	-
çayırlama	NOUN	-
çayırlan	VERB	-
çayırlat	VERB	-
çayırlatma	NOUN	-
çayırlaş	VERB	-
çayırmelikesi	NOUN	-
çayırsedefi	NOUN	-
çaça	NOUN	-
çaçaron	ADJ	-
çaçaronca	ADJ	-
çaçaronca	ADV	-
çaçaça	NOUN	-
çağ	NOUN	-
çağ	VERB	-
çağa	NOUN	-
çağanak	NOUN	VOICING
çağanoz	NOUN	-
çağcıl	ADJ	-
çağcıl	NOUN	-
çağcıllaş	VERB	-
çağcıllaştır	VERB	-
çağdaş	ADJ	-
çağdaş	NOUN	-
çağdaşlaş	VERB	-
çağdaşlaşabil	VERB	-
çağdaşlaşabilme	NOUN	-
çağdaşlaştır	VERB	-
çağdaşlaştırabil	VERB	-
çağdaşlaştırabilme	NOUN	-
çağdaşlaştırıl	VERB	-
çağdaşlaştırılabil	VERB	-
çağdaşlaştırılabilme	NOUN	-
çağdaşlaştırılma	NOUN	-
çağla	NOUN	-
çağla	VERB	-
çağlama	NOUN	-
çağlar	NOUN	-
çağlayabil	VERB	-
çağlayabilme	NOUN	-
çağlayan	NOUN	-
çağlayık	NOUN	VOICING
çağlayıver	VERB	-
çağlayıverme	NOUN	-
çağlayış	NOUN	-
çağma	NOUN	-
çağnak	NOUN	VOICING
çağrı	NOUN	-
çağrıl	VERB	-
çağrılabil	VERB	-
çağrılabilme	NOUN	-
çağrılma	NOUN	-
çağrılış	NOUN	-
çağrım	NOUN	-
çağrış	VERB	-
çağrışma	NOUN	-
çağrıştır	VERB	-
çağrıştırabil	VERB	-
çağrıştırabilme	NOUN	-
çağrıştırma	NOUN	-
çağrıştırıver	VERB	-
çağrıştırıverme	NOUN	-
çağrıştırış	NOUN	-
çağrışım	NOUN	-
çağrışımsal	ADJ	-
çağılda	VERB	-
çağıldama	NOUN	-
çağıldayış	NOUN	-
çağıltı	NOUN	-
çağır	VERB	-
çağırabil	VERB	-
çağırabilme	NOUN	-
çağırma	NOUN	-
çağırt	VERB	-
çağırtabil	VERB	-
çağırtabilme	NOUN	-
çağırtkan	NOUN	-
çağırtma	NOUN	-
çağırtmaç	NOUN	VOICING
çağırtı	NOUN	-
çağırtıl	VERB	-
çağırtılma	NOUN	-
çağırım	NOUN	-
çağırıver	VERB	-
çağırıverme	NOUN	-
çağırış	NOUN	-
çaşıt	NOUN	VOICING
çaşıtla	VERB	-
çaşıtlama	NOUN	-
çe	NOUN	-
çebiç	NOUN	VOICING
çecik	NOUN	VOICING
çedene	NOUN	-
çedik	NOUN	VOICING
çehre	NOUN	-
çehrece	ADV	-
çek	NOUN	-
çek	VERB	-
çekberi	NOUN	-
çekbırak	ADJ	-
çekebil	VERB	-
çekebilme	NOUN	-
çekecek	NOUN	VOICING
çekek	NOUN	VOICING
çekel	NOUN	-
çekele	VERB	-
çekeleme	NOUN	-
çekelez	NOUN	-
çekem	NOUN	-
çekeme	VERB	-
çekememe	NOUN	-
çekemez	NOUN	-
çeker	NOUN	-
çeki	NOUN	-
çekicileş	VERB	-
çekicileşebil	VERB	-
çekicileşebilme	NOUN	-
çekicileştir	VERB	-
çekicileştirebil	VERB	-
çekicileştirebilme	NOUN	-
çekicileştiril	VERB	-
çekicileştirilebil	VERB	-
çekicileştirilebilme	NOUN	-
çekicileştirilme	NOUN	-
çekidüzen	NOUN	-
çekik	ADJ	-
çekik	NOUN	-
çekikçe	ADJ	-
çekil	VERB	-
çekilebil	VERB	-
çekilebilme	NOUN	-
çekiliver	VERB	-
çekiliverme	NOUN	-
çekiliş	NOUN	-
çekilme	NOUN	-
çekim	NOUN	-
çekimle	VERB	-
çekimleme	NOUN	-
çekimlen	VERB	-
çekimlenebil	VERB	-
çekimlenebilme	NOUN	-
çekimleyebil	VERB	-
çekimleyebilme	NOUN	-
çekimleyiş	NOUN	-
çekimsen	VERB	-
çekimsenme	NOUN	-
çekimser	ADJ	-
çekimserce	ADV	-
çekimsizleş	VERB	-
çekimölçer	NOUN	-
çekin	VERB	-
çekince	NOUN	-
çekindir	VERB	-
çekindirme	NOUN	-
çekinebil	VERB	-
çekinebilme	NOUN	-
çekingen	ADJ	-
çekingence	ADJ	-
çekingence	ADV	-
çekingenleş	VERB	-
çekingenleşebil	VERB	-
çekingenleşebilme	NOUN	-
çekingenleştir	VERB	-
çekinik	ADJ	-
çekinik	ADV	-
çekinik	NOUN	-
çekinil	VERB	-
çekinilme	NOUN	-
çekiniş	NOUN	-
çekinme	NOUN	-
çekinti	NOUN	-
çekirdek	ADJ	VOICING
çekirdek	NOUN	VOICING
çekirdeklen	VERB	-
çekirdeksel	ADJ	-
çekirdekçi	NOUN	-
çekirdekçik	NOUN	VOICING
çekirge	NOUN	-
çekiver	VERB	-
çekiverme	NOUN	-
çekiç	NOUN	VOICING
çekiçhane	NOUN	-
çekiçle	VERB	-
çekiçleme	NOUN	-
çekiçlen	VERB	-
çekiçlenebil	VERB	-
çekiçlenebilme	NOUN	-
çekiçlet	VERB	-
çekiçletebil	VERB	-
çekiçletebilme	NOUN	-
çekiçletil	VERB	-
çekiçletilebil	VERB	-
çekiçletilebilme	NOUN	-
çekiçletilme	NOUN	-
çekiçletme	NOUN	-
çekiçleyebil	VERB	-
çekiçleyebilme	NOUN	-
çekiçleyiver	VERB	-
çekiçleyiverme	NOUN	-
çekiş	NOUN	-
çekiş	VERB	-
çekişebil	VERB	-
çekişebilme	NOUN	-
çekişil	VERB	-
çekişilme	NOUN	-
çekişken	ADJ	-
çekişme	NOUN	-
çekişte	NOUN	-
çekiştir	VERB	-
çekiştirebil	VERB	-
çekiştirebilme	NOUN	-
çekiştiril	VERB	-
çekiştirilme	NOUN	-
çekiştiriş	NOUN	-
çekiştirme	NOUN	-
çekme	ADJ	-
çekme	NOUN	-
çekmece	NOUN	-
çekmen	NOUN	-
çekpas	NOUN	-
çektir	VERB	-
çektirebil	VERB	-
çektirebilme	NOUN	-
çektiri	NOUN	-
çektiril	VERB	-
çektirilebil	VERB	-
çektirilebilme	NOUN	-
çektirilme	NOUN	-
çektiriş	NOUN	-
çektirme	NOUN	-
çektirt	VERB	-
çektirtme	NOUN	-
çekyat	NOUN	-
çekçek	NOUN	VOICING
çekül	NOUN	-
çel	VERB	-
çeldir	VERB	-
çeldirebil	VERB	-
çeldirebilme	NOUN	-
çeldirme	NOUN	-
çelebi	ADJ	-
çelebi	NOUN	-
çelebice	ADJ	-
çelebice	ADV	-
çelebil	VERB	-
çelebileş	VERB	-
çelebilme	NOUN	-
çelek	NOUN	VOICING
çelen	NOUN	-
çelenk	NOUN	VOICING
çelgi	NOUN	-
çelikhane	NOUN	-
çelikle	VERB	-
çelikleme	NOUN	-
çelikleş	VERB	-
çelikleşebil	VERB	-
çelikleşebilme	NOUN	-
çelikleştir	VERB	-
çeliksi	ADJ	-
çelim	NOUN	-
çelimsizce	ADV	-
çeliş	VERB	-
çelişebil	VERB	-
çelişebilme	NOUN	-
çelişik	ADJ	-
çelişken	ADJ	-
çelişki	NOUN	-
çelişme	NOUN	-
çeliştir	VERB	-
çeliştirme	NOUN	-
çellist	NOUN	-
çello	NOUN	-
çelme	NOUN	-
çelmece	ADV	-
çelmele	VERB	-
çelmeleme	NOUN	-
çelmelen	VERB	-
çelmeleniş	NOUN	-
çelmeleyebil	VERB	-
çelmeleyebilme	NOUN	-
çelmeleyiş	NOUN	-
çelmik	NOUN	VOICING
çeltek	NOUN	VOICING
çeltik	NOUN	VOICING
çeltikkargası	NOUN	-
çeltikçi	NOUN	-
çembalo	NOUN	-
çember	NOUN	-
çemberimsi	ADJ	-
çemberle	VERB	-
çemberleme	NOUN	-
çemberlen	VERB	-
çemberlet	VERB	-
çemberletme	NOUN	-
çembersi	ADJ	-
çemen	NOUN	-
çemenle	VERB	-
çemenleme	NOUN	-
çemenlen	VERB	-
çemiç	NOUN	VOICING
çemiş	ADJ	-
çemiş	NOUN	-
çemkir	VERB	-
çemkirebil	VERB	-
çemkirebilme	NOUN	-
çemkiriver	VERB	-
çemkiriverme	NOUN	-
çemkiriş	NOUN	-
çemkirme	NOUN	-
çemkirt	VERB	-
çemkirtme	NOUN	-
çemre	VERB	-
çemrek	ADJ	-
çemreme	NOUN	-
çemren	VERB	-
çemrenme	NOUN	-
çemçe	NOUN	-
çene	NOUN	-
çenebaz	ADJ	-
çenek	NOUN	VOICING
çeneleş	VERB	-
çenet	NOUN	VOICING
çengel	NOUN	-
çengelimsi	ADJ	-
çengelle	VERB	-
çengelleme	NOUN	-
çengellen	VERB	-
çengelleyiş	NOUN	-
çengelsi	ADJ	-
çengi	NOUN	-
çengüçağanak	ADV	-
çengüçegane	NOUN	-
çenile	VERB	-
çenileme	NOUN	-
çenk	NOUN	VOICING
çent	VERB	-
çentebil	VERB	-
çentebilme	NOUN	-
çentik	ADJ	VOICING
çentik	NOUN	VOICING
çentikle	VERB	-
çentikleme	NOUN	-
çentiklen	VERB	-
çentil	VERB	-
çentilebil	VERB	-
çentilebilme	NOUN	-
çentilme	NOUN	-
çentme	NOUN	-
çençen	ADJ	-
çepel	ADJ	-
çepel	NOUN	-
çepelle	VERB	-
çepelleme	NOUN	-
çepellen	VERB	-
çeper	NOUN	-
çepez	NOUN	-
çepeçevre	ADJ	-
çepeçevre	ADV	-
çepin	NOUN	-
çepçevre	ADV	-
çerağ	NOUN	-
çerez	NOUN	-
çerezlen	VERB	-
çerge	NOUN	-
çeri	NOUN	-
çeribaşı	NOUN	-
çerkeztavuğu	NOUN	-
çermik	NOUN	VOICING
çerviş	NOUN	-
çerçeve	NOUN	-
çerçevele	VERB	-
çerçeveleme	NOUN	-
çerçevelen	VERB	-
çerçevelet	VERB	-
çerçeveletebil	VERB	-
çerçeveletebilme	NOUN	-
çerçeveletil	VERB	-
çerçeveletilme	NOUN	-
çerçeveletme	NOUN	-
çerçevelettir	VERB	-
çerçevelettiril	VERB	-
çerçevelettirilme	NOUN	-
çerçevelettirme	NOUN	-
çerçeveleyebil	VERB	-
çerçeveleyebilme	NOUN	-
çerçi	NOUN	-
çete	NOUN	-
çetele	NOUN	-
çeteleş	VERB	-
çeteleştir	VERB	-
çeten	NOUN	-
çetin	ADJ	-
çetin	NOUN	-
çetince	ADJ	-
çetince	ADV	-
çetinleş	VERB	-
çetinleştir	VERB	-
çetrefil	ADJ	-
çetrefil	NOUN	-
çetrefilce	ADJ	-
çetrefilleş	VERB	-
çetrefilleşebil	VERB	-
çetrefilleşebilme	NOUN	-
çetrefilleştir	VERB	-
çevgen	NOUN	-
çevik	ADJ	VOICING
çevikleş	VERB	-
çevikleştir	VERB	-
çevikçe	ADV	-
çevir	VERB	-
çevirebil	VERB	-
çevirebilme	NOUN	-
çevirge	NOUN	-
çevirgeç	NOUN	VOICING
çevirgi	NOUN	-
çeviri	NOUN	-
çevirim	NOUN	-
çeviriver	VERB	-
çeviriverme	NOUN	-
çeviriş	NOUN	-
çevirme	ADJ	-
çevirme	NOUN	-
çevirmen	NOUN	-
çevirt	VERB	-
çevirtebil	VERB	-
çevirtebilme	NOUN	-
çevirtil	VERB	-
çevirtilebil	VERB	-
çevirtilebilme	NOUN	-
çevirtilme	NOUN	-
çevirtme	NOUN	-
çevirttir	VERB	-
çevirttirme	NOUN	-
çevre	NOUN	-
çevrele	VERB	-
çevreleme	NOUN	-
çevrelen	VERB	-
çevreleniş	NOUN	-
çevreleyebil	VERB	-
çevreleyebilme	NOUN	-
çevreleyiş	NOUN	-
çevren	NOUN	-
çevresel	ADJ	-
çevri	NOUN	-
çevrik	ADJ	-
çevrik	NOUN	-
çevril	VERB	-
çevrile	VERB	-
çevrilebil	VERB	-
çevrilebilme	NOUN	-
çevrileme	NOUN	-
çevrilgen	ADJ	-
çevriliş	NOUN	-
çevrilme	NOUN	-
çevrim	NOUN	-
çevrimsel	ADJ	-
çevrin	VERB	-
çevrinebil	VERB	-
çevrinebilme	NOUN	-
çevrinme	NOUN	-
çevrinti	NOUN	-
çeyiz	NOUN	-
çeyizle	VERB	-
çeyizleme	NOUN	-
çeyizlen	VERB	-
çeyrek	ADJ	VOICING
çeyrek	ADV	VOICING
çeyrek	NOUN	VOICING
çeyrekle	VERB	-
çeyrekleme	NOUN	-
çeç	NOUN	-
çeçe	NOUN	-
çeğmel	ADJ	-
çeğmellen	VERB	-
çeşit	ADJ	VOICING
çeşit	NOUN	VOICING
çeşitkenar	ADJ	-
çeşitle	VERB	-
çeşitleme	NOUN	-
çeşitlen	VERB	-
çeşitlendir	VERB	-
çeşitlendirebil	VERB	-
çeşitlendirebilme	NOUN	-
çeşitlendiril	VERB	-
çeşitlendirilebil	VERB	-
çeşitlendirilebilme	NOUN	-
çeşitlendirilme	NOUN	-
çeşitlenebil	VERB	-
çeşitlenebilme	NOUN	-
çeşm	NOUN	-
çeşme	NOUN	-
çeşmibülbül	NOUN	-
çeşmisiyah	NOUN	-
çeşni	NOUN	-
çeşnicibaşı	NOUN	-
çeşnile	VERB	-
çeşnileme	NOUN	-
çeşnilen	VERB	-
çeşnilendir	VERB	-
çi	VERB	VOICING
çift	ADJ	-
çift	NOUN	-
çifte	ADJ	-
çifte	NOUN	-
çiftehane	NOUN	-
çiftele	VERB	-
çifteleme	NOUN	-
çiftelen	VERB	-
çifteleyebil	VERB	-
çifteleyebilme	NOUN	-
çifteleş	VERB	-
çiftle	VERB	-
çiftleme	NOUN	-
çiftlen	VERB	-
çiftleş	VERB	-
çiftleşebil	VERB	-
çiftleşebilme	NOUN	-
çiftleştir	VERB	-
çiftleştirebil	VERB	-
çiftleştirebilme	NOUN	-
çiftleştiril	VERB	-
çiftleştirilebil	VERB	-
çiftleştirilebilme	NOUN	-
çiftleştirilme	NOUN	-
çiftleştiriş	NOUN	-
çiftteker	NOUN	-
çiftçi	NOUN	-
çikolata	NOUN	-
çil	ADJ	-
çil	NOUN	-
çile	NOUN	-
çile	VERB	-
çilehane	NOUN	-
çilek	NOUN	VOICING
çilekeş	ADJ	-
çileksi	ADJ	-
çilekçi	NOUN	-
çileme	NOUN	-
çilenti	NOUN	-
çileğimsi	ADJ	-
çilingir	NOUN	-
çillen	VERB	-
çim	NOUN	-
çim	VERB	-
çimadam	NOUN	-
çimdik	ADJ	VOICING
çimdik	NOUN	VOICING
çimdikle	VERB	-
çimdikleme	NOUN	-
çimdiklen	VERB	-
çimdir	VERB	-
çimdirme	NOUN	-
çimen	NOUN	-
çimenle	VERB	-
çimenleme	NOUN	-
çimento	NOUN	-
çimentola	VERB	-
çimentolama	NOUN	-
çimentolan	VERB	-
çimentolat	VERB	-
çimentolatma	NOUN	-
çimentolayabil	VERB	-
çimentolayabilme	NOUN	-
çimle	VERB	-
çimleme	NOUN	-
çimlen	VERB	-
çimlendir	VERB	-
çimlendirebil	VERB	-
çimlendirebilme	NOUN	-
çimlendiril	VERB	-
çimlendirilebil	VERB	-
çimlendirilebilme	NOUN	-
çimlendirilme	NOUN	-
çimleniver	VERB	-
çimleniverme	NOUN	-
çimleniş	NOUN	-
çimleyiş	NOUN	-
çimme	NOUN	-
çimçek	NOUN	VOICING
çimçim	NOUN	-
çinakop	NOUN	-
çinekop	NOUN	-
çingil	NOUN	-
çini	ADJ	-
çini	NOUN	-
çinko	ADJ	-
çinko	INTERJ	-
çinko	NOUN	-
çinkograf	NOUN	-
çinkografi	NOUN	-
çinkomsu	ADJ	-
çintemani	NOUN	-
çintiyan	NOUN	-
çinçilya	NOUN	-
çinçilyagiller	NOUN	-
çip	NOUN	-
çipil	ADJ	-
çipilleş	VERB	-
çipilti	NOUN	-
çipo	NOUN	-
çipura	NOUN	-
çir	NOUN	-
çiriş	NOUN	-
çirişle	VERB	-
çirişleme	NOUN	-
çirişlen	VERB	-
çirişçi	NOUN	-
çirkef	ADJ	-
çirkef	NOUN	-
çirkefleş	VERB	-
çirkefleşebil	VERB	-
çirkefleşebilme	NOUN	-
çirkefçe	ADJ	-
çirkefçe	ADV	-
çirkin	ADJ	-
çirkin	NOUN	-
çirkince	ADJ	-
çirkince	ADV	-
çirkinleş	VERB	-
çirkinleşebil	VERB	-
çirkinleşebilme	NOUN	-
çirkinleşiver	VERB	-
çirkinleşiverme	NOUN	-
çirkinleştir	VERB	-
çirkinleştirebil	VERB	-
çirkinleştirebilme	NOUN	-
çirkinleştiril	VERB	-
çirkinleştirilebil	VERB	-
çirkinleştirilebilme	NOUN	-
çirkinleştirilme	NOUN	-
çirkinse	VERB	-
çirkinseme	NOUN	-
çiroz	ADJ	-
çiroz	NOUN	-
çirozlaş	VERB	-
çis	NOUN	-
çise	NOUN	-
çise	VERB	-
çisele	VERB	-
çiseleme	NOUN	-
çiseleyiver	VERB	-
çiseleyiverme	NOUN	-
çiseme	NOUN	-
çisen	NOUN	-
çisenti	NOUN	-
çiskin	ADJ	-
çiskin	NOUN	-
çit	NOUN	-
çit	VERB	-
çita	NOUN	-
çitari	NOUN	-
çiten	NOUN	-
çiti	NOUN	-
çiti	VERB	-
çitil	NOUN	-
çitil	VERB	-
çitile	VERB	-
çitileme	NOUN	-
çitilen	VERB	-
çitilme	NOUN	-
çitime	NOUN	-
çitle	VERB	-
çitlembik	NOUN	VOICING
çitleme	NOUN	-
çitme	NOUN	-
çitmik	NOUN	VOICING
çivi	NOUN	-
çividî	ADJ	-
çividî	NOUN	-
çivile	VERB	-
çivileme	ADV	-
çivileme	NOUN	-
çivilen	VERB	-
çivilenebil	VERB	-
çivilenebilme	NOUN	-
çivilet	VERB	-
çiviletme	NOUN	-
çivileyebil	VERB	-
çivileyebilme	NOUN	-
çivileyiver	VERB	-
çivileyiverme	NOUN	-
çivit	NOUN	VOICING
çivitle	VERB	-
çivitleme	NOUN	-
çivitlen	VERB	-
çiviyukarı	NOUN	-
çiy	NOUN	-
çiyle	VERB	-
çiyleme	NOUN	-
çiz	VERB	-
çizdir	VERB	-
çizdirebil	VERB	-
çizdirebilme	NOUN	-
çizdiril	VERB	-
çizdirilebil	VERB	-
çizdirilebilme	NOUN	-
çizdirilme	NOUN	-
çizdirme	NOUN	-
çizebil	VERB	-
çizebilme	NOUN	-
çizecek	NOUN	VOICING
çizelge	NOUN	-
çizer	NOUN	-
çizge	NOUN	-
çizgi	NOUN	-
çizgile	VERB	-
çizgileme	NOUN	-
çizgilen	VERB	-
çizgileş	VERB	-
çizgileştir	VERB	-
çizgin	VERB	-
çizginme	NOUN	-
çizgisel	ADJ	-
çizgisel	NOUN	-
çizi	NOUN	-
çizik	ADJ	VOICING
çizik	NOUN	VOICING
çiziktir	VERB	-
çiziktirebil	VERB	-
çiziktirebilme	NOUN	-
çiziktiriver	VERB	-
çiziktiriverme	NOUN	-
çiziktiriş	NOUN	-
çiziktirme	NOUN	-
çizil	VERB	-
çizilebil	VERB	-
çizilebilme	NOUN	-
çiziliver	VERB	-
çiziliverme	NOUN	-
çiziliş	NOUN	-
çizilme	NOUN	-
çizim	NOUN	-
çizinti	NOUN	-
çiziver	VERB	-
çiziverme	NOUN	-
çiziş	NOUN	-
çizme	NOUN	-
çizoynat	NOUN	-
çiçek	NOUN	VOICING
çiçekevi	NOUN	-
çiçekle	VERB	-
çiçekleme	NOUN	-
çiçeklen	VERB	-
çiçeklendir	VERB	-
çiçeklenebil	VERB	-
çiçeklenebilme	NOUN	-
çiçekleniver	VERB	-
çiçekleniverme	NOUN	-
çiçekleniş	NOUN	-
çiçekleş	VERB	-
çiçeksever	ADJ	-
çiçeksi	ADJ	-
çiçeksi	VERB	-
çiçeksime	NOUN	-
çiçekçi	NOUN	-
çiçeğimsi	ADJ	-
çiğ	ADJ	-
çiğ	NOUN	-
çiğde	NOUN	-
çiğdem	NOUN	-
çiğin	NOUN	-
çiğindirik	NOUN	VOICING
çiğit	NOUN	VOICING
çiğleş	VERB	-
çiğne	VERB	-
çiğnek	NOUN	VOICING
çiğnem	ADJ	-
çiğneme	NOUN	-
çiğnemik	NOUN	VOICING
çiğnen	VERB	-
çiğnenebil	VERB	-
çiğnenebilme	NOUN	-
çiğneniş	NOUN	-
çiğnenme	NOUN	-
çiğnet	VERB	-
çiğnetebil	VERB	-
çiğnetebilme	NOUN	-
çiğnetil	VERB	-
çiğnetilme	NOUN	-
çiğnetme	NOUN	-
çiğneyebil	VERB	-
çiğneyebilme	NOUN	-
çiğneyiver	VERB	-
çiğneyiverme	NOUN	-
çiğneyiş	NOUN	-
çiş	NOUN	-
çişik	NOUN	VOICING
ço	VERB	VOICING
çoban	NOUN	-
çobanaldatan	NOUN	-
çobanaldatangiller	NOUN	-
çobandağarcığı	NOUN	-
çobandeğneği	NOUN	-
çobandüdüğü	NOUN	-
çobaniğnesi	NOUN	-
çobanlama	ADJ	-
çobanpüskülügiller	NOUN	-
çobantarağı	NOUN	-
çobantuzluğu	NOUN	-
çobançantası	NOUN	-
çobançökerten	NOUN	-
çobanüzümü	NOUN	-
çocuk	NOUN	VOICING
çocukcağız	NOUN	-
çocukla	VERB	-
çocuklama	NOUN	-
çocuklar!	NOUN	-
çocuklaş	VERB	-
çocuklaşabil	VERB	-
çocuklaşabilme	NOUN	-
çocuklaştır	VERB	-
çocuksu	ADJ	-
çocuksu	ADV	-
çocuksulaş	VERB	-
çocukça	ADJ	-
çocukça	ADV	-
çocukçu	NOUN	-
çok	ADJ	-
çok	ADV	-
çokal	NOUN	-
çokbilmiş	ADJ	-
çokbilmiş	ADV	-
çokgen	NOUN	-
çokları	PRON	-
çoklarınca	ADV	-
çoklaştır	VERB	-
çoklukla	ADV	-
çokrağan	NOUN	-
çoksa	VERB	-
çoksama	NOUN	-
çoksatar	NOUN	-
çoktan	ADV	-
çoktandır	ADV	-
çokça	ADV	-
çokçu	ADJ	-
çolak	ADJ	VOICING
çolpa	ADJ	-
çolpa	NOUN	-
çomakla	VERB	-
çomaklama	NOUN	-
çomar	NOUN	-
çopra	NOUN	-
çopur	ADJ	-
çopurina	NOUN	-
çopurlaş	VERB	-
çopurlaştır	VERB	-
çor	NOUN	-
çorak	ADJ	VOICING
çorak	NOUN	VOICING
çoraklaş	VERB	-
çoraklaşabil	VERB	-
çoraklaşabilme	NOUN	-
çoraklaştır	VERB	-
çoraklaştırabil	VERB	-
çoraklaştırabilme	NOUN	-
çoraklaştırıl	VERB	-
çoraklaştırılma	NOUN	-
çorap	NOUN	VOICING
çorapçı	NOUN	-
çorba	NOUN	-
çotanak	NOUN	VOICING
çotira	NOUN	-
çotiragiller	NOUN	-
çotra	NOUN	-
çotuk	NOUN	VOICING
çoğal	VERB	-
çoğalabil	VERB	-
çoğalabilme	NOUN	-
çoğalma	NOUN	-
çoğalt	VERB	-
çoğaltabil	VERB	-
çoğaltabilme	NOUN	-
çoğaltan	NOUN	-
çoğaltma	NOUN	-
çoğalttır	VERB	-
çoğalttırma	NOUN	-
çoğaltıl	VERB	-
çoğaltılabil	VERB	-
çoğaltılabilme	NOUN	-
çoğaltılma	NOUN	-
çoğaltım	NOUN	-
çoğaltıver	VERB	-
çoğaltıverme	NOUN	-
çoğaltış	NOUN	-
çoğalıver	VERB	-
çoğalıverme	NOUN	-
çoğalış	NOUN	-
çoğu	PRON	-
çoğul	NOUN	-
çoğulla	VERB	-
çoğullama	NOUN	-
çoğullaş	VERB	-
çoğullaştır	VERB	-
çoğullaştırıl	VERB	-
çoğullaştırılma	NOUN	-
çoğumsa	VERB	-
çoğumsama	NOUN	-
çoğun	ADV	-
çoğunlukla	ADV	-
çoğunlukla	NOUN	-
çoğurcuk	NOUN	VOICING
çubuk	NOUN	VOICING
çubukla	VERB	-
çubuklama	NOUN	-
çubukçu	NOUN	-
çuha	NOUN	-
çuhadar	NOUN	-
çuhçuh	NOUN	-
çuka	NOUN	-
çukur	NOUN	-
çukurca	ADJ	-
çukurlan	VERB	-
çukurlat	VERB	-
çukurlatma	NOUN	-
çukurlaş	VERB	-
çukurlaştır	VERB	-
çukurlaştırıl	VERB	-
çukurlaştırılma	NOUN	-
çul	NOUN	-
çulaki	NOUN	-
çulha	NOUN	-
çulla	VERB	-
çullama	NOUN	-
çullan	VERB	-
çullanabil	VERB	-
çullanabilme	NOUN	-
çullandır	VERB	-
çullandırabil	VERB	-
çullandırabilme	NOUN	-
çullanıver	VERB	-
çullanıverme	NOUN	-
çullanış	NOUN	-
çullukgiller	NOUN	-
çultar	NOUN	-
çultutmaz	ADJ	-
çultutmaz	NOUN	-
çupra	NOUN	-
çurlat	VERB	-
çurlatma	NOUN	-
çurçur	ADJ	-
çurçur	NOUN	-
çuval	ADJ	-
çuval	NOUN	-
çuvaldız	NOUN	-
çuvalla	VERB	-
çuvallama	NOUN	-
çuvallan	VERB	-
çuvallat	VERB	-
çuvallatabil	VERB	-
çuvallatabilme	NOUN	-
çuvallatma	NOUN	-
çuvallayabil	VERB	-
çuvallayabilme	NOUN	-
çuvallayıver	VERB	-
çuvallayıverme	NOUN	-
çuvallayış	NOUN	-
çuşka	NOUN	-
çök	VERB	-
çökebil	VERB	-
çökebilme	NOUN	-
çökek	NOUN	VOICING
çökel	NOUN	-
çökel	VERB	-
çökelek	NOUN	VOICING
çökelge	NOUN	-
çökelme	NOUN	-
çökelt	VERB	-
çökeltebil	VERB	-
çökeltebilme	NOUN	-
çökelti	NOUN	-
çökeltil	VERB	-
çökeltilebil	VERB	-
çökeltilebilme	NOUN	-
çökeltilme	NOUN	-
çökeltme	NOUN	-
çöker	VERB	-
çökerme	NOUN	-
çökert	VERB	-
çökertebil	VERB	-
çökertebilme	NOUN	-
çökerti	NOUN	-
çökertil	VERB	-
çökertilebil	VERB	-
çökertilebilme	NOUN	-
çökertiliş	NOUN	-
çökertilme	NOUN	-
çökertiver	VERB	-
çökertiverme	NOUN	-
çökertme	NOUN	-
çökkün	ADJ	-
çökkün	NOUN	-
çökkünleş	VERB	-
çökme	NOUN	-
çöktür	VERB	-
çöktürme	NOUN	-
çöktürt	VERB	-
çöktürtme	NOUN	-
çöktürül	VERB	-
çöktürülme	NOUN	-
çöktürülüş	NOUN	-
çökük	ADJ	-
çöküm	NOUN	-
çöküntü	NOUN	-
çöküver	VERB	-
çöküverme	NOUN	-
çöküş	NOUN	-
çöküş	VERB	-
çöküşme	NOUN	-
çöl	NOUN	-
çölleş	VERB	-
çölleşebil	VERB	-
çölleşebilme	NOUN	-
çölleştir	VERB	-
çölleştiril	VERB	-
çölleştirilme	NOUN	-
çölyak	NOUN	-
çöm	VERB	-
çömel	VERB	-
çömelebil	VERB	-
çömelebilme	NOUN	-
çömeliver	VERB	-
çömeliverme	NOUN	-
çömeliş	NOUN	-
çömelme	NOUN	-
çömelt	VERB	-
çömeltil	VERB	-
çömeltilme	NOUN	-
çömeltme	NOUN	-
çömez	NOUN	-
çömlek	NOUN	VOICING
çömlekçi	NOUN	-
çömme	NOUN	-
çömçe	NOUN	-
çöp	NOUN	-
çöpatlamaz	ADJ	-
çöpkapar	NOUN	-
çöple	VERB	-
çöpleme	NOUN	-
çöplen	VERB	-
çöplenebil	VERB	-
çöplenebilme	NOUN	-
çöpleniş	NOUN	-
çöplükçü	NOUN	-
çöpçatan	NOUN	-
çöpçü	NOUN	-
çördek	NOUN	VOICING
çörek	NOUN	VOICING
çöreklen	VERB	-
çöreklenebil	VERB	-
çöreklenebilme	NOUN	-
çörekleniş	NOUN	-
çörekçi	NOUN	-
çöreotu	NOUN	-
çörkü	NOUN	-
çörten	NOUN	-
çörtü	NOUN	-
çöven	NOUN	-
çöz	NOUN	-
çöz	VERB	-
çözdür	VERB	-
çözdürebil	VERB	-
çözdürebilme	NOUN	-
çözdürme	NOUN	-
çözdürül	VERB	-
çözdürülebil	VERB	-
çözdürülebilme	NOUN	-
çözdürülme	NOUN	-
çözebil	VERB	-
çözebilme	NOUN	-
çözelti	NOUN	-
çözgü	NOUN	-
çözgün	ADJ	-
çözgün	NOUN	-
çözme	NOUN	-
çözük	ADJ	-
çözül	VERB	-
çözülebil	VERB	-
çözülebilme	NOUN	-
çözülme	NOUN	-
çözülüm	NOUN	-
çözülüver	VERB	-
çözülüverme	NOUN	-
çözülüş	NOUN	-
çözüm	NOUN	-
çözümle	VERB	-
çözümleme	NOUN	-
çözümlen	VERB	-
çözümlenebil	VERB	-
çözümlenebilme	NOUN	-
çözümleniver	VERB	-
çözümleniverme	NOUN	-
çözümleniş	NOUN	-
çözümler	NOUN	-
çözümleyebil	VERB	-
çözümleyebilme	NOUN	-
çözümleyiver	VERB	-
çözümleyiverme	NOUN	-
çözümleyiş	NOUN	-
çözümsel	ADJ	-
çözümsüzleş	VERB	-
çözümsüzleştir	VERB	-
çözümsüzleştiril	VERB	-
çözümsüzleştirilme	NOUN	-
çözün	VERB	-
çözündür	VERB	-
çözündürebil	VERB	-
çözündürebilme	NOUN	-
çözündürme	NOUN	-
çözündürül	VERB	-
çözündürülme	NOUN	-
çözünebil	VERB	-
çözünebilme	NOUN	-
çözünme	NOUN	-
çözüntü	NOUN	-
çözüver	VERB	-
çözüverme	NOUN	-
çözüş	NOUN	-
çözüş	VERB	-
çözüşme	NOUN	-
çözüştür	VERB	-
çözüştürme	NOUN	-
çöğ	VERB	-
çöğdür	VERB	-
çöğdürme	NOUN	-
çöğme	NOUN	-
çöğün	VERB	-
çöğüncek	NOUN	VOICING
çöğünme	NOUN	-
çöğür	NOUN	-
çük	NOUN	-
çükündür	NOUN	-
çükür	NOUN	-
çülaki	NOUN	-
çünkü	CONJ	-
çürü	VERB	-
çürük	ADJ	VOICING
çürük	NOUN	VOICING
çürükçül	ADJ	-
çürüme	NOUN	-
çürüt	VERB	-
çürütebil	VERB	-
çürütebilme	NOUN	-
çürütme	NOUN	-
çürütül	VERB	-
çürütülebil	VERB	-
çürütülebilme	NOUN	-
çürütülme	NOUN	-
çürütülüş	NOUN	-
çürütüver	VERB	-
çürütüverme	NOUN	-
çürütüş	NOUN	-
çürüyüver	VERB	-
çürüyüverme	NOUN	-
çürüyüş	NOUN	-
çüş	INTERJ	-
çüş	NOUN	-
çıban	NOUN	-
çıbanbaşı	NOUN	-
çıbanlaş	VERB	-
çıdam	NOUN	-
çıfıt	ADJ	-
çık	VERB	-
çıkabil	VERB	-
çıkabilme	NOUN	-
çıkacak	NOUN	VOICING
çıkagel	VERB	-
çıkagelme	NOUN	-
çıkak	NOUN	VOICING
çıkan	NOUN	-
çıkar	NOUN	-
çıkar	VERB	-
çıkarabil	VERB	-
çıkarabilme	NOUN	-
çıkarayaz	VERB	-
çıkarayazma	NOUN	-
çıkarma	NOUN	-
çıkarsama	NOUN	-
çıkarsever	ADJ	-
çıkart	VERB	-
çıkartabil	VERB	-
çıkartabilme	NOUN	-
çıkartma	NOUN	-
çıkarttır	VERB	-
çıkarttırma	NOUN	-
çıkartı	NOUN	-
çıkartıl	VERB	-
çıkartılabil	VERB	-
çıkartılabilme	NOUN	-
çıkartılma	NOUN	-
çıkartılış	NOUN	-
çıkartıver	VERB	-
çıkartıverme	NOUN	-
çıkartış	NOUN	-
çıkarıl	VERB	-
çıkarılabil	VERB	-
çıkarılabilme	NOUN	-
çıkarılma	NOUN	-
çıkarılıver	VERB	-
çıkarılıverme	NOUN	-
çıkarılış	NOUN	-
çıkarım	NOUN	-
çıkarıver	VERB	-
çıkarıverme	NOUN	-
çıkarış	NOUN	-
çıkayaz	VERB	-
çıkayazma	NOUN	-
çıkkın	ADJ	-
çıkkınlaş	VERB	-
çıkma	ADJ	-
çıkma	NOUN	-
çıkmaz	ADJ	-
çıkmaz	NOUN	-
çıkra	NOUN	-
çıkrık	NOUN	VOICING
çıkrıkçı	NOUN	-
çıkrıkçın	NOUN	-
çıktı	NOUN	-
çıkı	NOUN	-
çıkık	ADJ	VOICING
çıkık	NOUN	VOICING
çıkıkçı	NOUN	-
çıkıl	VERB	-
çıkıla	VERB	-
çıkılabil	VERB	-
çıkılabilme	NOUN	-
çıkılama	NOUN	-
çıkılan	VERB	-
çıkılat	VERB	-
çıkılatma	NOUN	-
çıkılatıver	VERB	-
çıkılatıverme	NOUN	-
çıkılma	NOUN	-
çıkım	NOUN	-
çıkın	NOUN	-
çıkınla	VERB	-
çıkınlama	NOUN	-
çıkıntı	NOUN	-
çıkıt	NOUN	-
çıkıver	VERB	-
çıkıverme	NOUN	-
çıkış	NOUN	-
çıkış	VERB	-
çıkışabil	VERB	-
çıkışabilme	NOUN	-
çıkışama	VERB	-
çıkışma	NOUN	-
çıkıştır	VERB	-
çıkıştırabil	VERB	-
çıkıştırabilme	NOUN	-
çıkıştırma	NOUN	-
çılbır	NOUN	-
çıldır	VERB	-
çıldırabil	VERB	-
çıldırabilme	NOUN	-
çıldırasıya	ADV	-
çıldırma	NOUN	-
çıldırt	VERB	-
çıldırtabil	VERB	-
çıldırtabilme	NOUN	-
çıldırtma	NOUN	-
çıldırıver	VERB	-
çıldırıverme	NOUN	-
çıldırış	NOUN	-
çılgın	ADJ	-
çılgın	NOUN	-
çılgınca	ADV	-
çılgınca	NOUN	-
çılgıncasına	ADV	-
çılgınlaş	VERB	-
çılgınlaşabil	VERB	-
çılgınlaşabilme	NOUN	-
çıma	NOUN	-
çımariva	NOUN	-
çımbar	NOUN	-
çımbarla	VERB	-
çımbarlama	NOUN	-
çımkır	VERB	-
çımkırma	NOUN	-
çın	ADJ	-
çınar	NOUN	-
çınargiller	NOUN	-
çınayaz	NOUN	-
çıngar	NOUN	-
çıngı	NOUN	-
çıngıl	NOUN	-
çıngırak	NOUN	VOICING
çıngırakçı	NOUN	-
çıngırda	VERB	-
çıngırdak	NOUN	VOICING
çıngırdama	NOUN	-
çıngırdat	VERB	-
çıngırdatma	NOUN	-
çıngırtı	NOUN	-
çınla	VERB	-
çınlak	ADJ	-
çınlak	NOUN	-
çınlama	NOUN	-
çınlat	VERB	-
çınlatabil	VERB	-
çınlatabilme	NOUN	-
çınlatma	NOUN	-
çınlatış	NOUN	-
çınlayabil	VERB	-
çınlayabilme	NOUN	-
çınlayış	NOUN	-
çınsabah	ADV	-
çıntar	NOUN	-
çıp	NOUN	-
çıpa	NOUN	-
çıpala	VERB	-
çıpalama	NOUN	-
çıplak	ADJ	VOICING
çıplak	NOUN	VOICING
çıplaklaş	VERB	-
çıplaklaştır	VERB	-
çıplan	VERB	-
çıpır	NOUN	-
çıra	NOUN	-
çırak	NOUN	VOICING
çırakma	NOUN	-
çırakman	NOUN	-
çıramoz	NOUN	-
çırağ	NOUN	-
çırnık	NOUN	VOICING
çırp	VERB	-
çırpabil	VERB	-
çırpabilme	NOUN	-
çırpma	NOUN	-
çırptır	VERB	-
çırptırma	NOUN	-
çırpı	NOUN	-
çırpıl	VERB	-
çırpılabil	VERB	-
çırpılabilme	NOUN	-
çırpılma	NOUN	-
çırpın	VERB	-
çırpınabil	VERB	-
çırpınabilme	NOUN	-
çırpınma	NOUN	-
çırpıntı	NOUN	-
çırpınıver	VERB	-
çırpınıverme	NOUN	-
çırpınış	NOUN	-
çırpış	NOUN	-
çırpış	VERB	-
çırpışma	NOUN	-
çırpıştır	VERB	-
çırpıştırma	ADJ	-
çırpıştırma	NOUN	-
çırpıştırıl	VERB	-
çırpıştırılma	NOUN	-
çırpıştırılış	NOUN	-
çırpıştırıver	VERB	-
çırpıştırıverme	NOUN	-
çırpıştırış	NOUN	-
çırçıl	NOUN	-
çırçıplak	ADJ	VOICING
çırçır	NOUN	-
çırçırla	VERB	-
çırçırlama	NOUN	-
çırçırlan	VERB	-
çırılçıplak	ADJ	VOICING
çırılçıplak	ADV	VOICING
çırılçıplak	NOUN	VOICING
çıt	NOUN	-
çıta	NOUN	-
çıtak	ADJ	-
çıtak	NOUN	-
çıtkırıldım	ADJ	-
çıtla	VERB	-
çıtlama	NOUN	-
çıtlat	VERB	-
çıtlatabil	VERB	-
çıtlatabilme	NOUN	-
çıtlatma	NOUN	-
çıtlatıl	VERB	-
çıtlatılabil	VERB	-
çıtlatılabilme	NOUN	-
çıtlatılma	NOUN	-
çıtlatılış	NOUN	-
çıtlatıver	VERB	-
çıtlatıverme	NOUN	-
çıtlatış	NOUN	-
çıtlayabil	VERB	-
çıtlayabilme	NOUN	-
çıtlayış	NOUN	-
çıtpıt	NOUN	-
çıtçıt	NOUN	-
çıtçıtla	VERB	-
çıtçıtlama	NOUN	-
çıtçıtçı	NOUN	-
çıtırbom	ADJ	-
çıtırda	VERB	-
çıtırdama	NOUN	-
çıtırdat	VERB	-
çıtırdatabil	VERB	-
çıtırdatabilme	NOUN	-
çıtırdatma	NOUN	-
çıtırdatış	NOUN	-
çıtırdayabil	VERB	-
çıtırdayabilme	NOUN	-
çıtırdayış	NOUN	-
çıtırtı	NOUN	-
çıv	VERB	-
çıvgar	NOUN	-
çıvgın	NOUN	-
çıvma	NOUN	-
çıyan	ADJ	-
çıyan	NOUN	-
çıyancık	NOUN	-
çızıktır	VERB	-
çızıktırma	NOUN	-
çığ	NOUN	-
çığa	NOUN	-
çığalan	VERB	-
çığrıl	VERB	-
çığrılma	NOUN	-
çığrış	VERB	-
çığrışma	NOUN	-
çığıltı	NOUN	-
çığır	NOUN	-
çığır	VERB	-
çığırabil	VERB	-
çığırabilme	NOUN	-
çığırma	NOUN	-
çığırt	VERB	-
çığırtkan	NOUN	-
çığırtma	NOUN	-
çığırtı	NOUN	-
çığırış	NOUN	-
öbek	NOUN	VOICING
öbeklen	VERB	-
öbekleş	VERB	-
öbür	ADJ	-
öbürkü	PRON	-
öbürleri	PRON	-
öbürü	PRON	-
öcü	NOUN	-
öd	NOUN	-
öde	VERB	-
ödegeç	NOUN	-
ödem	NOUN	-
ödeme	NOUN	-
öden	VERB	-
ödence	NOUN	-
ödenek	NOUN	VOICING
ödeniş	NOUN	-
ödenme	NOUN	-
ödenti	NOUN	-
ödet	VERB	-
ödetebil	VERB	-
ödetebilme	NOUN	-
ödetil	VERB	-
ödetilme	NOUN	-
ödetme	NOUN	-
ödettir	VERB	-
ödettirme	NOUN	-
ödev	NOUN	-
ödevcil	ADJ	-
ödevlendir	VERB	-
ödevlendiril	VERB	-
ödevlendirilme	NOUN	-
ödeyebil	VERB	-
ödeyebilme	NOUN	-
ödeyiver	VERB	-
ödeyiverme	NOUN	-
ödeyiş	NOUN	-
ödeş	VERB	-
ödeşme	NOUN	-
ödeştir	VERB	-
ödeştirme	NOUN	-
ödlek	ADJ	-
ödlekçe	ADJ	-
ödlekçe	ADV	-
ödyometre	NOUN	-
ödül	NOUN	-
ödüllendir	VERB	-
ödüllendirebil	VERB	-
ödüllendirebilme	NOUN	-
ödüllendiril	VERB	-
ödüllendiriliş	NOUN	-
ödüllendirilme	NOUN	-
ödüllendiriş	NOUN	-
ödün	NOUN	-
ödünle	VERB	-
ödünleme	NOUN	-
ödünsüzce	ADV	-
ödünç	ADJ	VOICING
ödünçle	VERB	-
ödünçleme	NOUN	-
ödünçlen	VERB	-
ödünçleş	VERB	-
öf	INTERJ	-
öfke	NOUN	-
öfkelen	VERB	-
öfkelendir	VERB	-
öfkelenebil	VERB	-
öfkelenebilme	NOUN	-
öfkeleniş	NOUN	-
öge	NOUN	-
öglena	NOUN	-
öglenagiller	NOUN	-
öhö	NOUN	-
öke	NOUN	-
ökse	NOUN	-
ökse	VERB	-
öksele	VERB	-
ökseleme	NOUN	-
ökseme	NOUN	-
öksür	VERB	-
öksürme	NOUN	-
öksürt	VERB	-
öksürtme	NOUN	-
öksürük	NOUN	VOICING
öksürüş	NOUN	-
öksüzdoyuran	NOUN	-
öksüzleş	VERB	-
öksüzsevindiren	NOUN	-
ökçe	NOUN	-
öküz	NOUN	-
öküzburnu	NOUN	-
öküzgözü	NOUN	-
öl	VERB	-
öldür	VERB	-
öldürebil	VERB	-
öldürebilme	NOUN	-
öldüresiye	ADV	-
öldürme	NOUN	-
öldürt	VERB	-
öldürtebil	VERB	-
öldürtebilme	NOUN	-
öldürtme	NOUN	-
öldürül	VERB	-
öldürülme	NOUN	-
öldürülüş	NOUN	-
öldürüm	NOUN	-
öldürüş	NOUN	-
ölebil	VERB	-
ölebilme	NOUN	-
ölesiye	ADV	-
ölesiye	NOUN	-
ölet	NOUN	-
öleyaz	VERB	-
öleyazma	NOUN	-
ölgün	ADJ	-
ölgün	NOUN	-
ölme	NOUN	-
ölmez	ADJ	-
ölmez	NOUN	-
ölmezleştir	VERB	-
ölmüş	ADJ	-
ölç	VERB	-
ölçebil	VERB	-
ölçebilme	NOUN	-
ölçek	ADJ	VOICING
ölçek	NOUN	VOICING
ölçekle	VERB	-
ölçekleme	NOUN	-
ölçeklen	VERB	-
ölçeklendir	VERB	-
ölçeklendiril	VERB	-
ölçeklendirilme	NOUN	-
ölçer	NOUN	-
ölçer	VERB	-
ölçerme	NOUN	-
ölçme	NOUN	-
ölçtür	VERB	-
ölçtürme	NOUN	-
ölçü	NOUN	-
ölçül	VERB	-
ölçülebil	VERB	-
ölçülebilme	NOUN	-
ölçülen	NOUN	-
ölçülendir	VERB	-
ölçülme	NOUN	-
ölçülüle	VERB	-
ölçülüleme	NOUN	-
ölçüm	NOUN	-
ölçümle	VERB	-
ölçümleme	NOUN	-
ölçümleyebil	VERB	-
ölçümleyebilme	NOUN	-
ölçün	ADJ	-
ölçün	VERB	-
ölçünme	NOUN	-
ölçüsüzce	ADV	-
ölçüt	NOUN	-
ölçüş	NOUN	-
ölçüş	VERB	-
ölçüşebil	VERB	-
ölçüşebilme	NOUN	-
ölçüşme	NOUN	-
ölçüştür	VERB	-
ölçüştürme	NOUN	-
ölü	ADJ	-
ölü	NOUN	-
ölüdoğa	NOUN	-
ölüevi	NOUN	-
ölük	ADJ	-
ölüm	INTERJ	-
ölüm	NOUN	-
ölümcül	ADJ	-
ölümcül	NOUN	-
ölümsek	ADJ	-
ölümsüzleş	VERB	-
ölümsüzleşebil	VERB	-
ölümsüzleşebilme	NOUN	-
ölümsüzleştir	VERB	-
ölümsüzleştirebil	VERB	-
ölümsüzleştirebilme	NOUN	-
ölümsüzleştiril	VERB	-
ölümsüzleştirilme	NOUN	-
ölümüne	ADV	-
ölün	VERB	-
ölünme	NOUN	-
ölürcesine	ADV	-
ölüver	VERB	-
ölüverme	NOUN	-
ölüş	NOUN	-
ömrübillah	ADV	-
ömrühayat	NOUN	-
ömrünce	ADV	-
ömür	NOUN	VOWEL_DROP
ömürsün	NOUN	-
ön	ADJ	-
ön	NOUN	-
önayak	NOUN	-
önce	ADJ	-
önce	ADV	-
önce	NOUN	-
önceden	ADV	-
önceki	ADJ	-
önceki	NOUN	-
öncel	ADJ	-
öncel	NOUN	-
öncele	VERB	-
önceleme	NOUN	-
önceleri	ADV	-
öncelikle	ADV	-
öncelikle	NOUN	-
öncelle	VERB	-
öncelleme	NOUN	-
öncül	ADJ	-
öncül	NOUN	-
öncüller	NOUN	-
önder	NOUN	-
önel	NOUN	-
önem	NOUN	-
önemlice	ADJ	-
önemlice	NOUN	-
önemse	VERB	-
önemseme	NOUN	-
önemsemezce	ADV	-
önemsen	VERB	-
önemseniş	NOUN	-
önemsenme	NOUN	-
önemset	VERB	-
önemsetme	NOUN	-
önemseyebil	VERB	-
önemseyebilme	NOUN	-
önemseyiş	NOUN	-
önemsizce	ADJ	-
öner	VERB	-
önerebil	VERB	-
önerebilme	NOUN	-
önerge	NOUN	-
öneri	NOUN	-
öneril	VERB	-
önerilebil	VERB	-
önerilebilme	NOUN	-
öneriliş	NOUN	-
önerilme	NOUN	-
öneriş	NOUN	-
önerme	NOUN	-
önerti	NOUN	-
öneze	NOUN	-
öngör	VERB	-
öngörebil	VERB	-
öngörebilme	NOUN	-
öngörme	NOUN	-
öngörü	NOUN	-
öngörül	VERB	-
öngörülme	NOUN	-
önle	VERB	-
önlem	NOUN	-
önleme	NOUN	-
önlen	VERB	-
önlenebil	VERB	-
önlenebilme	NOUN	-
önleniş	NOUN	-
önleyebil	VERB	-
önleyebilme	NOUN	-
önleyiş	NOUN	-
önolog	NOUN	-
önoloji	NOUN	-
önsel	ADJ	-
önsezi	NOUN	-
önünden	ADV	-
öp	VERB	-
öpebil	VERB	-
öpebilme	NOUN	-
öpme	NOUN	-
öptür	VERB	-
öptürme	NOUN	-
öptürt	VERB	-
öptürtme	NOUN	-
öpücük	NOUN	VOICING
öpül	VERB	-
öpülme	NOUN	-
öpülüş	NOUN	-
öpüver	VERB	-
öpüverme	NOUN	-
öpüş	NOUN	-
öpüş	VERB	-
öpüşebil	VERB	-
öpüşebilme	NOUN	-
öpüşme	NOUN	-
öpüştür	VERB	-
öpüştürme	NOUN	-
ör	VERB	-
örcin	NOUN	-
ördek	NOUN	VOICING
ördekbaşı	ADJ	-
ördekbaşı	NOUN	-
ördekgagası	ADJ	-
ördekgagası	NOUN	-
ördekgiller	NOUN	-
ördür	VERB	-
ördürme	NOUN	-
örebil	VERB	-
örebilme	NOUN	-
örek	NOUN	VOICING
öreke	NOUN	-
ören	NOUN	-
örf	NOUN	-
örfi	ADJ	-
örge	NOUN	-
örgen	NOUN	-
örgensel	ADJ	-
örgü	ADJ	-
örgü	NOUN	-
örgüle	VERB	-
örgüleme	NOUN	-
örgün	ADJ	-
örgüt	NOUN	-
örgütle	VERB	-
örgütleme	NOUN	-
örgütlen	VERB	-
örgütlendir	VERB	-
örgütlendiril	VERB	-
örgütlendirilme	NOUN	-
örgütlenebil	VERB	-
örgütlenebilme	NOUN	-
örgütleniş	NOUN	-
örgütleyiş	NOUN	-
örgütleş	VERB	-
örgütsel	ADJ	-
örgütçü	NOUN	-
örk	NOUN	-
örkle	VERB	-
örkleme	NOUN	-
örme	ADJ	-
örme	NOUN	-
örnek	ADJ	VOICING
örnek	NOUN	VOICING
örnekle	VERB	-
örneklem	NOUN	-
örnekleme	NOUN	-
örneklen	VERB	-
örneklendir	VERB	-
örnekleyebil	VERB	-
örnekleyebilme	NOUN	-
örnekse	VERB	-
örnekseme	NOUN	-
örneğin	CONJ	-
örs	NOUN	-
örsele	VERB	-
örseleme	NOUN	-
örselen	VERB	-
örseleniş	NOUN	-
örseleyiş	NOUN	-
ört	VERB	-
örtbas	NOUN	-
örtebil	VERB	-
örtebilme	NOUN	-
örtenek	NOUN	VOICING
örtme	NOUN	-
örtmece	NOUN	-
örttür	VERB	-
örttürme	NOUN	-
örtü	NOUN	-
örtük	ADJ	-
örtül	VERB	-
örtülme	NOUN	-
örtülüş	NOUN	-
örtün	VERB	-
örtünme	NOUN	-
örtünüş	NOUN	-
örtüver	VERB	-
örtüverme	NOUN	-
örtüş	NOUN	-
örtüş	VERB	-
örtüşebil	VERB	-
örtüşebilme	NOUN	-
örtüşme	NOUN	-
örtüştür	VERB	-
örtüştürme	NOUN	-
örü	NOUN	-
örük	NOUN	VOICING
örül	VERB	-
örülme	NOUN	-
örülüş	NOUN	-
örüm	NOUN	-
örümce	NOUN	-
örümcek	NOUN	VOICING
örümceklen	VERB	-
örümcekler	NOUN	-
örümceksi	ADJ	-
örümceğimsiler	NOUN	-
örüntü	NOUN	-
örüş	NOUN	-
örüşük	ADJ	-
örüşük	NOUN	-
östaki	NOUN	-
östrojen	NOUN	-
öt	VERB	-
ötanazi	NOUN	-
öte	ADJ	-
öte	NOUN	-
öteberi	NOUN	-
ötebil	VERB	-
ötebilme	NOUN	-
öteki	ADJ	-
öteki	PRON	-
ötekileri	PRON	-
ötekileş	VERB	-
ötekileştir	VERB	-
ötekileştiril	VERB	-
ötekileştirilme	NOUN	-
ötekisi	NOUN	-
ötekisi	PRON	-
ötele	VERB	-
öteleme	NOUN	-
ötelen	VERB	-
öteleniş	NOUN	-
ötelet	VERB	-
öteletme	NOUN	-
öteleyebil	VERB	-
öteleyebilme	NOUN	-
ötleğen	NOUN	-
ötleğengiller	NOUN	-
ötleği	NOUN	-
ötme	NOUN	-
ötre	NOUN	-
öttür	VERB	-
öttürme	NOUN	-
ötüm	NOUN	-
ötümlüleş	VERB	-
ötümsüzleş	VERB	-
ötür	VERB	-
ötürme	NOUN	-
ötürü	POSTP	-
ötürük	NOUN	VOICING
ötüş	NOUN	-
ötüş	VERB	-
ötüşme	NOUN	-
öv	VERB	-
övdür	VERB	-
övdürme	NOUN	-
övebil	VERB	-
övebilme	NOUN	-
öveç	NOUN	VOICING
övgü	NOUN	-
övme	NOUN	-
övül	VERB	-
övülebil	VERB	-
övülebilme	NOUN	-
övülme	NOUN	-
övülüş	NOUN	-
övün	VERB	-
övünce	NOUN	-
övünebil	VERB	-
övünebilme	NOUN	-
övünedur	VERB	-
övünedurma	NOUN	-
övünek	NOUN	VOICING
övüngen	ADJ	-
övünme	NOUN	-
övüntü	NOUN	-
övünç	NOUN	VOICING
övünüş	NOUN	-
övüş	NOUN	-
öykü	NOUN	-
öyküle	VERB	-
öyküleme	NOUN	-
öyküleştir	VERB	-
öykün	VERB	-
öykünce	NOUN	-
öykünme	NOUN	-
öykünüş	NOUN	-
öyle	ADJ	-
öyle	ADV	-
öyle	INTERJ	-
öylece	ADV	-
öylece	NOUN	-
öylelikle	NOUN	-
öylemesine	ADV	-
öylesi	ADJ	-
öylesi	ADV	-
öylesi	NOUN	-
öylesine	ADV	-
öylesine	NOUN	-
öyleyse	ADV	-
öz	ADJ	-
öz	NOUN	-
özbeslenen	ADJ	-
özbeöz	ADJ	-
özcesi	ADV	-
özdek	NOUN	VOICING
özdeksel	ADJ	-
özdekçi	ADJ	-
özden	ADJ	-
özden	NOUN	-
özdeyiş	NOUN	-
özdeş	ADJ	-
özdeş	NOUN	-
özdeşle	VERB	-
özdeşleme	NOUN	-
özdeşleş	VERB	-
özdeşleşebil	VERB	-
özdeşleşebilme	VERB	-
özdeşleştir	VERB	-
özdeşleştirebil	VERB	-
özdeşleştirebilme	NOUN	-
özdeştir	VERB	-
özdeştirme	NOUN	-
öze	NOUN	-
öze	VERB	-
özek	NOUN	VOICING
özel	ADJ	-
özel	NOUN	-
özelge	NOUN	-
özelleş	VERB	-
özelleştir	VERB	-
özelleştirebil	VERB	-
özelleştirebilme	NOUN	-
özelleştiril	VERB	-
özelleştirilme	NOUN	-
özellikle	ADV	-
özeme	NOUN	-
özen	NOUN	-
özen	VERB	-
özendir	VERB	-
özendirebil	VERB	-
özendirebilme	NOUN	-
özendiril	VERB	-
özendirilme	NOUN	-
özendirme	NOUN	-
özengen	ADJ	-
özeni	NOUN	-
özenil	VERB	-
özenilesi	ADJ	-
özenilme	NOUN	-
özeniş	NOUN	-
özenle	ADV	-
özenle	NOUN	-
özenlice	ADV	-
özenme	NOUN	-
özensizce	ADV	-
özenti	NOUN	-
özenç	NOUN	VOICING
özerk	ADJ	-
özerk	NOUN	-
özerkleş	VERB	-
özerkleştir	VERB	-
özet	NOUN	-
özetle	VERB	-
özetleme	NOUN	-
özetlen	VERB	-
özetleniş	NOUN	-
özetleyebil	VERB	-
özetleyebilme	NOUN	-
özetleyiş	NOUN	-
özezer	NOUN	-
özge	ADJ	-
özgecil	ADJ	-
özgü	ADJ	-
özgü	NOUN	-
özgül	ADJ	-
özgüle	VERB	-
özgüleme	NOUN	-
özgülen	VERB	-
özgün	ADJ	-
özgün	NOUN	-
özgünleş	VERB	-
özgünleştir	VERB	-
özgür	ADJ	-
özgür	NOUN	-
özgürce	ADV	-
özgürcesine	ADV	-
özgürleş	VERB	-
özgürleşebil	VERB	-
özgürleşebilme	NOUN	-
özgürleştir	VERB	-
özgürleştirebil	VERB	-
özgürleştirebilme	NOUN	-
özgürlükçü	ADJ	-
özişler	NOUN	-
özle	VERB	-
özlem	NOUN	-
özleme	NOUN	-
özlen	VERB	-
özlenebil	VERB	-
özlenebilme	NOUN	-
özleniş	NOUN	-
özlenti	NOUN	-
özlet	VERB	-
özletme	NOUN	-
özleyebil	VERB	-
özleyebilme	NOUN	-
özleyiş	NOUN	-
özleş	VERB	-
özleştir	VERB	-
özne	NOUN	-
öznel	ADJ	-
özsel	ADJ	-
özsever	ADJ	-
özveren	ADJ	-
özveri	NOUN	-
özverilice	ADV	-
özçekim	NOUN	-
özümle	VERB	-
özümleme	NOUN	-
özümlen	VERB	-
özümlet	VERB	-
özümletme	NOUN	-
özümleyebil	VERB	-
özümleyebilme	NOUN	-
özümleyiş	NOUN	-
özümse	VERB	-
özümseme	NOUN	-
özümsen	VERB	-
özümsenme	NOUN	-
özümset	VERB	-
özümsetme	NOUN	-
özümseyebil	VERB	-
özümseyebilme	NOUN	-
özümseyiş	NOUN	-
özür	NOUN	VOWEL_DROP
özüt	NOUN	-
öç	NOUN	VOICING
öçlen	VERB	-
öğle	NOUN	-
öğlen	NOUN	-
öğlende	ADV	-
öğlenki	ADJ	-
öğlenleri	ADV	-
öğlenleri	NOUN	-
öğleye	ADV	-
öğleyin	ADV	-
öğleüstü	ADV	-
öğleüzeri	ADV	-
öğrek	NOUN	VOICING
öğren	VERB	-
öğrence	NOUN	-
öğrenebil	VERB	-
öğrenebilme	NOUN	-
öğrenil	VERB	-
öğreniliş	NOUN	-
öğrenilme	NOUN	-
öğrenim	NOUN	-
öğreniver	VERB	-
öğreniverme	NOUN	-
öğreniş	NOUN	-
öğrenme	NOUN	-
öğret	VERB	-
öğretebil	VERB	-
öğretebilme	NOUN	-
öğreti	NOUN	-
öğretil	VERB	-
öğretiliş	NOUN	-
öğretilme	NOUN	-
öğretim	NOUN	-
öğretiş	NOUN	-
öğretme	NOUN	-
öğretmen	NOUN	-
öğretmenevi	NOUN	-
öğün	NOUN	-
öğür	ADJ	-
öğür	NOUN	-
öğür	VERB	-
öğürleş	VERB	-
öğürme	NOUN	-
öğürt	VERB	-
öğürtle	VERB	-
öğürtleme	NOUN	-
öğürtme	NOUN	-
öğürtü	NOUN	-
öğürüş	NOUN	-
öğüt	NOUN	VOICING
öğüt	VERB	-
öğütebil	VERB	-
öğütebilme	NOUN	-
öğütle	VERB	-
öğütleme	NOUN	-
öğütleyebil	VERB	-
öğütleyebilme	NOUN	-
öğütme	NOUN	-
öğütçü	NOUN	-
öğütül	VERB	-
öğütülme	NOUN	-
öğütülüş	NOUN	-
öğütüş	NOUN	-
öşür	NOUN	VOWEL_DROP
ücra	ADJ	-
ücret	NOUN	-
ücretlendir	VERB	-
üdeba	NOUN	-
üf	INTERJ	-
üfle	VERB	-
üfleme	NOUN	-
üflen	VERB	-
üfleniş	NOUN	-
üflet	VERB	-
üfletme	NOUN	-
üfleyebil	VERB	-
üfleyebilme	NOUN	-
üfleyiver	VERB	-
üfleyiverme	NOUN	-
üfleyiş	NOUN	-
üfleç	NOUN	VOICING
üfür	VERB	-
üfürme	NOUN	-
üfürük	NOUN	VOICING
üfürükçü	NOUN	-
üfürüm	NOUN	-
üfürüş	NOUN	-
ülen	NOUN	-
üleş	NOUN	-
üleş	VERB	-
üleşebil	VERB	-
üleşebilme	NOUN	-
üleşil	VERB	-
üleşilebil	VERB	-
üleşilebilme	NOUN	-
üleşilme	NOUN	-
üleşiver	VERB	-
üleşiverme	NOUN	-
üleşme	NOUN	-
üleştir	VERB	-
üleştirebil	VERB	-
üleştirebilme	NOUN	-
üleştiril	VERB	-
üleştirilebil	VERB	-
üleştirilebilme	NOUN	-
üleştirilme	NOUN	-
üleştirim	NOUN	-
üleştiriver	VERB	-
üleştiriverme	NOUN	-
üleştirme	NOUN	-
ülfet	NOUN	-
ülger	NOUN	-
ülke	NOUN	-
ülkece	ADV	-
ülkesel	ADJ	-
ülkü	NOUN	-
ülküdaş	NOUN	-
ülküleştir	VERB	-
ülküleştiril	VERB	-
ülküleştirilme	NOUN	-
ülküsel	ADJ	-
ülser	NOUN	-
ültimatom	NOUN	-
ültimatomsu	ADJ	-
ülüş	NOUN	-
ümera	NOUN	-
ümit	NOUN	VOICING
ümitlen	VERB	-
ümitlendir	VERB	-
ümitlenebil	VERB	-
ümitlenebilme	NOUN	-
ümitleniş	NOUN	-
ümitsizce	ADV	-
ümitsizlen	VERB	-
ümitvar	ADJ	-
ümmet	NOUN	-
ümmetçe	ADV	-
ümmetçi	ADJ	-
ümmi	ADJ	-
ümmi	NOUN	-
ümran	NOUN	-
ümük	NOUN	VOICING
ün	NOUN	-
ündeş	NOUN	-
üniforma	NOUN	-
ünik	ADJ	-
üniseks	ADJ	-
ünite	NOUN	-
üniter	ADJ	-
üniter	NOUN	-
üniversal	ADJ	-
üniversite	NOUN	-
ünle	VERB	-
ünlem	NOUN	-
ünleme	NOUN	-
ünlen	VERB	-
ünleniş	NOUN	-
ünlet	VERB	-
ünletme	NOUN	-
ünsiyet	NOUN	-
ünvan	NOUN	-
ürat	NOUN	-
üre	NOUN	-
üre	VERB	-
ürem	NOUN	-
üreme	NOUN	-
üremi	NOUN	-
üremik	ADJ	-
üremsel	ADJ	-
üret	VERB	-
üretebil	VERB	-
üretebilme	NOUN	-
üreteç	NOUN	VOICING
üretil	VERB	-
üretilebil	VERB	-
üretilebilme	NOUN	-
üretiliş	NOUN	-
üretilme	NOUN	-
üretim	NOUN	-
üretimevi	NOUN	-
üretimsel	ADJ	-
üretiş	NOUN	-
üretken	ADJ	-
üretken	NOUN	-
üretme	NOUN	-
üretra	NOUN	-
ürettir	VERB	-
ürettirme	NOUN	-
üreyebil	VERB	-
üreyebilme	NOUN	-
üreyiş	NOUN	-
ürk	VERB	-
ürkek	ADJ	-
ürkek	NOUN	-
ürkekleş	VERB	-
ürkekçe	ADJ	-
ürkekçe	ADV	-
ürkme	NOUN	-
ürkü	NOUN	-
ürküntü	NOUN	-
ürkünç	ADJ	-
ürküt	VERB	-
ürkütme	NOUN	-
ürkütül	VERB	-
ürkütülme	NOUN	-
ürkütülüş	NOUN	-
ürkütüş	NOUN	-
ürküş	NOUN	-
ürokültür	NOUN	-
ürolog	NOUN	-
üroloji	NOUN	-
ürolojik	ADJ	-
ürper	VERB	-
ürperiş	NOUN	-
ürperme	NOUN	-
ürpert	VERB	-
ürperti	NOUN	-
ürpertme	NOUN	-
ürtiker	NOUN	-
üryan	ADJ	-
üryani	NOUN	-
ürü	VERB	-
ürüme	NOUN	-
ürün	NOUN	-
ürüş	VERB	-
ürüşme	NOUN	-
üs	NOUN	-
üsera	NOUN	-
üsküf	NOUN	-
üsküre	NOUN	-
üslen	VERB	-
üsleniş	NOUN	-
üslup	NOUN	VOICING
üsluplaştır	VERB	-
üslupçu	NOUN	-
üst	ADJ	-
üst	NOUN	-
üstadane	ADV	-
üstat	INTERJ	VOICING
üstat	NOUN	VOICING
üstatça	ADV	-
üste	NOUN	-
üstel	ADJ	-
üstele	VERB	-
üsteleme	NOUN	-
üstelen	VERB	-
üsteleniş	NOUN	-
üsteleyiş	NOUN	-
üsten	VERB	-
üstenme	NOUN	-
üsteğmen	NOUN	-
üstlen	VERB	-
üstlenim	NOUN	-
üstleniş	NOUN	-
üstsubay	NOUN	-
üstten	ADV	-
üstten	NOUN	-
üstyapı	NOUN	-
üstyapısal	ADJ	-
üstçavuş	NOUN	-
üstübeç	NOUN	VOICING
üstün	ADJ	-
üstün	NOUN	-
üstüne	ADV	-
üstüne	NOUN	-
üstünkörü	ADJ	-
üstünkörü	ADV	-
üstünleş	VERB	-
üstünse	VERB	-
üstünseme	NOUN	-
üstüpü	NOUN	-
üstüpüle	VERB	-
üstüpüleme	NOUN	-
üstüvane	NOUN	-
üstüvani	ADJ	-
üt	VERB	-
ütme	NOUN	-
ütopik	ADJ	-
ütopist	ADJ	-
ütopya	NOUN	-
ütü	NOUN	-
ütül	VERB	-
ütüle	VERB	-
ütüleme	NOUN	-
ütülen	VERB	-
ütüleniş	NOUN	-
ütület	VERB	-
ütületme	NOUN	-
ütüleyebil	VERB	-
ütüleyebilme	NOUN	-
ütülme	NOUN	-
üvendire	NOUN	-
üvey	ADJ	-
üvey	NOUN	-
üvey	VERB	-
üveyik	NOUN	VOICING
üveyme	NOUN	-
üvez	NOUN	-
üye	NOUN	-
üz	VERB	-
üzengi	NOUN	-
üzengile	VERB	-
üzengileme	NOUN	-
üzengilen	VERB	-
üzenti	NOUN	-
üzere	NOUN	-
üzere	POSTP	-
üzeri	NOUN	-
üzerinde	ADV	-
üzerinde	NOUN	-
üzerine	ADV	-
üzerine	NOUN	-
üzerine	POSTP	-
üzgü	NOUN	-
üzgün	ADJ	-
üzme	NOUN	-
üzre	POSTP	-
üzül	VERB	-
üzülebil	VERB	-
üzülebilme	NOUN	-
üzülme	NOUN	-
üzülüver	VERB	-
üzülüverme	NOUN	-
üzülüş	NOUN	-
üzüm	NOUN	-
üzümgüneşi	NOUN	-
üzümsü	ADJ	-
üzüntü	NOUN	-
üzünç	NOUN	VOICING
üç	ADJ	-
üç	NOUN	-
üçayak	NOUN	VOICING
üçbudak	NOUN	VOICING
üçer	ADJ	-
üçer	NOUN	-
üçgen	ADJ	-
üçgen	NOUN	-
üçgenleş	VERB	-
üçgül	NOUN	-
üçkat	NOUN	-
üçkâğıt	NOUN	VOICING
üçkâğıtçı	NOUN	-
üçle	VERB	-
üçleme	ADJ	-
üçleme	NOUN	-
üçler	NOUN	-
üçleş	VERB	-
üçtaş	ADJ	-
üçtaş	NOUN	-
üçteker	NOUN	-
üççatal	NOUN	-
üççeyrek	NOUN	VOICING
üçüncül	ADJ	-
üçüncül	NOUN	-
üçüz	ADJ	-
üçüz	NOUN	-
üçüzleme	NOUN	-
üğrüm	NOUN	-
üş	VERB	-
üşen	VERB	-
üşengen	ADJ	-
üşengeç	ADJ	VOICING
üşeniş	NOUN	-
üşenme	NOUN	-
üşenç	NOUN	VOICING
üşme	NOUN	-
üşü	VERB	-
üşüme	NOUN	-
üşüntü	NOUN	-
üşür	VERB	-
üşürme	NOUN	-
üşüt	VERB	-
üşütme	NOUN	-
üşütük	ADJ	-
üşüyebil	VERB	-
üşüyebilme	NOUN	-
üşüş	VERB	-
üşüşme	NOUN	-
üşüşüver	VERB	-
üşüşüverme	NOUN	-
İbradı	NOUN	-
İbrani	NOUN	-
İbranice	ADJ	-
İbranice	NOUN	-
İdil	NOUN	-
İhlas	NOUN	-
İhsangazi	NOUN	-
İhsaniye	NOUN	-
İkizce	NOUN	-
İkizdere	NOUN	-
İkizler	NOUN	-
İlah	NOUN	-
İlahî	INTERJ	-
İliç	NOUN	-
İlkadım	NOUN	-
İncesu	NOUN	-
İncil	NOUN	-
İncirliova	NOUN	-
İnegöl	NOUN	-
İngiliz	NOUN	-
İngilizce	ADJ	-
İngilizce	NOUN	-
İngilizsever	ADJ	-
İngiltere	NOUN	-
İnhisar	NOUN	-
İnönü	NOUN	-
İpsala	NOUN	-
İran	NOUN	-
İranist	NOUN	-
İranistik	NOUN	VOICING
İrlanda	NOUN	-
İsa	NOUN	-
İscehisar	NOUN	-
İsevi	NOUN	-
İskandinav	NOUN	-
İskandinavca	ADJ	-
İskandinavca	NOUN	-
İskenderun	NOUN	-
İskilip	NOUN	-
İskitler	NOUN	-
İskitçe	ADJ	-
İskitçe	NOUN	-
İskoç	NOUN	-
İskoçça	ADJ	-
İskoçça	NOUN	-
İslam	NOUN	-
İslamabad	NOUN	-
İslami	ADJ	-
İslami	NOUN	-
İslamiyet	NOUN	-
İslamlaş	VERB	-
İslamlaştır	VERB	-
İslamofobi	NOUN	-
İslav	NOUN	-
İslavca	NOUN	-
İslavist	NOUN	-
İslavistik	NOUN	VOICING
İsloven	NOUN	-
İslâhiye	NOUN	-
İspanya	NOUN	-
İspanyol	NOUN	-
İspanyolca	ADJ	-
İspanyolca	NOUN	-
İspir	NOUN	-
İsrafil	NOUN	-
İsrail	NOUN	GEMINATION
İstanbul	NOUN	-
İsveç	NOUN	-
İsveççe	ADJ	-
İsveççe	NOUN	-
İsviçre	NOUN	-
İtalya	NOUN	-
İtalyan	NOUN	-
İtalyanca	ADJ	-
İtalyanca	NOUN	-
İvrindi	NOUN	-
İyidere	NOUN	-
İzlanda	NOUN	-
İzmir	NOUN	-
İzmit	NOUN	-
İznik	NOUN	-
İğdir	NOUN	-
ıh	INTERJ	-
ıh	VERB	-
ıhla	VERB	-
ıhlama	NOUN	-
ıhlamur	NOUN	-
ıhlamurgiller	NOUN	-
ıhma	NOUN	-
ıhtır	VERB	-
ıhtırma	NOUN	-
ıhtırıl	VERB	-
ıhtırılma	NOUN	-
ıkla	VERB	-
ıklama	NOUN	-
ıkın	VERB	-
ıkınabil	VERB	-
ıkınabilme	NOUN	-
ıkındır	VERB	-
ıkındırma	NOUN	-
ıkınma	NOUN	-
ıkıntı	NOUN	-
ılga	VERB	-
ılgama	NOUN	-
ılgar	NOUN	-
ılgarla	VERB	-
ılgarlama	NOUN	-
ılgım	NOUN	-
ılgın	NOUN	-
ılgıncar	NOUN	-
ılgıngiller	NOUN	-
ıltar	NOUN	-
ılı	VERB	-
ılıca	NOUN	-
ılıcak	ADJ	-
ılık	ADJ	-
ılıklaş	VERB	-
ılıklaştır	VERB	-
ılıkça	ADJ	-
ılıkçıl	NOUN	-
ılım	NOUN	-
ılıma	NOUN	-
ılıman	ADJ	-
ılın	VERB	-
ılındır	VERB	-
ılındırma	NOUN	-
ılınma	NOUN	-
ılıt	VERB	-
ılıtma	NOUN	-
ılıştır	VERB	-
ılıştırma	NOUN	-
ımızgan	VERB	-
ımızganma	NOUN	-
ıncalız	NOUN	-
ıpıslak	ADJ	-
ır	NOUN	-
ıra	NOUN	-
ıra	VERB	-
ırak	ADJ	-
ırak	NOUN	VOICING
ırakgörür	NOUN	-
ıraklaş	VERB	-
ıraksa	VERB	-
ıraksak	ADJ	-
ıraksama	NOUN	-
ıraksın	VERB	-
ıraksınma	NOUN	-
ırakça	ADJ	-
ırala	VERB	-
ıralama	NOUN	-
ırama	NOUN	-
ırga	VERB	-
ırgala	VERB	-
ırgalama	NOUN	-
ırgalan	VERB	-
ırgama	NOUN	-
ırgan	VERB	-
ırganma	NOUN	-
ırgat	NOUN	-
ırgatbaşı	NOUN	-
ırk	NOUN	-
ırki	ADJ	-
ırkiyat	NOUN	-
ırksal	ADJ	-
ırktaş	NOUN	-
ırkçı	ADJ	-
ırla	VERB	-
ırlama	NOUN	-
ırmak	NOUN	VOICING
ırmaklaş	VERB	-
ırz	NOUN	-
ırıp	NOUN	VOICING
ısfahan	NOUN	-
ıska	NOUN	-
ıskala	VERB	-
ıskalama	NOUN	-
ıskalayış	NOUN	-
ıskarmoz	NOUN	-
ıskarta	NOUN	-
ıskarça	NOUN	-
ıskat	NOUN	-
ıskatçı	NOUN	-
ıskaça	NOUN	-
ıskota	NOUN	-
ıskuna	NOUN	-
ısla	VERB	-
ıslah	NOUN	-
ıslahat	NOUN	-
ıslahatçı	ADJ	-
ıslahevi	NOUN	-
ıslahhane	NOUN	-
ıslak	ADJ	VOICING
ıslak	NOUN	VOICING
ıslama	NOUN	-
ıslan	VERB	-
ıslanabil	VERB	-
ıslanabilme	NOUN	-
ıslanış	NOUN	-
ıslat	VERB	-
ıslatabil	VERB	-
ıslatabilme	NOUN	-
ıslatma	NOUN	-
ıslatıl	VERB	-
ıslatılma	NOUN	-
ıslatış	NOUN	-
ıslıkla	VERB	-
ıslıklama	NOUN	-
ıslıklan	VERB	-
ıslıklanış	NOUN	-
ıslıklayış	NOUN	-
ısmarla	VERB	-
ısmarlama	ADJ	-
ısmarlama	NOUN	-
ısmarlan	VERB	-
ısmarlanış	NOUN	-
ısmarlat	VERB	-
ısmarlatma	NOUN	-
ısmarlayabil	VERB	-
ısmarlayabilme	NOUN	-
ısmarlayış	NOUN	-
ıspanak	NOUN	VOICING
ıspanakgiller	NOUN	-
ıspanaklar	NOUN	-
ıspanağımsı	ADJ	-
ısparmaça	NOUN	-
ıspazmoz	NOUN	-
ısrar	NOUN	-
ıssızca	ADV	-
ıssızlaş	VERB	-
ıstakoz	NOUN	-
ıstakozlar	NOUN	-
ıstampa	NOUN	-
ıstampala	VERB	-
ıstampalama	NOUN	-
ıstar	NOUN	-
ıstıfa	NOUN	-
ıstılah	NOUN	-
ıstırap	NOUN	VOICING
ıstırar	NOUN	-
ıstırari	ADJ	-
ısı	NOUN	-
ısıalan	ADJ	-
ısıcam	NOUN	-
ısıdam	NOUN	-
ısıdenetir	NOUN	-
ısıl	ADJ	-
ısın	NOUN	-
ısın	VERB	-
ısınabil	VERB	-
ısınabilme	NOUN	-
ısındır	VERB	-
ısındırabil	VERB	-
ısındırabilme	NOUN	-
ısındırma	NOUN	-
ısınma	NOUN	-
ısınıver	VERB	-
ısınıverme	NOUN	-
ısınış	NOUN	-
ısır	VERB	-
ısırabil	VERB	-
ısırabilme	NOUN	-
ısırgan	NOUN	-
ısırgangiller	NOUN	-
ısırgın	NOUN	-
ısırma	NOUN	-
ısırt	VERB	-
ısırtma	NOUN	-
ısırık	NOUN	VOICING
ısırıl	VERB	-
ısırılma	NOUN	-
ısırıver	VERB	-
ısırıverme	NOUN	-
ısırış	NOUN	-
ısıt	VERB	-
ısıtabil	VERB	-
ısıtabilme	NOUN	-
ısıtma	NOUN	-
ısıtıl	VERB	-
ısıtılma	NOUN	-
ısıtış	NOUN	-
ısıveren	ADJ	-
ısıyayar	NOUN	-
ısıölçer	NOUN	-
ıtlak	NOUN	-
ıtrah	NOUN	-
ıtri	ADJ	-
ıtriyat	NOUN	-
ıtriyatçı	NOUN	-
ıttıla	NOUN	-
ıttırat	NOUN	VOICING
ıtır	NOUN	VOWEL_DROP
ıtırşahi	NOUN	-
ıydiye	NOUN	-
ızdırap	NOUN	VOICING
ızgara	ADJ	-
ızgara	NOUN	-
ızgın	NOUN	-
ızrar	NOUN	-
ıztırar	NOUN	-
ıztırari	ADJ	-
ığrıp	NOUN	VOICING
ığıl	NOUN	-
ışkı	NOUN	-
ışkın	NOUN	-
ışkırlak	NOUN	VOICING
ıştır	NOUN	-
ışı	VERB	-
ışık	NOUN	VOICING
ışıkkesen	NOUN	-
ışıkla	VERB	-
ışıklama	NOUN	-
ışıklan	VERB	-
ışıklandır	VERB	-
ışıklandırıl	VERB	-
ışıklandırılma	NOUN	-
ışıkçı	NOUN	-
ışıkölçer	NOUN	-
ışıl	ADJ	-
ışıl	NOUN	-
ışıla	VERB	-
ışılak	NOUN	VOICING
ışılama	NOUN	-
ışılat	VERB	-
ışılatma	NOUN	-
ışılda	VERB	-
ışıldak	ADJ	VOICING
ışıldak	NOUN	VOICING
ışıldama	NOUN	-
ışıldat	VERB	-
ışıldatma	NOUN	-
ışıldayış	NOUN	-
ışıltı	NOUN	-
ışıma	NOUN	-
ışın	NOUN	-
ışınla	VERB	-
ışınlama	NOUN	-
ışınlan	VERB	-
ışınlandır	VERB	-
ışınlılar	NOUN	-
ışıntı	NOUN	-
ışınölçer	NOUN	-
ışınım	NOUN	-
ışınımölçer	NOUN	-
ışıt	VERB	-
ışıtma	NOUN	-
ışıtım	NOUN	-
ışığan	NOUN	-
Şabanözü	NOUN	-
Şafii	NOUN	-
Şahinbey	NOUN	-
Şalpazarı	NOUN	-
Şam	NOUN	-
Şaman	NOUN	-
Şamani	NOUN	-
Şamanist	NOUN	-
Şamanizm	NOUN	-
Şanlıurfa	NOUN	-
Şaphane	NOUN	-
Şark	NOUN	-
Şarki	ADJ	-
Şarki	NOUN	-
Şarkikaraağaç	NOUN	-
Şarkiyat	NOUN	-
Şarkiyatçı	NOUN	-
Şarkkâri	ADJ	-
Şarkkâri	NOUN	-
Şarklılaş	VERB	-
Şarklılaştır	VERB	-
Şarkçı	NOUN	-
Şarköy	NOUN	-
Şarkışla	NOUN	-
Şavşat	NOUN	-
Şebiarus	NOUN	-
Şebinkarahisar	NOUN	-
Şehitkâmil	NOUN	-
Şenkaya	NOUN	-
Şenpazar	NOUN	-
Şereflikoçhisar	NOUN	-
Şia	NOUN	-
Şii	NOUN	-
Şile	NOUN	-
Şili	NOUN	-
Şimal	NOUN	-
Şimalî	ADJ	-
Şimalî	NOUN	-
Şinto	NOUN	-
Şintoizm	NOUN	-
Şiran	NOUN	-
Şirvan	NOUN	-
Şor	NOUN	-
Şorca	NOUN	-
Şuhut	NOUN	-
Şırnak	NOUN	-
şaban	NOUN	-
şabanlaş	VERB	-
şabaş	NOUN	-
şablon	NOUN	-
şablonsu	ADJ	-
şad	ADJ	-
şadırvan	NOUN	-
şafak	NOUN	VOICING
şafakla	VERB	-
şafaklama	NOUN	-
şafaklandır	VERB	-
şafaklaş	VERB	-
şaft	NOUN	-
şaful	NOUN	-
şah	ADJ	-
şah	NOUN	-
şahane	ADJ	-
şahane	NOUN	-
şahap	NOUN	VOICING
şahbaz	ADJ	-
şahbaz	NOUN	-
şaheser	ADJ	-
şaheser	NOUN	-
şahika	NOUN	-
şahin	NOUN	-
şahincibaşı	NOUN	-
şahinler	NOUN	-
şahinleş	VERB	-
şahit	NOUN	VOICING
şahlan	VERB	-
şahlanabil	VERB	-
şahlanabilme	NOUN	-
şahlandır	VERB	-
şahlandırış	NOUN	-
şahlanış	NOUN	-
şahmeran	NOUN	-
şahmerdan	NOUN	-
şahne	NOUN	-
şahniş	NOUN	-
şahnişin	NOUN	-
şahsen	ADV	-
şahsen	NOUN	-
şahsi	ADJ	-
şahsiyat	NOUN	-
şahsiyet	NOUN	-
şahtere	NOUN	-
şahteregiller	NOUN	-
şahtur	NOUN	-
şahıs	NOUN	-
şaibe	NOUN	-
şair	ADJ	-
şair	NOUN	-
şairane	ADJ	-
şairane	NOUN	-
şaire	NOUN	-
şairimsi	ADJ	-
şairleş	VERB	-
şak	NOUN	-
şaka	NOUN	-
şakacıktan	ADV	-
şakadan	ADV	-
şakak	NOUN	VOICING
şakalaş	VERB	-
şakalaşabil	VERB	-
şakalaşabilme	NOUN	-
şakalaşış	NOUN	-
şakamsı	ADV	-
şakayık	NOUN	VOICING
şaki	NOUN	-
şakirt	NOUN	VOICING
şakkadak	ADV	-
şakket	VERB	-
şakketme	NOUN	-
şakkol	VERB	-
şakkolma	NOUN	-
şakla	VERB	-
şaklaban	NOUN	-
şaklama	NOUN	-
şaklat	VERB	-
şaklatma	NOUN	-
şaklatış	NOUN	-
şaklayış	NOUN	-
şakra	VERB	-
şakrak	ADJ	-
şakrak	ADV	-
şakrama	NOUN	-
şakul	NOUN	VOWEL_DROP
şakulle	VERB	-
şakulleme	NOUN	-
şakı	VERB	-
şakıldak	NOUN	VOICING
şakıma	NOUN	-
şakırda	VERB	-
şakırdama	NOUN	-
şakırdat	VERB	-
şakırdatma	NOUN	-
şakırdayış	NOUN	-
şakırtı	NOUN	-
şakıt	NOUN	-
şakıyış	NOUN	-
şakşak	NOUN	VOICING
şakşakçı	NOUN	-
şal	NOUN	-
şalak	NOUN	VOICING
şalaki	NOUN	-
şale	NOUN	-
şalgam	NOUN	-
şallak	ADJ	VOICING
şallak	NOUN	VOICING
şalopa	NOUN	-
şalt	NOUN	-
şalter	NOUN	-
şalupa	NOUN	-
şalvar	NOUN	-
şama	NOUN	-
şamama	NOUN	-
şaman	NOUN	-
şamandıra	NOUN	-
şamandırala	VERB	-
şamandıralama	NOUN	-
şamar	NOUN	-
şamarla	VERB	-
şamarlama	NOUN	-
şamarlan	VERB	-
şamaroğlanı	NOUN	-
şamata	NOUN	-
şambaba	NOUN	-
şambabası	NOUN	-
şambrel	NOUN	-
şamdan	NOUN	-
şamil	ADJ	-
şampanya	NOUN	-
şampiyon	NOUN	-
şampiyona	NOUN	-
şampuan	NOUN	-
şampuanla	VERB	-
şampuanlama	NOUN	-
şan	NOUN	-
şandel	NOUN	-
şandelle	VERB	-
şandelleme	NOUN	-
şangırda	VERB	-
şangırdama	NOUN	-
şangırdat	VERB	-
şangırdatma	NOUN	-
şangırtı	NOUN	-
şano	NOUN	-
şans	NOUN	-
şanson	NOUN	-
şansonet	NOUN	-
şansölye	NOUN	-
şantaj	NOUN	-
şantiye	NOUN	-
şantung	NOUN	-
şantör	NOUN	-
şantöz	NOUN	-
şanzıman	NOUN	-
şap	NOUN	-
şapadanak	ADV	-
şapadanak	NOUN	-
şapel	NOUN	-
şaphane	NOUN	-
şapirograf	NOUN	-
şapka	NOUN	-
şapla	VERB	-
şaplak	NOUN	VOICING
şaplama	NOUN	-
şaplat	VERB	-
şaplatma	NOUN	-
şappadak	ADV	-
şappadak	NOUN	-
şapçı	NOUN	-
şapırda	VERB	-
şapırdama	NOUN	-
şapırdat	VERB	-
şapırdatma	NOUN	-
şapırtı	NOUN	-
şapşal	ADJ	-
şapşal	NOUN	-
şapşalak	ADJ	-
şapşalca	ADV	-
şapşallaş	VERB	-
şarabi	ADJ	-
şarabi	NOUN	-
şarampol	NOUN	-
şarap	NOUN	VOICING
şaraphane	NOUN	-
şarapnel	NOUN	-
şarapçı	NOUN	-
şarbon	NOUN	-
şarj	NOUN	-
şarjör	NOUN	-
şark	NOUN	-
şarki	ADJ	-
şarki	NOUN	-
şarküteri	NOUN	-
şarkı	NOUN	-
şarkılaştır	VERB	-
şarkılaştırıl	VERB	-
şarkılaştırılma	NOUN	-
şarkımsı	ADJ	-
şarla	VERB	-
şarlama	NOUN	-
şarlatan	NOUN	-
şarlatanca	ADV	-
şarlatanlaş	VERB	-
şarniyer	NOUN	-
şarpi	NOUN	-
şart	NOUN	-
şartla	VERB	-
şartlama	NOUN	-
şartlan	VERB	-
şartlandır	VERB	-
şartlandırıl	VERB	-
şartlandırılma	NOUN	-
şartlanış	NOUN	-
şartlaş	VERB	-
şartname	NOUN	-
şartınca	ADV	-
şaryo	NOUN	-
şarılda	VERB	-
şarıldama	NOUN	-
şarıltı	NOUN	-
şase	NOUN	-
şasi	NOUN	-
şat	NOUN	-
şatafat	NOUN	-
şathiyat	NOUN	-
şathiye	NOUN	-
şato	NOUN	-
şatranç	NOUN	VOICING
şatır	ADJ	-
şatır	NOUN	-
şavalak	ADJ	-
şavk	NOUN	-
şavklan	VERB	-
şavkı	VERB	-
şavkıma	NOUN	-
şavul	NOUN	-
şavulla	VERB	-
şavullama	NOUN	-
şayak	ADJ	VOICING
şayak	NOUN	VOICING
şayan	ADJ	-
şayanıdikkat	ADJ	-
şayanıhayret	ADJ	-
şayeste	ADJ	-
şayet	CONJ	-
şayi	ADJ	-
şayi	NOUN	-
şayia	NOUN	-
şayka	NOUN	-
şaz	ADJ	-
şaş	VERB	-
şaşaa	NOUN	-
şaşabil	VERB	-
şaşabilme	NOUN	-
şaşakal	VERB	-
şaşakalma	NOUN	-
şaşala	VERB	-
şaşalama	NOUN	-
şaşalat	VERB	-
şaşalatma	NOUN	-
şaşkaloz	ADJ	-
şaşkaloz	NOUN	-
şaşkaval	ADJ	-
şaşkavalca	ADV	-
şaşkın	ADJ	-
şaşkın	NOUN	-
şaşkınca	ADV	-
şaşkıncasına	ADV	-
şaşkınlaş	VERB	-
şaşkınlıkla	ADV	-
şaşma	NOUN	-
şaşmaz	ADJ	-
şaşula	NOUN	-
şaşı	ADJ	-
şaşı	ADV	-
şaşıl	VERB	-
şaşılaş	VERB	-
şaşılma	NOUN	-
şaşır	VERB	-
şaşırabil	VERB	-
şaşırabilme	NOUN	-
şaşırma	NOUN	-
şaşırt	VERB	-
şaşırtabil	VERB	-
şaşırtabilme	NOUN	-
şaşırtma	NOUN	-
şaşırtmaca	NOUN	-
şaşırtı	NOUN	-
şaşırıver	VERB	-
şaşırıverme	NOUN	-
şaşırış	NOUN	-
şe	NOUN	-
şeamet	NOUN	-
şeb	NOUN	-
şebabet	NOUN	-
şebboy	NOUN	-
şebek	ADJ	VOICING
şebek	NOUN	VOICING
şebeke	NOUN	-
şebekler	NOUN	-
şebekleş	VERB	-
şebekçi	NOUN	-
şebiarus	NOUN	-
şebiyelda	NOUN	-
şebnem	NOUN	-
şecaat	NOUN	-
şecere	NOUN	-
şecerename	NOUN	-
şedaraban	NOUN	-
şeddadi	ADJ	-
şedde	NOUN	-
şeddele	VERB	-
şeddeleme	NOUN	-
şeddelen	VERB	-
şedit	ADJ	-
şef	NOUN	-
şefaat	NOUN	-
şefaatçi	NOUN	-
şeffaf	ADJ	-
şeffaf	NOUN	-
şeffaflaş	VERB	-
şeffaflaştır	VERB	-
şeffaflaştırıl	VERB	-
şeffaflaştırılma	NOUN	-
şefik	ADJ	-
şefkat	NOUN	-
şeftalimsi	ADJ	-
şehadet	NOUN	-
şehadetname	NOUN	-
şehbender	NOUN	-
şehevi	ADJ	-
şehir	NOUN	VOWEL_DROP
şehirdaş	NOUN	-
şehirleş	VERB	-
şehirleştir	VERB	-
şehirlileş	VERB	-
şehirlileştir	VERB	-
şehit	NOUN	VOICING
şehla	ADJ	-
şehname	NOUN	-
şehnaz	NOUN	-
şehremaneti	NOUN	-
şehremini	NOUN	-
şehriye	NOUN	-
şehriyâr	NOUN	-
şehvani	ADJ	-
şehvani	NOUN	-
şehvaniyet	NOUN	-
şehvet	NOUN	-
şehvetperest	ADJ	-
şehzade	NOUN	-
şek	NOUN	-
şekavet	NOUN	-
şekel	NOUN	-
şeker	ADJ	-
şeker	NOUN	-
şekerciboyası	NOUN	-
şekerciboyasıgiller	NOUN	-
şekerim!	NOUN	-
şekerimsi	ADJ	-
şekerle	VERB	-
şekerleme	NOUN	-
şekerlen	VERB	-
şekerlendir	VERB	-
şekerleş	VERB	-
şekerleştir	VERB	-
şekerpare	NOUN	-
şekerrenk	ADJ	VOICING
şekerrenk	NOUN	VOICING
şekersi	ADJ	-
şekil	NOUN	VOWEL_DROP
şekildaş	NOUN	-
şekilgeç	NOUN	VOICING
şekilkes	NOUN	-
şekillen	VERB	-
şekillendir	VERB	-
şekillendirebil	VERB	-
şekillendirebilme	NOUN	-
şekillendiril	VERB	-
şekillendirilebil	VERB	-
şekillendirilebilme	NOUN	-
şekillendiriliş	NOUN	-
şekillendirilme	NOUN	-
şekillendiriş	NOUN	-
şekillenebil	VERB	-
şekillenebilme	NOUN	-
şekilleniver	VERB	-
şekilleniverme	NOUN	-
şekilleniş	NOUN	-
şekilleş	VERB	-
şekilperest	ADJ	-
şekilsel	ADJ	-
şekilselleştir	VERB	-
şekilsizce	ADV	-
şekilsizleş	VERB	-
şekilsizleşebil	VERB	-
şekilsizleşebilme	NOUN	-
şekilsizleştir	VERB	-
şekilsizleştirebil	VERB	-
şekilsizleştirebilme	NOUN	-
şekilsizleştiril	VERB	-
şekilsizleştirilme	NOUN	-
şeklen	ADV	-
şeklî	ADJ	-
şekva	NOUN	-
şelale	NOUN	-
şelek	NOUN	VOICING
şelf	NOUN	-
şelpe	NOUN	-
şem	NOUN	-
şema	NOUN	-
şemail	NOUN	-
şemalaştır	VERB	-
şematik	ADJ	-
şempanze	NOUN	-
şems	NOUN	-
şemse	NOUN	-
şemsiye	NOUN	-
şemsî	ADJ	-
şen	ADJ	-
şen	NOUN	-
şenaat	NOUN	-
şendere	NOUN	-
şenel	VERB	-
şenelme	NOUN	-
şenelt	VERB	-
şeneltil	VERB	-
şeneltilme	NOUN	-
şeneltme	NOUN	-
şeni	ADJ	-
şeniyet	NOUN	-
şenlen	VERB	-
şenlendir	VERB	-
şenlendiril	VERB	-
şenlendirilme	NOUN	-
şenleniş	NOUN	-
şepit	NOUN	VOICING
şer	ADJ	-
şer	NOUN	-
şerait	NOUN	-
şeran	ADV	-
şerare	NOUN	-
şerbet	NOUN	-
şerbetle	VERB	-
şerbetleme	NOUN	-
şerbetlen	VERB	-
şerbetçi	NOUN	-
şeref	NOUN	-
şerefe	NOUN	-
şerefiye	NOUN	-
şereflen	VERB	-
şereflendir	VERB	-
şereflendiril	VERB	-
şereflendirilme	NOUN	-
şerefleniş	NOUN	-
şerefyap	ADJ	-
şergil	NOUN	-
şerh	NOUN	-
şerha	NOUN	-
şeri	ADJ	-
şeriat	NOUN	-
şeriatçı	NOUN	-
şerif	ADJ	-
şerif	NOUN	-
şerik	NOUN	-
şerir	NOUN	-
şerit	NOUN	VOICING
şeritgiller	NOUN	-
şeritle	VERB	-
şeritleme	NOUN	-
şeritler	NOUN	-
şeritçi	NOUN	-
şeriye	ADJ	-
şerpa	NOUN	-
şerç	NOUN	VOICING
şet	NOUN	VOICING
şetaret	NOUN	-
şetim	NOUN	-
şetlant	NOUN	VOICING
şev	ADJ	-
şev	NOUN	-
şevahit	NOUN	VOICING
şevk	NOUN	-
şevkefza	NOUN	-
şevket	NOUN	-
şevklen	VERB	-
şevklendir	VERB	-
şevval	NOUN	-
şey	PRON	-
şeyh	NOUN	-
şeyhülislam	NOUN	-
şeytan	ADJ	-
şeytan	NOUN	-
şeytanarabası	NOUN	-
şeytanca	ADJ	-
şeytanca	ADV	-
şeytancasına	ADV	-
şeytanet	NOUN	-
şeytani	ADJ	-
şeytani	NOUN	-
şeytaniğnesi	NOUN	-
şeytaniğnesigiller	NOUN	-
şeytanlaş	VERB	-
şeytanlaştır	VERB	-
şeytanmasası	NOUN	-
şeytanminaresi	NOUN	-
şeytansaçı	NOUN	-
şeytansı	ADJ	-
şeytantersi	NOUN	-
şeytantırnağı	NOUN	-
şeytanılain	NOUN	-
şeytanımsı	ADJ	-
şezlong	NOUN	-
şeş	NOUN	-
şeşbeş	NOUN	-
şeşcihar	NOUN	-
şeşper	NOUN	-
şeştari	ADJ	-
şeştari	NOUN	-
şeşyek	NOUN	-
şeşüdü	NOUN	-
şeşüse	NOUN	-
şiar	NOUN	-
şiddet	NOUN	-
şiddetle	ADV	-
şiddetlen	VERB	-
şiddetlendir	VERB	-
şif	NOUN	-
şifa	NOUN	-
şifahane	NOUN	-
şifahen	ADV	-
şifahi	ADJ	-
şifle	VERB	-
şifleme	NOUN	-
şifon	ADJ	-
şifon	NOUN	-
şifonyer	NOUN	-
şifre	NOUN	-
şifrele	VERB	-
şifreleme	NOUN	-
şifrelen	VERB	-
şifrelet	VERB	-
şifreletme	NOUN	-
şiir	NOUN	-
şiirce	NOUN	-
şiirimsi	ADJ	-
şiiriyet	NOUN	-
şiirleştir	VERB	-
şiirsel	ADJ	-
şiirsi	ADJ	-
şike	NOUN	-
şikemperver	ADJ	-
şikeste	ADJ	-
şikeste	NOUN	-
şikâr	NOUN	-
şikâyet	NOUN	-
şikâyetname	NOUN	-
şikâyetçi	ADJ	-
şile	NOUN	-
şilem	NOUN	-
şilep	NOUN	VOICING
şilepçi	NOUN	-
şilin	NOUN	-
şilt	NOUN	VOICING
şilte	NOUN	-
şimal	NOUN	-
şimalî	ADJ	-
şimalî	NOUN	-
şimdi	ADV	-
şimdi	NOUN	-
şimdicik	ADV	-
şimdiden	ADV	-
şimdiki	ADJ	-
şimdikiler	NOUN	-
şimdilerde	ADV	-
şimdilerde	NOUN	-
şimdileyin	ADV	-
şime	NOUN	-
şimendifer	NOUN	-
şimiotaksi	NOUN	-
şimiotropizm	NOUN	-
şimşek	NOUN	VOICING
şimşeklen	VERB	-
şimşir	ADJ	-
şimşir	NOUN	-
şimşirgiller	NOUN	-
şinanay	ADJ	-
şinanay	INTERJ	-
şinanay	NOUN	-
şinik	ADJ	VOICING
şinik	NOUN	VOICING
şinikle	VERB	-
şinikleme	NOUN	-
şip	NOUN	-
şipşak	ADV	-
şipşak	NOUN	-
şipşakçı	NOUN	-
şipşirin	ADJ	-
şiraze	NOUN	-
şirden	NOUN	-
şire	NOUN	-
şirin	ADJ	-
şirk	NOUN	-
şirket	NOUN	-
şirketleş	VERB	-
şirketleştir	VERB	-
şirpençe	NOUN	-
şirret	ADJ	-
şirretleş	VERB	-
şirretçe	ADV	-
şiryan	NOUN	-
şirürji	NOUN	-
şist	NOUN	-
şistleş	VERB	-
şita	NOUN	-
şitaiye	NOUN	-
şitap	NOUN	-
şive	NOUN	-
şivekâr	ADJ	-
şizofren	NOUN	-
şizofreni	NOUN	-
şizofrenik	ADJ	-
şizoit	ADJ	-
şiş	ADJ	-
şiş	NOUN	-
şiş	VERB	-
şişe	ADJ	-
şişe	NOUN	-
şişek	NOUN	VOICING
şişele	VERB	-
şişeleme	NOUN	-
şişelen	VERB	-
şişhane	NOUN	-
şişik	ADJ	-
şişin	VERB	-
şişinme	NOUN	-
şişir	VERB	-
şişirebil	VERB	-
şişirebilme	NOUN	-
şişiril	VERB	-
şişirilme	NOUN	-
şişiriş	NOUN	-
şişirme	ADJ	-
şişirme	NOUN	-
şişirmece	ADJ	-
şişirt	VERB	-
şişirtme	NOUN	-
şişkin	ADJ	-
şişkince	ADJ	-
şişko	ADJ	-
şişko	NOUN	-
şişle	VERB	-
şişleme	NOUN	-
şişlen	VERB	-
şişlet	VERB	-
şişletme	NOUN	-
şişman	ADJ	-
şişmanca	ADJ	-
şişmanla	VERB	-
şişmanlama	NOUN	-
şişmanlat	VERB	-
şişmanlatma	NOUN	-
şişmanlayabil	VERB	-
şişmanlayabilme	NOUN	-
şişmanlaş	VERB	-
şişme	NOUN	-
şlempe	NOUN	-
şnitzel	NOUN	-
şnorkel	NOUN	-
şofben	NOUN	-
şoför	NOUN	-
şok	ADJ	-
şok	NOUN	-
şoke	ADJ	-
şokola	NOUN	-
şom	ADJ	-
şopar	ADJ	-
şopar	NOUN	-
şorla	VERB	-
şorlama	NOUN	-
şorolo	NOUN	-
şorolop	ADV	-
şorolop	NOUN	-
şort	NOUN	-
şose	NOUN	-
şoset	NOUN	-
şoson	NOUN	-
şov	NOUN	-
şoven	NOUN	-
şovenizm	NOUN	-
şovmen	NOUN	-
şu	ADJ	-
şu	PRON	-
şua	NOUN	-
şuara	NOUN	-
şubara	NOUN	-
şubat	NOUN	-
şube	NOUN	-
şufa	NOUN	-
şuh	ADJ	-
şule	NOUN	-
şunca	ADJ	-
şunca	ADV	-
şuncacık	ADJ	-
şuncası	PRON	-
şundan	NOUN	-
şunlar	PRON	-
şura	NOUN	-
şuracık	NOUN	VOICING
şuracıkta	ADV	-
şurada	ADV	-
şurası	NOUN	-
şurup	NOUN	VOICING
şurupla	VERB	-
şuruplama	NOUN	-
şuruplan	VERB	-
şurupçu	NOUN	-
şut	NOUN	-
şutla	VERB	-
şutlama	NOUN	-
şutlan	VERB	-
şuur	NOUN	-
şuuraltı	NOUN	-
şuurlan	VERB	-
şuurlanabil	VERB	-
şuurlanabilme	NOUN	-
şuurlandır	VERB	-
şuurlandırabil	VERB	-
şuurlandırabilme	NOUN	-
şuurlandırıl	VERB	-
şuurlandırılabil	VERB	-
şuurlandırılabilme	NOUN	-
şuurlandırılma	NOUN	-
şuurlandırış	NOUN	-
şuurlanış	NOUN	-
şuurlaştır	VERB	-
şuursuzca	ADV	-
şuursuzlaş	VERB	-
şuursuzlaşabil	VERB	-
şuursuzlaşabilme	NOUN	-
şvester	NOUN	-
şöbiyet	NOUN	-
şöhret	NOUN	-
şölen	NOUN	-
şömentabla	NOUN	-
şömine	NOUN	-
şömiz	NOUN	-
şömizye	NOUN	-
şövale	NOUN	-
şövalye	NOUN	-
şövalyece	ADV	-
şöyle	ADV	-
şöyle	NOUN	-
şöylece	ADV	-
şöylece	NOUN	-
şöylesine	ADV	-
şöylesine	NOUN	-
şûra	NOUN	-
şüheda	NOUN	-
şükran	NOUN	-
şükrediş	NOUN	-
şükret	VERB	-
şükretme	NOUN	-
şükrettir	VERB	-
şükrettirme	NOUN	-
şükreyle	VERB	-
şükreyleme	NOUN	-
şükrolsun	INTERJ	-
şükür	NOUN	VOWEL_DROP
şümul	NOUN	VOWEL_DROP
şümullen	VERB	-
şümullendir	VERB	-
şüphe	NOUN	-
şüphelen	VERB	-
şüphelendir	VERB	-
şüphelenebil	VERB	-
şüphelenebilme	NOUN	-
şüpheleniş	NOUN	-
şürekâ	NOUN	-
şüyu	NOUN	-
şık	ADJ	-
şık	NOUN	GEMINATION
şıklat	VERB	-
şıklatma	NOUN	-
şıklaş	VERB	-
şıklaştır	VERB	-
şıkırda	VERB	-
şıkırdama	NOUN	-
şıkırdat	VERB	-
şıkırdatma	NOUN	-
şıkırtı	NOUN	-
şıkşık	NOUN	VOICING
şımar	VERB	-
şımarabil	VERB	-
şımarabilme	NOUN	-
şımarma	NOUN	-
şımart	VERB	-
şımartabil	VERB	-
şımartabilme	NOUN	-
şımartma	NOUN	-
şımartıl	VERB	-
şımartılma	NOUN	-
şımarık	ADJ	VOICING
şımarık	ADV	VOICING
şımarıkça	ADV	-
şımarış	NOUN	-
şınav	NOUN	-
şıngıl	NOUN	-
şıngırda	VERB	-
şıngırdak	ADJ	VOICING
şıngırdak	NOUN	VOICING
şıngırdama	NOUN	-
şıngırdat	VERB	-
şıngırdatma	NOUN	-
şıngırtı	NOUN	-
şıp	NOUN	-
şıpka	NOUN	-
şıppadak	ADV	-
şıpsevdi	NOUN	-
şıpıdık	NOUN	VOICING
şıpılda	VERB	-
şıpıldak	ADJ	-
şıpıldama	NOUN	-
şıpırda	VERB	-
şıpırdama	NOUN	-
şıpırtı	NOUN	-
şıpşıp	NOUN	VOICING
şıra	NOUN	-
şırak	NOUN	-
şırakkadak	ADV	-
şıraölçer	NOUN	-
şırfıntı	ADJ	-
şırla	VERB	-
şırlama	NOUN	-
şırlağan	NOUN	-
şırılda	VERB	-
şırıldama	NOUN	-
şırıltı	NOUN	-
şırınga	NOUN	-
şırıngala	VERB	-
şırıngalama	NOUN	-
şıvgın	NOUN	-
text	NOUN	-
cpu	NOUN	-
örn	NOUN	-
---	NOUN	-
belirli	NOUN	-
man	NOUN	-
gpu	NOUN	-
algoritmik	NOUN	-
mpi	NOUN	-
fortran	NOUN	-
optimize	NOUN	-
frac	NOUN	-
hpc	NOUN	-
önbellek	NOUN	-
arasındaki	NOUN	-
memory	NOUN	-
matlab	NOUN	-
okunabilirliği	NOUN	-
mathcal	NOUN	-
log	NOUN	-
mathbf	NOUN	-
üzerindeki	NOUN	-
cache	NOUN	-
int	NOUN	-
for	NOUN	-
linux	NOUN	-
cdot	NOUN	-
kullanıcı	NOUN	-
mathbb	NOUN	-
markdown	NOUN	-
kernel	NOUN	-
openmp	NOUN	-
python	NOUN	-
partial	NOUN	-
times	NOUN	-
alpha	NOUN	-
istiyorum	NOUN	-
omega	NOUN	-
phi	NOUN	-
rightarrow	NOUN	-
api	NOUN	-
hash	NOUN	-
groff	NOUN	-
cuda	NOUN	-
end	NOUN	-
lambda	NOUN	-
içindeki	NOUN	-
overhead	NOUN	-
numa	NOUN	-
sigma	NOUN	-
struct	NOUN	-
nun	NOUN	-
bilimlerindeki	NOUN	-
dna	NOUN	-
ekosistemdeki	NOUN	-
ederek	NOUN	-
bottlenecks	NOUN	-
simd	NOUN	-
gamma	NOUN	-
minimize	NOUN	-
aşağıdaki	NOUN	-
ebpf	NOUN	-
rangle	NOUN	-
analizleriyle	NOUN	-
kontrolü	NOUN	-
wiki	NOUN	-
mimarısın	NOUN	-
psi	NOUN	-
node	NOUN	-
dma	NOUN	-
ölçeklenebilirlik	NOUN	-
rho	NOUN	-
latency	NOUN	-
buffer	NOUN	-
left	NOUN	-
the	NOUN	-
right	NOUN	-
latex	NOUN	-
rdma	NOUN	-
parallel	NOUN	-
lerin	NOUN	-
thread	NOUN	-
derleyici	NOUN	-
access	NOUN	-
çoklu	NOUN	-
approx	NOUN	-
double	NOUN	-
float	NOUN	-
veritabanı	NOUN	-
intel	NOUN	-
local	NOUN	-
haline	NOUN	-
std	NOUN	-
leri	NOUN	-
dots	NOUN	-
max	NOUN	-
inode	NOUN	-
type	NOUN	-
block	NOUN	-
state	NOUN	-
shared	NOUN	-
infty	NOUN	-
ların	NOUN	-
jit	NOUN	-
vec	NOUN	-
page	NOUN	-
array	NOUN	-
vector	NOUN	-
theta	NOUN	-
sqrt	NOUN	-
geçici	NOUN	-
türkçede	NOUN	-
gelecekteki	NOUN	-
tree	NOUN	-
papi	NOUN	-
bpf	NOUN	-
resm	NOUN	-
perf	NOUN	-
asimptotik	NOUN	-
önbellekleme	NOUN	-
ları	NOUN	-
map	NOUN	-
kütleçekimi	NOUN	-
tdk	NOUN	-
task	NOUN	-
lock	NOUN	-
eşzamanlı	NOUN	-
pam	NOUN	-
nabla	NOUN	-
tau	NOUN	-
infiniband	NOUN	-
önbelleğe	NOUN	-
interface	NOUN	-
device	NOUN	-
langle	NOUN	-
quad	NOUN	-
free	NOUN	-
rolü	NOUN	-
nvidia	NOUN	-
load	NOUN	-
opencl	NOUN	-
yönelik	NOUN	-
return	NOUN	-
spark	NOUN	-
atp	NOUN	-
mandoc	NOUN	-
halinde	NOUN	-
arm	NOUN	-
aktive	NOUN	-
öğrencileri	NOUN	-
deterministik	NOUN	-
list	NOUN	-
string	NOUN	-
void	NOUN	-
daki	NOUN	-
instruction	NOUN	-
tcp	NOUN	-
matrix	NOUN	-
nvme	NOUN	-
web	NOUN	-
path	NOUN	-
real	NOUN	-
grid	NOUN	-
num	NOUN	-
xrightarrow	NOUN	-
mathfrak	NOUN	-
multiple	NOUN	-
message	NOUN	-
token	NOUN	-
yazarısın	NOUN	-
omp	NOUN	-
sparse	NOUN	-
blas	NOUN	-
hbar	NOUN	-
dentry	NOUN	-
current	NOUN	-
adaptif	NOUN	-
stack	NOUN	-
spektral	NOUN	-
pointer	NOUN	-
metadata	NOUN	-
urb	NOUN	-
rna	NOUN	-
unix	NOUN	-
rcu	NOUN	-
read	NOUN	-
man-db	NOUN	-
computing	NOUN	-
xattr	NOUN	-
numpy	NOUN	-
write	NOUN	-
html	NOUN	-
event	NOUN	-
octave	NOUN	-
begin	NOUN	-
runtime	NOUN	-
troff	NOUN	-
new	NOUN	-
pcie	NOUN	-
rank	NOUN	-
dikkatli	NOUN	-
idealdir	NOUN	-
kaslr	NOUN	-
loop	NOUN	-
communication	NOUN	-
kaybı	NOUN	-
function	NOUN	-
usb	NOUN	-
dvfs	NOUN	-
mutex	NOUN	-
fourier	NOUN	-
fpga	NOUN	-
bandwidth	NOUN	-
miss	NOUN	-
çözücüler	NOUN	-
row	NOUN	-
kohomoloji	NOUN	-
roff	NOUN	-
posix	NOUN	-
nic	NOUN	-
user	NOUN	-
avx	NOUN	-
comm	NOUN	-
pdf	NOUN	-
network	NOUN	-
line	NOUN	-
system	NOUN	-
fft	NOUN	-
malloc	NOUN	-
cgroup	NOUN	-
lara	NOUN	-
direct	NOUN	-
mdoc	NOUN	-
acl	NOUN	-
big	NOUN	-
riemann	NOUN	-
get	NOUN	-
tlb	NOUN	-
hücresel	NOUN	-
zeka	NOUN	-
mandb	NOUN	-
avx-	NOUN	-
passing	NOUN	-
core	NOUN	-
call	NOUN	-
image	NOUN	-
queue	NOUN	-
manpath	NOUN	-
pipeline	NOUN	-
with	NOUN	-
kriptografik	NOUN	-
performance	NOUN	-
ptr	NOUN	-
code	NOUN	-
add	NOUN	-
larda	NOUN	-
space	NOUN	-
regex	NOUN	-
lie	NOUN	-
checkpoint	NOUN	-
long	NOUN	-
otimes	NOUN	-
domain	NOUN	-
lustre	NOUN	-
locality	NOUN	-
ssd	NOUN	-
pragma	NOUN	-
analysis	NOUN	-
copy	NOUN	-
integer	NOUN	-
metabolik	NOUN	-
singularity	NOUN	-
ext	NOUN	-
evrimsel	NOUN	-
idx	NOUN	-
compute	NOUN	-
sözdizimi	NOUN	-
tbl	NOUN	-
win	NOUN	-
bloğu	NOUN	-
cfd	NOUN	-
soa	NOUN	-
graph	NOUN	-
remote	NOUN	-
vektörizasyon	NOUN	-
char	NOUN	-
false	NOUN	-
distributed	NOUN	-
from	NOUN	-
çözücü	NOUN	-
tensör	NOUN	-
output	NOUN	-
linear	NOUN	-
control	NOUN	-
target	NOUN	-
smap	NOUN	-
olsun	NOUN	-
high	NOUN	-
eta	NOUN	-
whatis	NOUN	-
prometheus	NOUN	-
hacmi	NOUN	-
include	NOUN	-
buff	NOUN	-
section	NOUN	-
context	NOUN	-
arrays	NOUN	-
lapack	NOUN	-
auditd	NOUN	-
circ	NOUN	-
open	NOUN	-
vektörleştirme	NOUN	-
level	NOUN	-
türkçenin	NOUN	-
xfs	NOUN	-
mathrm	NOUN	-
value	NOUN	-
docker	NOUN	-
json	NOUN	-
send	NOUN	-
less	NOUN	-
out	NOUN	-
apropos	NOUN	-
btrfs	NOUN	-
kappa	NOUN	-
iterasyon	NOUN	-
gradyan	NOUN	-
crash	NOUN	-
smep	NOUN	-
process	NOUN	-
galois	NOUN	-
amd	NOUN	-
table	NOUN	-
chi	NOUN	-
önbelleği	NOUN	-
eqn	NOUN	-
napi	NOUN	-
batch	NOUN	-
slurm	NOUN	-
senkronize	NOUN	-
kvm	NOUN	-
torus	NOUN	-
sistemdeki	NOUN	-
xml	NOUN	-
blocking	NOUN	-
kısmı	NOUN	-
nodes	NOUN	-
render	NOUN	-
dim	NOUN	-
filter	NOUN	-
tiling	NOUN	-
hilbert	NOUN	-
ostree	NOUN	-
quantum	NOUN	-
dynamic	NOUN	-
contention	NOUN	-
throughput	NOUN	-
----------------	NOUN	-
atomic	NOUN	-
gpfs	NOUN	-
pid	NOUN	-
metnin	NOUN	-
spinlock	NOUN	-
virtual	NOUN	-
vtune	NOUN	-
const	NOUN	-
skaler	NOUN	-
kullanıcının	NOUN	-
carlo	NOUN	-
iteratif	NOUN	-
-bit	NOUN	-
parallelism	NOUN	-
index	NOUN	-
root	NOUN	-
mex	NOUN	-
processing	NOUN	-
csr	NOUN	-
count	NOUN	-
parsing	NOUN	-
register	NOUN	-
bash	NOUN	-
öğrencilerin	NOUN	-
akışkanlar	NOUN	-
error	NOUN	-
usr	NOUN	-
keşfi	NOUN	-
namespace	NOUN	-
amino	NOUN	-
lerde	NOUN	-
graf	NOUN	-
mmap	NOUN	-
commit	NOUN	-
cas	NOUN	-
iken	NOUN	-
ftrace	NOUN	-
sizeof	NOUN	-
kovalent	NOUN	-
byte	NOUN	-
dot	NOUN	-
col	NOUN	-
dikkate	NOUN	-
cebiri	NOUN	-
csc	NOUN	-
seccomp	NOUN	-
interrupt	NOUN	-
selinux	NOUN	-
cgroups	NOUN	-
doxygen	NOUN	-
allocation	NOUN	-
lere	NOUN	-
lkm	NOUN	-
tensor	NOUN	-
kısmını	NOUN	-
alandaki	NOUN	-
simüle	NOUN	-
sharing	NOUN	-
ligand	NOUN	-
theory	NOUN	-
all	NOUN	-
sözdizimsel	NOUN	-
module	NOUN	-
ldap	NOUN	-
request	NOUN	-
okunabilirlik	NOUN	-
binary	NOUN	-
val	NOUN	-
seviyesindeki	NOUN	-
kiral	NOUN	-
java	NOUN	-
-------------------	NOUN	-
grep	NOUN	-
cell	NOUN	-
protokolleri	NOUN	-
decomposition	NOUN	-
----------	NOUN	-
work	NOUN	-
pages	NOUN	-
rpm	NOUN	-
sys	NOUN	-
sysctl	NOUN	-
preempt	NOUN	-
mode	NOUN	-
amdahl	NOUN	-
allreduce	NOUN	-
fat-tree	NOUN	-
key	NOUN	-
threads	NOUN	-
gnu	NOUN	-
field	NOUN	-
-boyutlu	NOUN	-
heap	NOUN	-
çözünürlüklü	NOUN	-
fair-share	NOUN	-
random	NOUN	-
eşzamanlılık	NOUN	-
orta-yüksek	NOUN	-
systems	NOUN	-
ads	NOUN	-
daemon	NOUN	-
---------------------	NOUN	-
misses	NOUN	-
alanındaki	NOUN	-
sphinx	NOUN	-
null	NOUN	-
dolanıklık	NOUN	-
cfs	NOUN	-
imkanı	NOUN	-
rma	NOUN	-
mod	NOUN	-
apache	NOUN	-
import	NOUN	-
apptainer	NOUN	-
vfs	NOUN	-
caching	NOUN	-
uzamsal	NOUN	-
edge	NOUN	-
address	NOUN	-
head	NOUN	-
non-uniform	NOUN	-
qcd	NOUN	-
sse	NOUN	-
slub	NOUN	-
scheduler	NOUN	-
ethernet	NOUN	-
equation	NOUN	-
geliştirici	NOUN	-
amr	NOUN	-
veritabanları	NOUN	-
hybrid	NOUN	-
iommu	NOUN	-
hca	NOUN	-
info	NOUN	-
pde	NOUN	-
metni	NOUN	-
valgrind	NOUN	-
mrna	NOUN	-
önbellekler	NOUN	-
pmatrix	NOUN	-
pager	NOUN	-
cft	NOUN	-
matris-vektör	NOUN	-
pmu	NOUN	-
dft	NOUN	-
programming	NOUN	-
checkpointing	NOUN	-
class	NOUN	-
pool	NOUN	-
input	NOUN	-
genomik	NOUN	-
----------------------	NOUN	-
hardware	NOUN	-
apparmor	NOUN	-
order	NOUN	-
halo	NOUN	-
dag	NOUN	-
lookup	NOUN	-
netfilter	NOUN	-
hdf	NOUN	-
static	NOUN	-
wait	NOUN	-
planck	NOUN	-
based	NOUN	-
allocate	NOUN	-
handle	NOUN	-
base	NOUN	-
düzeyindeki	NOUN	-
çözünürlük	NOUN	-
belirsizlik	NOUN	-
zamanlayıcı	NOUN	-
buffers	NOUN	-
kontrollü	NOUN	-
result	NOUN	-
macro	NOUN	-
worker	NOUN	-
nnz	NOUN	-
gprof	NOUN	-
execution	NOUN	-
lru	NOUN	-
alignment	NOUN	-
lock-free	NOUN	-
stream	NOUN	-
complex	NOUN	-
--------	NOUN	-
adaptive	NOUN	-
mac	NOUN	-
share	NOUN	-
security	NOUN	-
ölçeklenebilirliği	NOUN	-
parse	NOUN	-
ssh	NOUN	-
self	NOUN	-
custom	NOUN	-
cpp	NOUN	-
allocatable	NOUN	-
scipy	NOUN	-
recv	NOUN	-
iptables	NOUN	-
niteliğinde	NOUN	-
syscall	NOUN	-
cow	NOUN	-
epigenetik	NOUN	-
point	NOUN	-
group	NOUN	-
parser	NOUN	-
sinaptik	NOUN	-
cong	NOUN	-
offset	NOUN	-
sync	NOUN	-
konformasyonel	NOUN	-
gözlemlenen	NOUN	-
erişilebilirlik	NOUN	-
chef	NOUN	-
iii	NOUN	-
euler	NOUN	-
sssd	NOUN	-
next	NOUN	-
uzay-zaman	NOUN	-
hbm	NOUN	-
udev	NOUN	-
puppet	NOUN	-
switch	NOUN	-
metrikleri	NOUN	-
layout	NOUN	-
dagger	NOUN	-
update	NOUN	-
bellekteki	NOUN	-
bound	NOUN	-
io	NOUN	-
object	NOUN	-
wireguard	NOUN	-
coarray	NOUN	-
management	NOUN	-
mapping	NOUN	-
elektriksel	NOUN	-
awk	NOUN	-
operatorname	NOUN	-
derleyiciler	NOUN	-
aos	NOUN	-
dragonfly	NOUN	-
compressed	NOUN	-
corosync	NOUN	-
algebra	NOUN	-
world	NOUN	-
amortize	NOUN	-
qemu	NOUN	-
warp	NOUN	-
policy	NOUN	-
dilbilgisi	NOUN	-
lagrangian	NOUN	-
alloc	NOUN	-
implicit	NOUN	-
scaling	NOUN	-
önbellekleri	NOUN	-
kullanıcıların	NOUN	-
bottom-half	NOUN	-
tilde	NOUN	-
sinyali	NOUN	-
bypass	NOUN	-
unified	NOUN	-
packet	NOUN	-
neq	NOUN	-
storage	NOUN	-
dirac	NOUN	-
gauge	NOUN	-
cluster	NOUN	-
polling	NOUN	-
native	NOUN	-
config	NOUN	-
isend	NOUN	-
openacc	NOUN	-
uzay-zamanın	NOUN	-
kdump	NOUN	-
search	NOUN	-
intent	NOUN	-
status	NOUN	-
bottleneck	NOUN	-
yazılımsal	NOUN	-
kütleçekim	NOUN	-
ekosistemindeki	NOUN	-
padding	NOUN	-
source	NOUN	-
replikasyon	NOUN	-
mds	NOUN	-
namespaces	NOUN	-
ipsec	NOUN	-
harmonik	NOUN	-
fragmentation	NOUN	-
reduction	NOUN	-
önyükleme	NOUN	-
biçimbilimsel	NOUN	-
açıklayıcı	NOUN	-
nftables	NOUN	-
hidrofobik	NOUN	-
dimension	NOUN	-
geliştiricilerin	NOUN	-
kerberos	NOUN	-
imbalance	NOUN	-
zeta	NOUN	-
altındaki	NOUN	-
einstein	NOUN	-
rst	NOUN	-
scale	NOUN	-
ldots	NOUN	-
cost	NOUN	-
sistemlerdeki	NOUN	-
yöneticileri	NOUN	-
unit	NOUN	-
optimization	NOUN	-
sürdürülebilirlik	NOUN	-
donanımsal	NOUN	-
irecv	NOUN	-
aware	NOUN	-
afinite	NOUN	-
kaybına	NOUN	-
ansible	NOUN	-
mkl	NOUN	-
power	NOUN	-
zero	NOUN	-
priority	NOUN	-
ricci	NOUN	-
barrier	NOUN	-
chunk	NOUN	-
inhibe	NOUN	-
manifold	NOUN	-
none	NOUN	-
hodge	NOUN	-
kubernetes	NOUN	-
eşdeğer	NOUN	-
makroskopik	NOUN	-
geliştiriciler	NOUN	-
zero-copy	NOUN	-
compiler	NOUN	-
sycl	NOUN	-
rightleftharpoons	NOUN	-
derleyicisi	NOUN	-
init	NOUN	-
seccomp-bpf	NOUN	-
operations	NOUN	-
kütleçekimsel	NOUN	-
hızlandırıcılar	NOUN	-
langlands	NOUN	-
modu	NOUN	-
abstract	NOUN	-
unsigned	NOUN	-
subroutine	NOUN	-
slob	NOUN	-
computation	NOUN	-
adsorpsiyon	NOUN	-
fault	NOUN	-
polimerler	NOUN	-
true	NOUN	-
finite	NOUN	-
önbellekte	NOUN	-
eevdf	NOUN	-
sterik	NOUN	-
entry	NOUN	-
dtb	NOUN	-
uzaysal	NOUN	-
higgs	NOUN	-
ipc	NOUN	-
top-half	NOUN	-
hamiltonian	NOUN	-
subseteq	NOUN	-
taşıyıcı	NOUN	-
aligned	NOUN	-
cells	NOUN	-
trie	NOUN	-
legacy	NOUN	-
kmem	NOUN	-
build	NOUN	-
öğrenci	NOUN	-
dual	NOUN	-
dipol	NOUN	-
yukarıdaki	NOUN	-
ipv	NOUN	-
özyinelemeli	NOUN	-
histon	NOUN	-
reduce	NOUN	-
make	NOUN	-
teorisindeki	NOUN	-
süperiletken	NOUN	-
counter	NOUN	-
allocator	NOUN	-
newton	NOUN	-
tbb	NOUN	-
resource	NOUN	-
explicit	NOUN	-
tag	NOUN	-
sched	NOUN	-
yüzeyindeki	NOUN	-
precision	NOUN	-
agent	NOUN	-
horovod	NOUN	-
particle	NOUN	-
learning	NOUN	-
simplektik	NOUN	-
derleyicinin	NOUN	-
create	NOUN	-
yöneticisi	NOUN	-
berkeley	NOUN	-
structure	NOUN	-
netlink	NOUN	-
risc-v	NOUN	-
translation	NOUN	-
manifoldun	NOUN	-
propto	NOUN	-
mol	NOUN	-
döngüsel	NOUN	-
lazy	NOUN	-
ell	NOUN	-
mekaniksel	NOUN	-
formal	NOUN	-
düşük-orta	NOUN	-
spmv	NOUN	-
pytorch	NOUN	-
yocto	NOUN	-
exp	NOUN	-
işık	NOUN	-
öğeleri	NOUN	-
structures	NOUN	-
kinaz	NOUN	-
stokastik	NOUN	-
physics	NOUN	-
etc	NOUN	-
julia	NOUN	-
qos	NOUN	-
bytecode	NOUN	-
-------	NOUN	-
hiperbolik	NOUN	-
sahiptirler	NOUN	-
aktif-aktif	NOUN	-
kalbinde	NOUN	-
binding	NOUN	-
dilbilgisel	NOUN	-
------------------	NOUN	-
balancing	NOUN	-
uint	NOUN	-
jacobian	NOUN	-
this	NOUN	-
help	NOUN	-
restructuredtext	NOUN	-
coherence	NOUN	-
tıkanıklık	NOUN	-
kanonik	NOUN	-
holografik	NOUN	-
layer	NOUN	-
fikri	NOUN	-
implies	NOUN	-
bell	NOUN	-
stm	NOUN	-
big-o	NOUN	-
methods	NOUN	-
hubble	NOUN	-
dielektrik	NOUN	-
constant	NOUN	-
interconnect	NOUN	-
flow	NOUN	-
edecektir	NOUN	-
güvenilirlik	NOUN	-
mpi-	NOUN	-
nccl	NOUN	-
machine	NOUN	-
scheduling	NOUN	-
simulink	NOUN	-
avg	NOUN	-
cat	NOUN	-
-----------------	NOUN	-
proc	NOUN	-
navier-stokes	NOUN	-
routing	NOUN	-
rolünü	NOUN	-
gündelik	NOUN	-
rust	NOUN	-
check	NOUN	-
otomorfik	NOUN	-
toolbox	NOUN	-
sembolik	NOUN	-
boltzmann	NOUN	-
number	NOUN	-
protokolü	NOUN	-
mid	NOUN	-
tail	NOUN	-
mib	NOUN	-
overlap	NOUN	-
tables	NOUN	-
overflow	NOUN	-
substrat	NOUN	-
------	NOUN	-
gradient	NOUN	-
llvm	NOUN	-
xdp	NOUN	-
yorumlayıcı	NOUN	-
floer	NOUN	-
low	NOUN	-
kullanıcılar	NOUN	-
column-major	NOUN	-
uzayındaki	NOUN	-
subset	NOUN	-
old	NOUN	-
header	NOUN	-
streaming	NOUN	-
irq	NOUN	-
gzip	NOUN	-
arkasındaki	NOUN	-
syntax	NOUN	-
roce	NOUN	-
imkansız	NOUN	-
push	NOUN	-
ligo	NOUN	-
wall	NOUN	-
olmayabilir	NOUN	-
bullet	NOUN	-
çözünürlüğü	NOUN	-
intrinsics	NOUN	-
kısmının	NOUN	-
cap	NOUN	-
iterasyonda	NOUN	-
offload	NOUN	-
varsayalım	NOUN	-
each	NOUN	-
affinity	NOUN	-
sampling	NOUN	-
buildroot	NOUN	-
bağdaşıklık	NOUN	-
derleyiciye	NOUN	-
audit	NOUN	-
motivik	NOUN	-
hdd	NOUN	-
anahtar-değer	NOUN	-
grafen	NOUN	-
description	NOUN	-
majorana	NOUN	-
blocks	NOUN	-
terapötik	NOUN	-
-----------	NOUN	-
method	NOUN	-
full	NOUN	-
bind	NOUN	-
resmi	NOUN	-
flops	NOUN	-
okunabilirliğini	NOUN	-
events	NOUN	-
sed	NOUN	GEMINATION
length	NOUN	-
branch	NOUN	-
algorithms	NOUN	-
derleyicileri	NOUN	-
b-ağaçları	NOUN	-
tamamlayıcı	NOUN	-
critical	NOUN	-
von	NOUN	-
coalescing	NOUN	-
auger	NOUN	-
http	NOUN	-
debian	NOUN	-
pandoc	NOUN	-
düzenleyici	NOUN	-
offloading	NOUN	-
iso	NOUN	-
kmalloc	NOUN	-
fork	NOUN	-
dask	NOUN	-
iot	NOUN	-
stabilite	NOUN	-
ultra	NOUN	-
stencil	NOUN	-
gromacs	NOUN	-
doğrulayıcı	NOUN	-
düğümdeki	NOUN	-
metrikler	NOUN	-
openssh	NOUN	-
partitioning	NOUN	-
iproute	NOUN	-
app	NOUN	-
exascale	NOUN	-
gustafson	NOUN	-
--------------	NOUN	-
collective	NOUN	-
dışındaki	NOUN	-
extended	NOUN	-
complexity	NOUN	-
tensorflow	NOUN	-
zamansal	NOUN	-
energy	NOUN	-
birbirleriyle	NOUN	-
maps	NOUN	-
gibbs	NOUN	-
diff	NOUN	-
review	NOUN	-
gcc	NOUN	-
protokollerinin	NOUN	-
-------------	NOUN	-
race	NOUN	-
homoloji	NOUN	-
orbital	NOUN	-
collection	NOUN	-
flush	NOUN	-
modları	NOUN	-
maxwell	NOUN	-
polarize	NOUN	-
tensörü	NOUN	-
homotopi	NOUN	-
pseudocode	NOUN	-
callback	NOUN	-
kohomolojisi	NOUN	-
debug	NOUN	-
pools	NOUN	-
swap	NOUN	-
buradaki	NOUN	-
kovaryans	NOUN	-
dsl	NOUN	-
nöronal	NOUN	-
design	NOUN	-
spectrum	NOUN	-
fftw	NOUN	-
parfor	NOUN	-
libvirt	NOUN	-
------------	NOUN	-
elements	NOUN	-
most	NOUN	-
script	NOUN	-
values	NOUN	-
cib	NOUN	-
exit	NOUN	-
nmr	NOUN	-
res	NOUN	-
trace	NOUN	-
kaynaklarıyla	NOUN	-
fizikteki	NOUN	-
öğrenciler	NOUN	-
sıfat-fiil	NOUN	-
lorentz	NOUN	-
gmres	NOUN	-
product	NOUN	-
models	NOUN	-
epoch	NOUN	-
vruntime	NOUN	-
bootstrap	NOUN	-
schrödinger	NOUN	-
ieee	NOUN	-
isr	NOUN	-
package	NOUN	-
lts	NOUN	-
elektrokimyasal	NOUN	-
non-blocking	NOUN	-
farkındalığı	NOUN	-
bcc	NOUN	-
vektörize	NOUN	-
asic	NOUN	-
ayşe	NOUN	-
qubit	NOUN	-
journal	NOUN	-
exchange	NOUN	-
only	NOUN	-
least	NOUN	-
batching	NOUN	-
files	NOUN	-
bağlayıcı	NOUN	-
taki	NOUN	-
garbage	NOUN	-
manager	NOUN	-
ekspresyonunu	NOUN	-
cismi	NOUN	-
textit	NOUN	-
-inci	NOUN	-
while	NOUN	-
nötrino	NOUN	-
kübit	NOUN	-
moduli	NOUN	-
use	NOUN	-
relativistik	NOUN	-
weight	NOUN	-
private	NOUN	-
library	NOUN	-
contiguous	NOUN	-
namd	NOUN	-
synopsis	NOUN	-
large	NOUN	-
modunda	NOUN	-
boot	NOUN	-
nroff	NOUN	-
nobel	NOUN	-
basic	NOUN	-
hali	NOUN	-
software	NOUN	-
mitokondriyal	NOUN	-
shuffle	NOUN	-
udevd	NOUN	-
switching	NOUN	-
bulk	NOUN	-
obj	NOUN	-
apt	NOUN	-
range	NOUN	-
states	NOUN	-
tracing	NOUN	-
holomorfik	NOUN	-
socket	NOUN	-
belirleyici	NOUN	-
information	NOUN	-
language	NOUN	-
ibm	NOUN	-
nlp	NOUN	-
flags	NOUN	-
exec	NOUN	-
scripting	NOUN	-
active	NOUN	-
gözlemlenebilir	NOUN	-
neumann	NOUN	-
ömrü	NOUN	-
manifoldlar	NOUN	-
incremental	NOUN	-
polimerizasyon	NOUN	-
aes	NOUN	-
just-in-time	NOUN	-
kokkos	NOUN	-
grafana	NOUN	-
mmu	NOUN	-
prefix	NOUN	-
match	NOUN	-
öğesi	NOUN	-
multiply	NOUN	-
threadidx	NOUN	-
deadlock	NOUN	-
modeling	NOUN	-
textbf	NOUN	-
prod	NOUN	-
patch	NOUN	-
--------------------	NOUN	-
synchronization	NOUN	-
rtos	NOUN	-
fusion	NOUN	-
generation	NOUN	-
yönleriyle	NOUN	-
e-posta	NOUN	-
dpdk	NOUN	-
per-cpu	NOUN	-
term	NOUN	-
stealing	NOUN	-
peak	NOUN	-
default	NOUN	-
epr	NOUN	-
belirsiz	NOUN	-
rows	NOUN	-
printf	NOUN	-
waals	NOUN	-
fast	NOUN	-
lists	NOUN	-
sequential	NOUN	-
nöral	NOUN	-
abc	NOUN	-
varepsilon	NOUN	-
fermi	NOUN	-
express	NOUN	-
receive	NOUN	-
used	NOUN	-
---------------	NOUN	-
gözlemsel	NOUN	-
hard	NOUN	-
cpu-gpu	NOUN	-
spatial	NOUN	-
bölgesindeki	NOUN	-
driver	NOUN	-
overline	NOUN	-
depth	NOUN	-
rendering	NOUN	-
avc	NOUN	-
olabileceği	NOUN	-
vektörel	NOUN	-
coulomb	NOUN	-
parameter	NOUN	-
vram	NOUN	-
over	NOUN	-
sayısıyla	NOUN	-
poincar	NOUN	-
async	NOUN	-
efektör	NOUN	-
sinyaller	NOUN	-
physical	NOUN	-
press	NOUN	-
kütleçekiminin	NOUN	-
cern	NOUN	-
sql	NOUN	-
recursive	NOUN	-
-adik	NOUN	-
particles	NOUN	-
poisson	NOUN	-
noether	NOUN	-
rand	NOUN	-
job	NOUN	-
etkisiyle	NOUN	-
mps	NOUN	-
anomali	NOUN	-
içerisindeki	NOUN	-
pointers	NOUN	-
jvm	NOUN	-
buf	NOUN	-
suyun	NOUN	-
cos	NOUN	-
ibv	NOUN	-
güvenilirliğini	NOUN	-
ipuçları	NOUN	-
hler	NOUN	-
then	NOUN	-
manual	NOUN	-
enstrümantasyon	NOUN	-
çözücülerin	NOUN	-
kullanıcıya	NOUN	-
cxl	NOUN	-
mpi-io	NOUN	-
beowulf	NOUN	-
force	NOUN	-
donanım-yazılım	NOUN	-
checksum	NOUN	-
edeceksin	NOUN	-
debugging	NOUN	-
ratio	NOUN	-
acc	NOUN	-
gather	NOUN	-
solver	NOUN	-
kyber	NOUN	-
coupling	NOUN	-
aws	NOUN	-
gözlemlenir	NOUN	-
kaybını	NOUN	-
polimerlerin	NOUN	-
secure	NOUN	-
c-h	NOUN	-
grothendieck	NOUN	-
peptit	NOUN	-
google	NOUN	-
pod	NOUN	-
join	NOUN	-
modülerlik	NOUN	-
cac	NOUN	-
turing	NOUN	-
pgas	NOUN	-
store	NOUN	-
inaktif	NOUN	-
özdeğer	NOUN	-
jitter	NOUN	-
optimizer	NOUN	-
sinyalleri	NOUN	-
threshold	NOUN	-
cismin	NOUN	-
asynchronous	NOUN	-
k-teorisi	NOUN	-
saatler	NOUN	-
column	NOUN	-
analit	NOUN	-
content	NOUN	-
proxy	NOUN	-
cli	NOUN	-
ekspresyonu	NOUN	-
non	NOUN	-
lattice	NOUN	-
ddagger	NOUN	-
gui	NOUN	-
application	NOUN	-
simulation	NOUN	-
omni-path	NOUN	-
gemm	NOUN	-
yaml	NOUN	-
protokoller	NOUN	-
------------------------	NOUN	-
metriği	NOUN	-
abelyen	NOUN	-
kaydeder	NOUN	-
önbelleklerinin	NOUN	-
pmod	NOUN	-
mdt	NOUN	-
spec	NOUN	-
mount	NOUN	-
mxarray	NOUN	-
etrafındaki	NOUN	-
strong	NOUN	-
tamsayı	NOUN	-
indices	NOUN	-
frame	NOUN	-
syk	NOUN	-
view	NOUN	-
cfq	NOUN	-
absorpsiyon	NOUN	-
granüler	NOUN	-
minkowski	NOUN	-
mekanizmalarıyla	NOUN	-
mirna	NOUN	-
ölçeklenebilirliğini	NOUN	-
eşdeğerlik	NOUN	-
label	NOUN	-
öğeler	NOUN	-
flag	NOUN	-
broadcast	NOUN	-
b-tree	NOUN	-
phase	NOUN	-
gradyanı	NOUN	-
deb	NOUN	-
backport	NOUN	-
pattern	NOUN	-
hcd	NOUN	-
yang-mills	NOUN	-
consistency	NOUN	-
that	NOUN	-
gate	NOUN	-
forall	NOUN	-
region	NOUN	-
çevresindeki	NOUN	-
x-ışını	NOUN	-
naive	NOUN	-
cmb	NOUN	-
locking	NOUN	-
rule	NOUN	-
cholesky	NOUN	-
using	NOUN	-
linked	NOUN	-
hall	NOUN	-
modüli	NOUN	-
bsd	NOUN	-
wedge	NOUN	-
adjoint	NOUN	-
süperiletkenlik	NOUN	-
geliştiricinin	NOUN	-
hook	NOUN	-
assembly	NOUN	-
amp	NOUN	-
homo	NOUN	-
pauli	NOUN	-
petsc	NOUN	-
enzimatik	NOUN	-
ddr	NOUN	-
--------------------------	NOUN	-
snapshot	NOUN	-
equiv	NOUN	-
skb	NOUN	-
tasks	NOUN	-
kontrolleri	NOUN	-
metaveri	NOUN	-
pmem	NOUN	-
halde	NOUN	-
hamilton	NOUN	-
fifo	NOUN	-
nvlink	NOUN	-
projektif	NOUN	-
sinyalin	NOUN	-
functions	NOUN	-
first	NOUN	-
titreşimsel	NOUN	-
concurrent	NOUN	-
kind	NOUN	-
faj	NOUN	-
uparrow	NOUN	-
via	NOUN	-
lerini	NOUN	-
windows	NOUN	-
copy-on-write	NOUN	-
component	NOUN	-
comp	NOUN	-
modules	NOUN	-
arr	NOUN	-
evrendeki	NOUN	-
architecture	NOUN	-
podman	NOUN	-
escape	NOUN	-
green	NOUN	-
qft	NOUN	-
fair	NOUN	-
wimp	NOUN	-
arabellek	NOUN	-
rad	NOUN	-
çevrimdışı	NOUN	-
dirty	NOUN	-
konformal	NOUN	-
mof	NOUN	-
john	NOUN	-
varyans	NOUN	-
weak	NOUN	-
başlangıçtaki	NOUN	-
aralarındaki	NOUN	-
find	NOUN	-
algorithm	NOUN	-
replikasyonu	NOUN	-
homolojisi	NOUN	-
eth	NOUN	-
schedule	NOUN	-
granularity	NOUN	-
dayanıklı	NOUN	-
window	NOUN	-
trees	NOUN	-
mhc	NOUN	-
frequency	NOUN	-
mean	NOUN	-
numa-aware	NOUN	-
huge	NOUN	-
subprograms	NOUN	-
sort	NOUN	-
headless	NOUN	-
öznitelik	NOUN	-
nash	NOUN	-
proaktif	NOUN	-
scan	NOUN	-
setminus	NOUN	-
kullanın	NOUN	-
isı	NOUN	-
gil	NOUN	-
vpn	NOUN	-
bloğunu	NOUN	-
raft	NOUN	-
pull	NOUN	-
ghost	NOUN	-
echo	NOUN	-
öğrencilere	NOUN	-
gap	NOUN	-
stride	NOUN	-
fhs	NOUN	-
lik	NOUN	-
oksidatif	NOUN	-
best	NOUN	-
hamiltonyen	NOUN	-
integrali	NOUN	-
poll	NOUN	-
artin	NOUN	-
il-	NOUN	-
command	NOUN	-
prefetching	NOUN	-
makefile	NOUN	-
lerden	NOUN	-
pic	NOUN	-
hamiltoniyen	NOUN	-
registers	NOUN	-
zfc	NOUN	-
mekansal	NOUN	-
tekrarlanabilirlik	NOUN	-
izgara	NOUN	-
öğe	NOUN	-
monomer	NOUN	-
modellenmesi	NOUN	-
advanced	NOUN	-
pthread	NOUN	-
bisection	NOUN	-
edecek	NOUN	-
symbol	NOUN	-
cublas	NOUN	-
apc	NOUN	-
geliştiricileri	NOUN	-
stokes	NOUN	-
src	NOUN	-
sitter	NOUN	-
dinleyici	NOUN	-
bps	NOUN	-
lib	NOUN	-
fdm	NOUN	-
uid	NOUN	-
persistent	NOUN	-
gaussian	NOUN	-
jacobi	NOUN	-
tarayıcı	NOUN	-
where	NOUN	-
ruby	NOUN	-
row-major	NOUN	-
directory	NOUN	-
reg	NOUN	-
hsp	NOUN	-
deallocate	NOUN	-
çözücüleri	NOUN	-
client	NOUN	-
lookaside	NOUN	-
cudamemcpy	NOUN	-
zamanlayıcıları	NOUN	-
document	NOUN	-
prevention	NOUN	-
bfq	NOUN	-
sentezlenen	NOUN	-
rasgele	NOUN	-
uzaydaki	NOUN	-
calabi-yau	NOUN	-
non-komütatif	NOUN	-
gödel	NOUN	-
completion	NOUN	-
prefetch	NOUN	-
rng	NOUN	-
sha-	NOUN	-
vmcore	NOUN	-
tıkanıklığı	NOUN	-
ihlali	NOUN	-
solvers	NOUN	-
supervisor	NOUN	-
zamanlayıcılar	NOUN	-
-----------------------	NOUN	-
fixed	NOUN	-
hawking	NOUN	-
netcdf	NOUN	-
conf	NOUN	-
volume	NOUN	-
configuration	NOUN	-
xeon	NOUN	-
width	NOUN	-
intermediate	NOUN	-
cloud	NOUN	-
veritabanının	NOUN	-
sve	NOUN	-
queues	NOUN	-
araçlarıyla	NOUN	-
endotel	NOUN	-
sub	NOUN	-
allosterik	NOUN	-
forward	NOUN	-
baryon	NOUN	-
fields	NOUN	-
svd	NOUN	-
blob	NOUN	-
postscript	NOUN	-
clac	NOUN	-
hacmini	NOUN	-
asidik	NOUN	-
ını	NOUN	-
compression	NOUN	-
protocol	NOUN	-
action	NOUN	-
back	NOUN	-
wait-free	NOUN	-
container	NOUN	-
zarf-fiil	NOUN	-
deep	NOUN	-
apoptoz	NOUN	-
points	NOUN	-
güvenilirliği	NOUN	-
verileriyle	NOUN	-
bob	NOUN	-
bloğun	NOUN	-
amortized	NOUN	-
all-reduce	NOUN	-
-miş	NOUN	-
rekombinasyon	NOUN	-
generic	NOUN	-
hecke	NOUN	-
önbelleğini	NOUN	-
sütun-öncelikli	NOUN	-
openblas	NOUN	-
lemması	NOUN	-
sitoplazmik	NOUN	-
gradyanları	NOUN	-
polimerizasyonu	NOUN	-
spike	NOUN	-
literatürdeki	NOUN	-
baseline	NOUN	-
xfrm	NOUN	-
türkçedeki	NOUN	-
mikrobiyal	NOUN	-
adsorbe	NOUN	-
ağdaki	NOUN	-
süpersimetrik	NOUN	-
eisenstein	NOUN	-
case	NOUN	-
shimura	NOUN	-
theorem	NOUN	-
implementasyon	NOUN	-
immutable	NOUN	-
pthreads	NOUN	-
ökaryotik	NOUN	-
stabilitesini	NOUN	-
fraktal	NOUN	-
pinning	NOUN	-
pooling	NOUN	-
lokalitesi	NOUN	-
numba	NOUN	-
dcache	NOUN	-
stac	NOUN	-
kullanımıyla	NOUN	-
milisaniyeler	NOUN	-
gpcr	NOUN	-
camp	NOUN	-
bus	NOUN	-
noktasındaki	NOUN	-
singlet	NOUN	-
gradyanlar	NOUN	-
in-situ	NOUN	-
detection	NOUN	-
framework	NOUN	-
öklid	NOUN	-
liouville	NOUN	-
jones	NOUN	-
implementasyonu	NOUN	-
implementasyonları	NOUN	-
hik	NOUN	-
coo	NOUN	-
transform	NOUN	-
results	NOUN	-
tlr	NOUN	-
signal	NOUN	-
oplus	NOUN	-
representation	NOUN	-
imkansızdır	NOUN	-
directed	NOUN	-
afinitesi	NOUN	-
fotonlar	NOUN	-
fine-grained	NOUN	-
conditions	NOUN	-
dsp	NOUN	-
kontrolsüz	NOUN	-
yüzeydeki	NOUN	-
hızlandırıcı	NOUN	-
mach	NOUN	-
geliştiricilere	NOUN	-
func	NOUN	-
çekirdeğindeki	NOUN	-
aggregation	NOUN	-
coherent	NOUN	-
fotonik	NOUN	-
coherency	NOUN	-
kdc	NOUN	-
gromov	NOUN	-
adp	NOUN	-
complete	NOUN	-
effect	NOUN	-
mek	NOUN	-
common	NOUN	-
akışkanın	NOUN	-
multiplication	NOUN	-
university	NOUN	-
real-time	NOUN	-
cores	NOUN	-
b-ağacı	NOUN	-
supramoleküler	NOUN	-
gtp	NOUN	-
ortogonal	NOUN	-
mass	NOUN	-
ötesindeki	NOUN	-
bloğunun	NOUN	-
coalesced	NOUN	-
pme	NOUN	-
fosforilasyon	NOUN	-
gal	NOUN	-
belirsizliği	NOUN	-
condition	NOUN	-
oom	NOUN	-
nükleik	NOUN	-
leftrightarrow	NOUN	-
saldırganın	NOUN	-
gravitasyonel	NOUN	-
nfs	NOUN	-
cols	NOUN	-
addr	NOUN	-
radix	NOUN	-
glutamat	NOUN	-
practice	NOUN	-
vertex	NOUN	-
neighbor	NOUN	-
fetch	NOUN	-
transkripsiyonel	NOUN	-
scf	NOUN	-
risc	NOUN	-
modellenebilir	NOUN	-
ligandlar	NOUN	-
soc	NOUN	-
manifoldu	NOUN	-
cebirinin	NOUN	-
roofline	NOUN	-
hipervizör	NOUN	-
koruyucu	NOUN	-
anındaki	NOUN	-
spektrometrisi	NOUN	-
normalizasyon	NOUN	-
lines	NOUN	-
pertürbatif	NOUN	-
kombinatorik	NOUN	-
chern	NOUN	-
raw	NOUN	-
authentication	NOUN	-
dfa	NOUN	-
fikrini	NOUN	-
hattının	NOUN	-
manifoldların	NOUN	-
regular	NOUN	-
lagranjiyen	NOUN	-
kernels	NOUN	-
merge	NOUN	-
-march	NOUN	-
uevent	NOUN	-
sekonder	NOUN	-
dependency	NOUN	-
scientific	NOUN	-
önbelleğine	NOUN	-
hip	NOUN	-
aes-ni	NOUN	-
dlm	NOUN	-
backporting	NOUN	-
tropical	NOUN	-
proteomik	NOUN	-
burst	NOUN	-
high-performance	NOUN	-
pressure	NOUN	-
clone	NOUN	-
polimeraz	NOUN	-
hattında	NOUN	-
makroskobik	NOUN	-
det	NOUN	-
minimalist	NOUN	-
perl	NOUN	-
eligible	NOUN	-
stabilitesi	NOUN	-
role	NOUN	-
yerçekimi	NOUN	-
coarrays	NOUN	-
unrolling	NOUN	-
rocm	NOUN	-
qdisc	NOUN	-
bölgelerindeki	NOUN	-
düzeydeki	NOUN	-
---------	NOUN	-
hierarchical	NOUN	-
sitokrom	NOUN	-
buffering	NOUN	-
refinement	NOUN	-
multiprocessing	NOUN	-
panic	NOUN	-
-di	NOUN	-
science	NOUN	-
transmembran	NOUN	-
hızıyla	NOUN	-
azure	NOUN	-
semantic	NOUN	-
bfs	NOUN	-
interpreter	NOUN	-
programatik	NOUN	-
ipsc	NOUN	-
release	NOUN	-
dynamics	NOUN	-
groups	NOUN	-
markov	NOUN	-
reference	NOUN	-
footprint	NOUN	-
wrapper	NOUN	-
bytes	NOUN	-
l-fonksiyonları	NOUN	-
cycle	NOUN	-
fermiyon	NOUN	-
metalin	NOUN	-
dinleyiciye	NOUN	-
bucket	NOUN	-
half	NOUN	-
boyutuyla	NOUN	-
ufku	NOUN	-
shell	NOUN	-
usage	NOUN	-
concurrency	NOUN	-
numactl	NOUN	-
gdb	NOUN	-
primer	NOUN	-
normalde	NOUN	-
kontrolünü	NOUN	-
mixed	NOUN	-
sistemindeki	NOUN	-
tuning	NOUN	-
eff	NOUN	-
parent	NOUN	-
gbps	NOUN	-
response	NOUN	-
arg	NOUN	-
boundary	NOUN	-
kuadratik	NOUN	-
example	NOUN	-
weil	NOUN	-
merkle	NOUN	-
resolution	NOUN	-
---------------------------	NOUN	-
inference	NOUN	-
spin-yörünge	NOUN	-
setleriyle	NOUN	-
karşılaştıralım	NOUN	-
konform	NOUN	-
documentation	NOUN	-
krylov	NOUN	-
zeros	NOUN	-
hiperparametre	NOUN	-
distribution	NOUN	-
modellenir	NOUN	-
dualite	NOUN	-
structs	NOUN	-
isa	NOUN	-
sshd	NOUN	-
frobenius	NOUN	-
aleph	NOUN	-
rolleri	NOUN	-
eksponansiyel	NOUN	-
kbb	NOUN	-
entanglement	NOUN	-
partition	NOUN	-
deterministic	NOUN	-
clang	NOUN	-
fvm	NOUN	-
docutils	NOUN	-
simt	NOUN	-
torch	NOUN	-
downarrow	NOUN	-
pinned	NOUN	-
rules	NOUN	-
javascript	NOUN	-
vivo	NOUN	-
temporal	NOUN	-
edilmesiyle	NOUN	-
nükleofilik	NOUN	-
piezoelektrik	NOUN	-
süpersimetri	NOUN	-
vectorization	NOUN	-
lexer	NOUN	-
router	NOUN	-
lumo	NOUN	-
trna	NOUN	-
shader	NOUN	-
cve	NOUN	-
selberg	NOUN	-
aav	NOUN	-
eşdeğerdir	NOUN	-
shift	NOUN	-
arch	NOUN	-
tensörler	NOUN	-
property	NOUN	-
types	NOUN	-
lto	NOUN	-
lsm	NOUN	-
softirq	NOUN	-
arakelov	NOUN	-
lncrna	NOUN	-
sürdürülebilirliği	NOUN	-
cycles	NOUN	-
zorlayıcı	NOUN	-
dilindeki	NOUN	-
traffic	NOUN	-
normalize	NOUN	-
tolerance	NOUN	-
yapısıyla	NOUN	-
sınırlayıcı	NOUN	-
lık	NOUN	-
manifoldları	NOUN	-
transformer	NOUN	-
önbellekten	NOUN	-
scatter	NOUN	-
-de	NOUN	-
loading	NOUN	-
are	NOUN	-
pka	NOUN	-
hacimsel	NOUN	-
düşünelim	NOUN	-
moduna	NOUN	-
paging	NOUN	-
glibc	NOUN	-
scalability	NOUN	-
pfs	NOUN	-
itemize	NOUN	-
flat	NOUN	-
pipelining	NOUN	-
stdlib	NOUN	-
dnmt	NOUN	-
chain	NOUN	-
patterns	NOUN	-
özellikleriyle	NOUN	-
kompleman	NOUN	-
networks	NOUN	-
bayesian	NOUN	-
kuark	NOUN	-
rsa	NOUN	-
kuplaj	NOUN	-
geometrideki	NOUN	-
public	NOUN	-
optimized	NOUN	-
pre	NOUN	-
off	NOUN	-
anki	NOUN	-
align	NOUN	-
images	NOUN	-
ergodik	NOUN	-
ops	NOUN	-
scalapack	NOUN	-
backtracking	NOUN	-
utf-	NOUN	-
neural	NOUN	-
bbb	NOUN	-
lardan	NOUN	-
migration	NOUN	-
ode	NOUN	-
loc	NOUN	-
descriptor	NOUN	-
vektörleştirilmiş	NOUN	-
lexical	NOUN	-
kdd	NOUN	-
ekspresyon	NOUN	-
udp	NOUN	-
-lar	NOUN	-
dönüştürücü	NOUN	-
arayışındaki	NOUN	-
ascii	NOUN	-
verification	NOUN	-
checking	NOUN	-
gdbm	NOUN	-
computational	NOUN	-
molar	NOUN	-
derived	NOUN	-
pertürbasyon	NOUN	-
objects	NOUN	-
metali	NOUN	-
read-copy-update	NOUN	-
squashfs	NOUN	-
veritabanını	NOUN	-
-ki	NOUN	-
larını	NOUN	-
konjuge	NOUN	-
maliyetiyle	NOUN	-
varyasyonel	NOUN	-
triplet	NOUN	-
matrices	NOUN	-
benchmark	NOUN	-
prediction	NOUN	-
eigen	NOUN	-
gigabaytlarca	NOUN	-
promql	NOUN	-
intrinsik	NOUN	-
auto	NOUN	-
integration	NOUN	-
kapsayıcı	NOUN	-
area	NOUN	-
türkiye	NOUN	-
dof	NOUN	-
locks	NOUN	-
algorithmic	NOUN	-
zstd	NOUN	-
syn	NOUN	-
ligandın	NOUN	-
fosforile	NOUN	-
development	NOUN	-
cases	NOUN	-
boolean	NOUN	-
---------------------------------------------	NOUN	-
speedup	NOUN	-
scalable	NOUN	-
backend	NOUN	-
temp	NOUN	-
referanslandırma	NOUN	-
biyoinformatik	NOUN	-
fotonların	NOUN	-
geq	NOUN	-
durumundaki	NOUN	-
Arabi's	NOUN	-
Catholic	NOUN	-
Ellie	NOUN	-
Hee-ae	NOUN	-
Ji-hoon'un	NOUN	-
Lunar	NOUN	-
Reis-ül	NOUN	-
Super	NOUN	-
Up	NOUN	-
abilities	NOUN	-
adeta	NOUN	-
adli	NOUN	-
admittans	NOUN	-
against	NOUN	-
age	NOUN	-
aktarıcı	NOUN	-
albedo	NOUN	-
albendazol	NOUN	-
allies	NOUN	-
almışlardır	NOUN	-
altfamilyasına	NOUN	-
alıcısı	NOUN	-
alırlardı	NOUN	-
amirali	NOUN	-
amount	NOUN	-
anadili	NOUN	-
anakara	NOUN	-
analitiği	NOUN	-
anlaşmazlık	NOUN	-
anlaşmazlıklar	NOUN	-
anlaşmazlıkların	NOUN	-
anlaşmazlığa	NOUN	-
anlaşmazlığı	NOUN	-
ans	NOUN	-
antienflamatuvar	NOUN	-
antikuark	NOUN	-
antiplatelet	NOUN	-
apendiks	NOUN	-
aq	NOUN	-
arabirimi	NOUN	-
arabuluculuk	NOUN	-
araknoid	NOUN	-
arguta	NOUN	-
article	NOUN	-
asteroit	NOUN	-
atriyoventriküler	NOUN	-
atriyum	NOUN	-
atriyuma	NOUN	-
atriyumda	NOUN	-
atriyumun	NOUN	-
atrocyanea	NOUN	-
attacks	NOUN	-
aus	NOUN	-
aux	NOUN	-
avec	NOUN	-
award	NOUN	-
aşağılayıcı	NOUN	-
bahseder	NOUN	-
bahsi	NOUN	-
bahşı	NOUN	-
bass	NOUN	-
battle	NOUN	-
batımından	NOUN	-
başlamışlardır	NOUN	-
başlıcaları	NOUN	-
başlıyor	NOUN	-
başrolde	NOUN	-
başrollerinde	NOUN	-
başrollerini	NOUN	-
başrolü	NOUN	-
başrolünde	NOUN	-
başrolünü	NOUN	-
beIN	NOUN	-
bei	NOUN	-
bekannten	NOUN	-
belirtmişlerdir	NOUN	-
bhp	NOUN	-
bilimkurgu	NOUN	-
bilinmiyor	NOUN	-
bilinmiyordu	NOUN	-
billion	NOUN	-
biography	NOUN	-
birbirleri	NOUN	-
birbirlerinden	NOUN	-
birbirlerine	NOUN	-
birbirlerini	NOUN	-
birbirlerinin	NOUN	-
biyometrik	NOUN	-
biyoyakıt	NOUN	-
bkz	NOUN	-
black	NOUN	-
bonus	NOUN	-
book	NOUN	-
books	NOUN	-
born	NOUN	-
bozonu	NOUN	-
bulunacağını	NOUN	-
bulunmuşlardır	NOUN	-
bölük	NOUN	-
büyüleyici	NOUN	-
camera	NOUN	-
camii	NOUN	-
campagne	NOUN	-
campagnes	NOUN	-
camu	NOUN	-
cannot	NOUN	-
capture	NOUN	-
catechu	NOUN	-
cello	NOUN	-
cemaati	NOUN	-
cemaatinin	NOUN	-
cent	NOUN	-
ceratopsian	NOUN	-
chamomilla	NOUN	-
chaotic	NOUN	-
charge	NOUN	-
che	NOUN	-
chronologie	NOUN	-
clan	NOUN	-
collaboration	NOUN	-
constitutionnel	NOUN	-
corsa	NOUN	-
country	NOUN	-
cover	NOUN	-
cumhurbaşkanları	NOUN	-
cv	NOUN	-
d'Axoum	NOUN	-
d'Italia	NOUN	-
d'honneur	NOUN	-
d'une	NOUN	-
daimi	NOUN	-
damage	NOUN	-
damızlık	NOUN	-
dan	NOUN	-
das	NOUN	-
death	NOUN	-
degli	NOUN	-
dei	NOUN	-
della	NOUN	-
delle	NOUN	-
demiryolları	NOUN	-
demiryolu	NOUN	-
demoscene	NOUN	-
dendritik	NOUN	-
derhal	NOUN	-
des	NOUN	-
destekliyor	NOUN	-
devrederek	NOUN	-
di	NOUN	-
die	NOUN	-
dikkati	NOUN	-
dikkatini	NOUN	-
dikkatle	NOUN	-
dikkatleri	NOUN	-
dilbilim	NOUN	-
dilbilimci	NOUN	-
dioksit	NOUN	-
dir	NOUN	-
diskografisi	NOUN	-
disülfür	NOUN	-
diyerek	NOUN	-
dk	NOUN	-
dl	NOUN	-
doğalgaz	NOUN	-
draft	NOUN	-
drawings	NOUN	-
dresaj	NOUN	-
droit	NOUN	-
du	NOUN	-
due	NOUN	-
dynamical	NOUN	-
döneceğini	NOUN	-
dükkanında	NOUN	-
dır	NOUN	-
ed	NOUN	-
edebileceği	NOUN	-
edebileceğini	NOUN	-
edeceği	NOUN	-
edeceğini	NOUN	-
edemez	NOUN	-
edenler	NOUN	-
edenlerin	NOUN	-
edileceği	NOUN	-
edilmişlerdir	NOUN	-
edited	NOUN	-
edition	NOUN	-
ediyor	NOUN	-
ediyordu	NOUN	-
ediyorum	NOUN	-
eds	NOUN	-
egzersiz	NOUN	-
egzersizinde	NOUN	-
ein	NOUN	-
eksfoliasyon	NOUN	-
elf	NOUN	-
embriyonik	NOUN	-
emeği	NOUN	-
emici	NOUN	-
emilim	NOUN	-
emiri	NOUN	-
emreder	NOUN	-
enda	NOUN	-
enemy	NOUN	-
entre	NOUN	-
epizodik	NOUN	-
epoksi	NOUN	-
etkileyici	NOUN	-
etmektedirler	NOUN	-
etmişlerdir	NOUN	-
euro	NOUN	-
evsel	NOUN	-
ezici	NOUN	-
eğitici	NOUN	-
eşcinsel	NOUN	-
farkındalık	NOUN	-
feat	NOUN	-
featuring	NOUN	-
feet	NOUN	-
festivale	NOUN	-
festivali	NOUN	-
festivalidir	NOUN	-
festivalin	NOUN	-
festivalinde	NOUN	-
fethi	NOUN	-
fethinden	NOUN	-
filmografi	NOUN	-
finalde	NOUN	-
finalden	NOUN	-
finale	NOUN	-
finali	NOUN	-
finalin	NOUN	-
finalinde	NOUN	-
finaline	NOUN	-
finaller	NOUN	-
finallerde	NOUN	-
finallere	NOUN	-
finallerinde	NOUN	-
finallerine	NOUN	-
flute	NOUN	-
fouilles	NOUN	-
four	NOUN	-
française	NOUN	-
ft	NOUN	-
für	NOUN	-
galibi	NOUN	-
game	NOUN	-
gangsta	NOUN	-
gastrointestinal	NOUN	-
gay	NOUN	-
gazyağı	NOUN	-
gelmişlerdir	NOUN	-
generali	NOUN	-
generaller	NOUN	-
generalleri	NOUN	-
gerçel	NOUN	-
getirmişlerdir	NOUN	-
geçmiyor	NOUN	-
giderici	NOUN	-
gluon	NOUN	-
gluonlar	NOUN	-
go	NOUN	-
golcü	NOUN	-
gole	NOUN	-
golle	NOUN	-
golleri	NOUN	-
golleriyle	NOUN	-
gollerle	NOUN	-
golü	NOUN	-
golün	NOUN	-
golünü	NOUN	-
golüyle	NOUN	-
grand	NOUN	-
gökada	NOUN	-
gökadadır	NOUN	-
gökadanın	NOUN	-
görselleri	NOUN	-
görüleceği	NOUN	-
güzergahı	NOUN	-
hadronlar	NOUN	-
hadronların	NOUN	-
hakimiyet	NOUN	-
hakimiyeti	NOUN	-
hakimiyetine	NOUN	-
halihazırda	NOUN	-
hallerde	NOUN	-
halleri	NOUN	-
hapse	NOUN	-
hapsine	NOUN	-
harfi	NOUN	-
harfleri	NOUN	-
harfleriyle	NOUN	-
harmony	NOUN	-
hat-trick	NOUN	-
havaalanlarında	NOUN	-
havalimanlarında	NOUN	-
havayolu	NOUN	-
have	NOUN	-
hayali	NOUN	-
hayli	NOUN	-
hayranı	NOUN	-
healing	NOUN	-
heavenly	NOUN	-
heavy	NOUN	-
hepatik	NOUN	-
hidrolik	NOUN	-
hiper	NOUN	-
hipoplazisi	NOUN	-
hipotalamik	NOUN	-
hipotalamusun	NOUN	-
history	NOUN	-
hiyanus	NOUN	-
hoşnutsuzluk	NOUN	-
hp	NOUN	-
hükümet	NOUN	-
hükümeti	NOUN	-
iOS	NOUN	-
iPhone	NOUN	-
iPod	NOUN	-
iTunes	NOUN	-
ibn	NOUN	-
ibn-i	NOUN	-
idi	NOUN	-
idiler	NOUN	-
ihtimali	NOUN	-
ihtimalini	NOUN	-
ihtimalle	NOUN	-
ikonik	NOUN	-
illüstratör	NOUN	-
imkan	NOUN	-
inandırıcı	NOUN	-
includes	NOUN	-
indüksiyon	NOUN	-
inferior	NOUN	-
integralleri	NOUN	-
interview	NOUN	-
intestinal	NOUN	-
introduction	NOUN	-
ipucu	NOUN	-
iskan	NOUN	-
isme	NOUN	-
ismi	NOUN	-
ismin	NOUN	-
isminde	NOUN	-
isminden	NOUN	-
ismine	NOUN	-
ismini	NOUN	-
isminin	NOUN	-
ismiyle	NOUN	-
ist	NOUN	-
istiyor	NOUN	-
istiyordu	NOUN	-
iyileştirici	NOUN	-
izleyici	NOUN	-
izleyiciler	NOUN	-
işbirliği	NOUN	-
işbirliğine	NOUN	-
işbirliğini	NOUN	-
işgali	NOUN	-
işgalinden	NOUN	-
işgaline	NOUN	-
işleci	NOUN	-
iştiraki	NOUN	-
ja	NOUN	-
jeokimyasal	NOUN	-
justify	NOUN	-
kW	NOUN	-
kWh	NOUN	-
kabulü	NOUN	-
kalacağı	NOUN	-
kalbe	NOUN	-
kalbi	NOUN	-
kalbin	NOUN	-
kalpte	NOUN	-
kapasitif	NOUN	-
kapsıyordu	NOUN	-
kapıkulu	NOUN	-
karayolu	NOUN	-
karboksilik	NOUN	-
karmamudra	NOUN	-
karşıtları	NOUN	-
karşıtı	NOUN	-
kase	NOUN	-
kataloğu	NOUN	-
katedrali	NOUN	-
katenin	NOUN	-
katili	NOUN	-
katilin	NOUN	-
katılacağı	NOUN	-
kaybeden	NOUN	-
kaybeder	NOUN	-
kaybederek	NOUN	-
kaybederken	NOUN	-
kaybederler	NOUN	-
kaybedince	NOUN	-
kaydeden	NOUN	-
kaydını	NOUN	-
kazanmışlardır	NOUN	-
kağıda	NOUN	-
kağıdı	NOUN	-
kağıt	NOUN	-
kaşifi	NOUN	-
kerosen	NOUN	-
keyfi	NOUN	-
keşfeden	NOUN	-
keşfeder	NOUN	-
keşfederek	NOUN	-
kg	NOUN	-
kg'da	NOUN	-
kireçtaşı	NOUN	-
kitlesel	NOUN	-
klopidogrel	NOUN	-
klopidogrelin	NOUN	-
km	NOUN	-
km'den	NOUN	-
km'dir	NOUN	-
km'lik	NOUN	-
kn	NOUN	-
koligatif	NOUN	-
kollajen	NOUN	-
koroid	NOUN	-
kraniyal	NOUN	-
kriller	NOUN	-
kristalin	NOUN	-
kristaller	NOUN	-
ktoe	NOUN	-
kullanmışlardır	NOUN	-
kurmuşlardı	NOUN	-
kurmuşlardır	NOUN	-
kutbunda	NOUN	-
kuşatıcı	NOUN	-
laminat	NOUN	-
lar	NOUN	-
las	NOUN	-
lb	NOUN	-
lecture	NOUN	-
lepton	NOUN	-
ler	NOUN	-
les	NOUN	-
liceale	NOUN	-
lisansüstü	NOUN	-
los	NOUN	-
m'dir	NOUN	-
magister	NOUN	-
mali	NOUN	-
malikane	NOUN	-
malikanesinde	NOUN	-
mare	NOUN	-
mareşali	NOUN	-
maruziyet	NOUN	-
mastering	NOUN	-
mater	NOUN	-
materyaller	NOUN	-
mayoz	NOUN	-
mekan	NOUN	-
mekanda	NOUN	-
mekanı	NOUN	-
melee	NOUN	-
mensubu	NOUN	-
mensupları	NOUN	-
mensuplarına	NOUN	-
mensuplarının	NOUN	-
metropolitan	NOUN	-
mevkiinde	NOUN	-
miksaj	NOUN	-
miliardi	NOUN	-
militum	NOUN	-
milletvekilleri	NOUN	-
milletvekillerinin	NOUN	-
mm	NOUN	-
mm'dir	NOUN	-
monde	NOUN	-
moralini	NOUN	-
mph	NOUN	-
mu	NOUN	-
muadili	NOUN	-
muhafazakar	NOUN	-
music	NOUN	-
mühimme	NOUN	-
mülteci	NOUN	-
mülteciler	NOUN	-
mültecilerin	NOUN	-
müon	NOUN	-
müttefiki	NOUN	-
müttefikleri	NOUN	-
müzikali	NOUN	-
mı	NOUN	-
nach	NOUN	-
nad	NOUN	-
nationale	NOUN	-
nde	NOUN	-
nden	NOUN	-
nefli	NOUN	-
nel	NOUN	-
nicht	NOUN	-
nitelikler	NOUN	-
nitelikli	NOUN	-
nitelikte	NOUN	-
niteliği	NOUN	-
nitrür	NOUN	-
niveau	NOUN	-
nm	NOUN	-
nos	NOUN	-
notes	NOUN	-
novel	NOUN	-
now	NOUN	-
numelerinde	NOUN	-
nın	NOUN	-
oblast	NOUN	-
oblastlarının	NOUN	-
oder	NOUN	-
official	NOUN	-
ogene	NOUN	-
okuyucu	NOUN	-
olağandışı	NOUN	-
olmayacağını	NOUN	-
omurilik	NOUN	-
onbirde	NOUN	-
one	NOUN	-
online	NOUN	-
or	NOUN	-
orchestra	NOUN	-
organofosfat	NOUN	-
original	NOUN	-
ou	NOUN	-
oybirliğiyle	NOUN	-
oynatıcı	NOUN	-
oynayacağı	NOUN	-
oynuyor	NOUN	-
oynuyordu	NOUN	-
palazzo	NOUN	-
paleontolog	NOUN	-
papiller	NOUN	-
par	NOUN	-
paramiliter	NOUN	-
part	NOUN	-
passion	NOUN	-
patlayıcı	NOUN	-
percussion	NOUN	-
perfüzyon	NOUN	-
period	NOUN	-
phaeopus	NOUN	-
pia	NOUN	-
piano	NOUN	-
picrodontid	NOUN	-
pinyin	NOUN	-
pit	NOUN	-
pite	NOUN	-
pl	NOUN	-
planlıyor	NOUN	-
plasebo	NOUN	-
play	NOUN	-
play-off	NOUN	-
player	NOUN	-
players	NOUN	-
playoff	NOUN	-
plc	NOUN	-
pleksus	NOUN	-
plus	NOUN	-
pol	NOUN	-
politica	NOUN	-
politique	NOUN	-
politiques	NOUN	-
portrait	NOUN	-
posterior	NOUN	-
pour	NOUN	-
pp	NOUN	-
praefectus	NOUN	-
prefektörlüğü	NOUN	-
prefektörlüğün	NOUN	-
prefektörlüğünde	NOUN	-
premier	NOUN	-
productus	NOUN	-
propos	NOUN	-
psikiyatrik	NOUN	-
published	NOUN	-
pulmoner	NOUN	-
punk	NOUN	-
pygmaea	NOUN	-
radyal	NOUN	-
rapçi	NOUN	-
rassal	NOUN	-
rayon	NOUN	-
rayonu	NOUN	-
reddeden	NOUN	-
reddeder	NOUN	-
reddederek	NOUN	-
regolit	NOUN	-
renal	NOUN	-
repesaj	NOUN	-
report	NOUN	-
resmedilmiştir	NOUN	-
reyting	NOUN	-
ribaund	NOUN	-
ribaunt	NOUN	-
ritmi	NOUN	-
rjes	NOUN	-
rock	NOUN	-
rolde	NOUN	-
roller	NOUN	-
rollerde	NOUN	-
rostral	NOUN	-
round	NOUN	-
royale	NOUN	-
rüzgar	NOUN	-
saate	NOUN	-
saati	NOUN	-
saatle	NOUN	-
saatlik	NOUN	-
saatte	NOUN	-
saga	NOUN	-
samplelar	NOUN	-
sanayii	NOUN	-
santrali	NOUN	-
santraller	NOUN	-
santrallerde	NOUN	-
santralleri	NOUN	-
sati	NOUN	-
saçınım	NOUN	-
sağlamışlardır	NOUN	-
sağlıyor	NOUN	-
sağlıyordu	NOUN	-
sciences	NOUN	-
see	NOUN	-
semboller	NOUN	-
sembolleri	NOUN	-
sembollerinden	NOUN	-
sembolü	NOUN	-
sembolün	NOUN	-
sembolünün	NOUN	-
senza	NOUN	-
septum	NOUN	-
series	NOUN	-
seçeceği	NOUN	-
short	NOUN	-
shunt	NOUN	-
sinensis	NOUN	-
single'ları	NOUN	-
single'ı	NOUN	-
single'ını	NOUN	-
sinkrotron	NOUN	-
sinoatriyal	NOUN	-
skorer	NOUN	-
soluk	NOUN	-
some	NOUN	-
sondage	NOUN	-
soundtrack	NOUN	-
soyağacı	NOUN	-
sp	NOUN	-
species	NOUN	-
stand-up	NOUN	-
station	NOUN	-
stilize	NOUN	-
story	NOUN	-
subaraknoid	NOUN	-
superior	NOUN	-
synth	NOUN	-
synthesizer	NOUN	-
söylüyor	NOUN	-
süpernova	NOUN	-
sürmüşlerdir	NOUN	-
sıbyan	NOUN	-
taktiksel	NOUN	-
team	NOUN	-
teatral	NOUN	-
temps	NOUN	-
temsilen	NOUN	-
terminali	NOUN	-
teselli	NOUN	-
tesla	NOUN	-
textes	NOUN	-
thrash	NOUN	-
three	NOUN	-
till	NOUN	-
tir	NOUN	-
titanyum	NOUN	-
tivibu	NOUN	-
toksisitesi	NOUN	-
toros	NOUN	-
translated	NOUN	-
tre	NOUN	-
trick	NOUN	-
triküspit	NOUN	-
troponin	NOUN	-
truvaları	NOUN	-
turbojet	NOUN	-
tv-dizisi	NOUN	-
two	NOUN	-
tüketici	NOUN	-
tıbbı	NOUN	-
uncredited	NOUN	-
und	NOUN	-
unvan	NOUN	-
unvandır	NOUN	-
unvanlar	NOUN	-
unvanları	NOUN	-
unvanı	NOUN	-
unvanına	NOUN	-
unvanını	NOUN	-
unvanıyla	NOUN	-
up	NOUN	-
usulü	NOUN	-
usulüne	NOUN	-
uyuşturucu	NOUN	-
uçucu	NOUN	-
vasal	NOUN	-
vasalı	NOUN	-
vasküler	NOUN	-
vb	NOUN	-
ventrikül	NOUN	-
ventriküle	NOUN	-
ventriküler	NOUN	-
ventriküller	NOUN	-
ventriküllerin	NOUN	-
ventrikülün	NOUN	-
vermişlerdir	NOUN	-
version	NOUN	-
vie	NOUN	-
village	NOUN	-
vinil	NOUN	-
violin	NOUN	-
voice	NOUN	-
vokali	NOUN	-
vokaller	NOUN	-
vokalleri	NOUN	-
vol	NOUN	-
vols	NOUN	-
vom	NOUN	-
vs	NOUN	-
website	NOUN	-
websitesi	NOUN	-
western	NOUN	-
what	NOUN	-
works	NOUN	-
yako	NOUN	-
yapacağı	NOUN	-
yapacağını	NOUN	-
yapmaktadırlar	NOUN	-
yapmışlardır	NOUN	-
yapılacağı	NOUN	-
yapılacağını	NOUN	-
yasadışı	NOUN	-
yağlıboya	NOUN	-
yaşamaktadırlar	NOUN	-
year	NOUN	-
yerleşmişlerdir	NOUN	-
yetiştiriciliği	NOUN	-
yetmezliği	NOUN	-
yi	NOUN	-
yiyen	NOUN	-
yorgunluk	NOUN	-
you	NOUN	-
your	NOUN	-
yurtdışına	NOUN	-
yurtdışında	NOUN	-
yy	NOUN	-
yönetici	NOUN	-
yöneticiler	NOUN	-
yöneticilik	NOUN	-
yürürlükte	NOUN	-
yürürlükteki	NOUN	-
yürürlükten	NOUN	-
yürürlüğe	NOUN	-
yüzölçümü	NOUN	-
yüzölçümüne	NOUN	-
yı	NOUN	-
yıldönümü	NOUN	-
yıldönümünde	NOUN	-
za	NOUN	-
zavallı	NOUN	-
zorundadırlar	NOUN	-
zu	NOUN	-
zur	NOUN	-
zweiflügeligen	NOUN	-
çalışmaktadırlar	NOUN	-
çev	NOUN	-
çevrimiçi	NOUN	-
çokluk	NOUN	-
çözünürlüğe	NOUN	-
çıkmışlardır	NOUN	-
öldürücü	NOUN	-
önizleme	NOUN	-
önleyici	NOUN	-
öğütücüler	NOUN	-
öğütücülerin	NOUN	-
üretici	NOUN	-
üreticileri	NOUN	-
üreticisi	NOUN	-
üreticisidir	NOUN	-
üssü	NOUN	-
üssün	NOUN	-
üzerlerine	NOUN	-
ıssız	NOUN	-
şamazulen	NOUN	-
şant	NOUN	-
şantın	NOUN	-
şikayet	NOUN	-
şişkinlik	NOUN	-
